:10000000D8680020C91B0000F7A80000B51B00003D
:10001000B51B0000B51B0000B51B00000000000070
:10002000000000000000000000000000011C0000B3
:10003000B51B000000000000D11D0000B51B000032
:100040003D1E00003D1E00003D1E00003D1E000044
:100050003D1E00003D1E00003D1E00003D1E000034
:100060003D1E00003D1E00003D1E00003D1E000024
:100070003D1E00003D1E00003D1E00003D1E000014
:100080003D1E00003D1E00003D1E00003D1E000004
:100090003D1E00003D1E00003D1E00003D1E0000F4
:1000A0003D1E00003D1E00003D1E00003D1E0000E4
:1000B0003D1E00003D1E00003D1E00003D1E0000D4
:1000C0003D1E00003D1E00003D1E00003D1E0000C4
:1000D0003D1E00003D1E00003D1E00003D1E0000B4
:1000E0003D1E00003D1E00003D1E00003D1E0000A4
:1000F0003D1E00003D1E00003D1E00003D1E000094
:1001000010F8012B11F8013B012A28BF9A42F7D0C1
:10011000D01A7047034613F8012B002AFBD1181A96
:10012000013870472DE9F04383B00B78082B00AFFE
:100130000C4603D14649606806F0FAF92378092B8A
:1001400011D10023C7E900336468A3681B6D73B144
:100150003A46042120469847034658B13D4A3E4856
:10016000022109F07EFA0C37BD46BDE8F0836FF03E
:100170005703F3E7A3681B6D3BB13A1D02212046EC
:100180009847034620B1354AE9E76FF05703FAE78D
:100190003E68334CD7F804802378B6F1000918BFC5
:1001A0004FF00109B8F1000518BF012513B16378BC
:1001B0004B4520D0B6FA86F12A48490909F03EFAA3
:1001C000002E3ED02849294B6E468AB06A46284800
:1001D0000793284B0893284BCDE9050142F8103FBF
:1001E00000231D484FF4235100F060FF0123B54662
:1001F000237084F80190214C237813B16378AB42CB
:10020000B1D01F48294609F019FAB8F1000F1BD0E8
:1002100015491C4B6E468AB06A461B480793154B1E
:100220000893154BCDE9050142F8103F00230A4819
:100230004FF4235100F03AFF0123B5462370657057
:1002400091E71249124BBFE71049124BE2E700BF9A
:10025000FCD200001ED9000098D500003AD9000059
:100260004252002090D6000005D90000FAD80000C4
:1002700056D9000000020103040000024052002091
:1002800088D6000080E600006BD9000003D900008A
:100290000ED9000015D9000013B550480CF098FA9B
:1002A00048B94F4A4F4801210AF04BFA6FF0120447
:1002B000204602B010BD49480CF08AFA08B94A4AF3
:1002C000F0E746484FF40032102109F09CF904464B
:1002D00030B1464A03464348012109F0C2F9E7E735
:1002E0004348012109F0AAF904460028E0D1414A17
:1002F0003A48182109F087F9044610B13E4A0346EE
:10030000E9E701463D4809F099F904460028CFD1B4
:100310003B4A344803210AF014FA3A493A480AF0B1
:100320003DFC044610B1394A0346D4E73849364803
:100330000AF034FC044610B1364A0346CBE736498E
:1003400031480AF02BFC044610B1344A0346C2E798
:100350000146334A2C4803F0E1F9044610B1314A12
:100360000346B8E7002328480122194603F02EFB74
:10037000044610B12C4A0346ADE703460246014647
:10038000009021480AF077FB1F4801210AF097FBF3
:1003900026491D480AF0CDFE044610B1244A034602
:1003A00099E7194802F010F8044610B1214A0346B3
:1003B00091E7154802F048F8044610B11E4A03467A
:1003C00089E71E4A074803210AF0BBF94FF0FF31C5
:1003D0004FF0FF300CF03BFD6AE700BF70D2000029
:1003E0007ED9000098D5000095D90000AAD9000058
:1003F00090D6000007000200CFD9000088D6000088
:10040000F2D900002C0100201005002023DA0000A2
:10041000140100204EDA0000FC0000207DDA00000C
:10042000D0000020A7DA0000D7DA00002501000084
:10043000FFDA000031DB000062DB00008FDB000030
:100440002DE9F84F8A4600AF002974D004680E1FCA
:10045000361BF50826F0070604EB0608B8F802B0CC
:100460001BF0010B16D1E94688B06A46334BCDE943
:100470000531032342F8103F31485B464FF4C25127
:1004800000F014FECD468BF31188BFF36F8F042369
:10049000184602DF2946204609F0E5F8284434F8DA
:1004A0003030C01A854217D0E94688B06A46254BDD
:1004B000CDE9053A032342F8103F214800234FF4C9
:1004C000C25100F0F3FD0023CD4683F31188BFF342
:1004D0006F8F0423184602DFB8F8023023F00103BF
:1004E000A8F802302946204609F0BDF805EB0008BF
:1004F00004EBC8035B88DA0708D44146204609F0BC
:10050000FBF842462946204609F03BF9A65BAE1BA4
:1005100004EBC6035B88DB0709D43146204609F0AB
:10052000EBF82A463146204609F02BF93546294694
:10053000204609F09DF8BD46BDE8F88F11DC0000AB
:10054000E0D50000E8DB000008B5024809F026FC11
:10055000002008BD3EDC00000E4A9042034602D354
:100560000D4A904211D30D4A22B1934202D30C4A54
:1005700093420AD30B4A52B10B48834234BF012045
:100580000020934238BF002070470120704710467A
:10059000704700BFB0D100006CF200000000000006
:1005A0000000000000000000000000002DE9F04FF6
:1005B0009BB000AF0446D7F890A0FA637B638B46EC
:1005C00049B903784678807800EB830020445E4583
:1005D00022D8A0EB040B0AF0010394F80280FB621E
:1005E000E3783B63B8F1000F0CBF4FF000090AF04D
:1005F000010913B11AF0020F17D1B9F1000F14D18C
:10060000FB6B1BB17A6B5946204698475D462846DE
:100610006C37BD46BDE8F08F451C2846FFF77AFDD4
:10062000013028440BF1010BD1E7CAF3C003FB6191
:100630002378BB629B00BB6163683B62BB6A04EBCF
:100640008301FB6B002B7DD15D468844B9F1000F1F
:100650001DD0A94E8B4699461BF8013B54F8230048
:10066000002808BF3046FFF755FDD7F89430013019
:100670004BB1D7F898304B4582BFD7F8943023F868
:10068000190009F10109C3450544E5D1D8461AF01E
:10069000050F0AF002030CBF4FF0020B4FF0010BE5
:1006A0000026FB633B6B9E42B1D298F8013054F8B0
:1006B00023A05046FFF750FFFA6908F102080346ED
:1006C00002B3B86318F8021C386A09F048FBBB6B28
:1006D000C0B1EA468AB06A46884B05933B6ACDE9C9
:1006E00006314FF40073ADF82030854B42F8103FCF
:1006F000844800234FF4125100F0D8FC023DD54647
:100700000136CFE723B1FB6A2BB9A5EB0B05F7E761
:10071000FB6B002BF4D07848BAF1000F18BF50469D
:10072000FFF7F8FCD7F8943053B1D7F898309945D3
:100730003FBFD7F89420431C22F8193009F1010972
:100740000544DDE7B9F1000F6CD04346102B28BFFC
:100750001023BB6397F8389007F148000026BA6B66
:1007600079620CF0A4FC796A00227A620AF0020233
:1007700001EB08033A610AF004027B61FA6002337C
:100780007A6A396B8A4266D36378F96A7B621AF0B7
:10079000020F4B44DBB20CBF72080022002940F06C
:1007A000A9801AF0040F14BF314600216370A170B4
:1007B000E270B9697A6BFB6B20469847051EFFF61D
:1007C00026AFBB6A23707B6A63703B6BE370314674
:1007D0007A6BFB6B84F8028007F158009847061E7D
:1007E000C0F2C4803A6BBB69386B03EB4203ABEBDE
:1007F0000301D7E90D23C91A7B6903EB4000FB6BAA
:1008000098470028C0F2B4802E4435184FF00008F5
:1008100007F1480AC84577D300217A6BFB6B08467D
:100820009847F4E6B8F1000F0CD01AF0040F0ED080
:100830004346102B28BF1023BB6397F8386007F19D
:1008400058008CE7C7F838804646C1468CE7C7F8A1
:1008500038804E4688E713F8015C13F8021C54F800
:100860002500BB60FFF778FE0246F869BB6838B127
:10087000386AC7E9013209F072FAD7E90132F0B9F2
:1008800012B3FA6A72B1B9F10F0F18D809F1280141
:1008900007F14000014409F1010201F8205C5FFA10
:1008A00082F90CE0FA6852B10F2E08D806F128013F
:1008B00007F14000721C0E1806F8105CD6B27A6A76
:1008C00001327A6202335BE73A69002ADBD10F2EEC
:1008D000F5D806F1280007F1400C6044721C00F8BE
:1008E000101C07F1680151FA82F20236F6B202F8E2
:1008F000105CE4E7002159E77ADC000081DC0000AD
:100900000400000188D5000018F80A3087F8473045
:1009100054F823B0D7F8943033B3D7F898309845CB
:1009200022D2D7F8943033F818607A6BFB6B012130
:1009300007F14700984700281ADB0E4B0544BBF12E
:10094000000F08BF9B4626B95846FFF7E3FB461C3D
:10095000B6B27A6BFB6B314658469847002807DBE6
:10096000054408F1010855E70026DEE735464EE666
:1009700005464CE67ADC0000014B1860704700BF6A
:10098000440100202DE9F047058B0446280717464F
:100990000CD501290CBF45F0100545F02005258335
:1009A00087F31188BFF36F8FBDE8F087022905F048
:1009B000070540F09480204609F083FC052864D8A0
:1009C00001A353F820F000BFA1090000DF0A0000D6
:1009D0008B0A00004D0A0000670A0000790A000037
:1009E00001F007035A1F012A1FD8002221F0070136
:1009F000062BD4F8008089B2C4E9002209D143460D
:100A000003E0628B013262831B68002BF9D141F055
:100A100002012183204609F054FC4FF00009002810
:100A20006DD041F02001218369E0042B0AD121F02F
:100A3000070189B22183204609F043FC10B141F03F
:100A4000200121834FF00008C14658E02369D3F804
:100A50000090238B23F0070343F0060323834FF01A
:100A6000000846464BE02369D3F80490238B23F01B
:100A7000070343F00403F1E72369D3F80890238BBD
:100A800023F0070343F00503E8E74FF00008C146F1
:100A9000E7E7012243F00803238387F31188BFF3BC
:100AA0006F8F002A3BD1B8F1000F4AD1B9F1000F86
:100AB00002D02D492046C847EFF31187202383F346
:100AC0001288BFF36F8F238B23F008039BB223831D
:100AD000D9063FD523F01002228303F0070566698B
:100AE000218B002EBFF67CAF0023D4F8008021F0CC
:100AF0000701C4E9003341F0010121839946238BAA
:100B000003F0070AAA4502D0A268002AC1D1B8F1B1
:100B1000000F02D1B9F1000FDAD00022BAE7A168C4
:100B20000029C0D00D680029BDD04F683346524619
:100B30002046B8471DB12B6829461D46F3E72B46D2
:100B4000FAE74146334652462046D8F8008009F07D
:100B5000E4FBA8E79A067FF523AF23F02002228367
:100B600003F0070527E700BF47A300002DE9F04782
:100B7000DFF85480044607464FF0010994FAA4F5C3
:100B8000B5FA85F509FA05F32E0108EB05156FEAAC
:100B9000030A24EA03042B7B63B158F806301B696F
:100BA0006BB94644042273682846196807EA0A07A5
:100BB00009F057FD002CE1D13846BDE8F087284602
:100BC00098470028F6D1ECE770D6000010B50F4921
:100BD0000F4888B000220CF0DAF900220023CDE99A
:100BE000062300240E23CDE90334CDE90144094B4B
:100BF000094900944FF44072084807F0FDFB08498A
:100C000006480CF046F8204608B010BD250C000040
:100C1000380A0020550F000098520020A805002037
:100C200040DD0000014807F0A7B800BFC80400205D
:100C30002DE9F047804621480F4609F0F2FC0646B0
:100C4000002833D000252846BDE8F087237B83B1F8
:100C50002368DB680BB120469847636883F80690E9
:100C600023681B69D3B9636804221968204609F018
:100C7000F8FC013610345445E8D3B8F1000FE2D047
:100C8000002DDFD02846FFF771FF0546002FF7D073
:100C900000214FF4A4700CF0DAF8F1E720469847F1
:100CA0000028E0D009FA06F31D43E2E7044CDFF820
:100CB00014A005464FF00109DDE700BF100E00202B
:100CC00070D6000080D60000014B53F8200070471A
:100CD000ACD6000008B5034608462BB1044A1360A1
:100CE00000F056FC002008BD6FF01500FBE700BFC8
:100CF0004801002010B5044C237813B9034807F0CD
:100D00003BF80123237010BD44520020C80400208A
:100D100010B504460B4809F084FC5CB1BFF35B8F4F
:100D2000094B53E8001F013943E80012002AF8D1AB
:100D3000BFF35B8F054808F05FF90548BDE8104038
:100D400007F01AB8080E00200C0E0020380A002008
:100D5000C8040020064BBFF35B8F002253E8000F4E
:100D600043E800210029F9D1BFF35B8F704700BF32
:100D7000080E002070B5FFF7EDFF084C084E054641
:100D8000B44200D370BD63685B792BB123685B68A4
:100D900013B12946204698471034F1E770D6000079
:100DA00080D6000010B5044C0449204609F003F930
:100DB000034B1C6010BD00BF2404002098D6000027
:100DC000000E00200D4A0E48002310B513700D4A86
:100DD00013600D4A4FF400411360FFF77BFFFFF7EC
:100DE000E1FF0A4B0A4918468B4200D310BD1A1A7C
:100DF0005C681211013222711033F5E74552002070
:100E00001FA60000080E00200C0E002070D6000067
:100E100080D60000014600220148002309F0ECB80A
:100E200024040020014809F083B900BF24040020F5
:100E3000024B0146186809F0D6B900BF000E002029
:100E4000014809F00BBA00BF2404002070B52A4BFA
:100E50001B78002B4ED0FFF7E5FF0446002846D153
:100E6000264B274D1B68002B19DD0CF048F84FF47A
:100E70007A76A0FB063206FB0121D5E90020DB0BC8
:100E800043EA41439B1A4FEAD13140F2E93261EB28
:100E90000001934271F1000101D3FFF76BFFD5E927
:100EA000003213F57A7342F10002C5E900320CB347
:100EB000BDE87040FFF7C4BF6B685B7923B12B6856
:100EC00021461B68284698471035B542F4D3204682
:100ED000FFF7AEFFBFF35B8F0A4B53E8001F0139EA
:100EE00043E80012002AF8D1BFF35B8FB8E7064D44
:100EF000064EEAE7002070BD44520020080E002094
:100F0000300A00200C0E002070D6000080D60000B1
:100F100070B50D4D297861B90120FFF789FE0B4CA2
:100F20000B4EB44206D3FFF791FF0028FBD10123FB
:100F30002B7070BD63685B791BB1236820469B688A
:100F400098471034EDE700BF4552002070D60000EE
:100F500080D6000000212DE9F8430846FFF768FE1F
:100F6000044648B340F267684FF0000900F078FF8C
:100F70001A4B1B4A1B58136033B11A4B1B68092BC1
:100F800002DD194806F0F8FE184F002544B120464E
:100F9000FFF7ECFD044618B94FF0FF384FF0FF396A
:100FA000FFF754FF064628B9B5B90F4842464B46ED
:100FB00006F018FF3546E9E74FF0FF384FF0FF39EC
:100FC000D4E72B689B691BB100221146284698473D
:100FD0001035BD42F5D3E8E7054DFAE708000000FB
:100FE000040E00200C0E0020C804002080D6000053
:100FF00070D6000013B5184809F013FB174B1B7887
:1010000073B1EFF31184202383F31288BFF36F8F42
:10101000FFF71CFF84F31188BFF36F8F02B010BD80
:101020000F4B1B68002BF9D050B900220023CDE9EB
:1010300000230C484FF40042002307F0B7FFEDE710
:101040000928EBD1074807F0D7FF074802B0BDE8F1
:10105000104006F091BE00BF0C0E0020455200204B
:10106000040E0020380A0020C804002010B5064BEA
:101070001B68044698472146A060044809F039F8E7
:10108000BDE81040FFF7B6BF48010020240400204F
:10109000044A054B9B1AB1EBD30F34BF52F8310011
:1010A0000020704788D5000070D600002DE9F04F71
:1010B0008FB004AFC1F34A26B8600D4690467B60FE
:1010C0000C0D002E61D04FF000090A234FF0040BE5
:1010D00007F1140AFE60C7E90799C7F82490009346
:1010E000CDF808B0CDF804A007F11C03F9684A4612
:1010F0004046FFF75BFAB0F5006F03461CD36C4621
:101100008AB0D8F8041004AB2448C3E9050140F2C2
:10111000FF71D9611A464FF400711984204B42F8CF
:10112000103F20484B464FF41251FFF7BFFFA54632
:101130002C37BD46BDE8F08FC0F30A0604F1170056
:10114000184420F0070080083B60FFF763FE66F359
:101150005325044680B13B68134A00F11001C7E9EA
:101160000839F961CDE901AB0A230093F96807F169
:101170001C034046FFF71AFA66F353257B68B968EB
:101180002A46204609F08DFAD2E704F1170020F034
:1011900007008008FFF73EFE0446EDE755DD00003E
:1011A00004000001A0D5000075A600002DE9F04F55
:1011B00087B0DDE9127ADDE9106B054688461446F2
:1011C0009946BFB11021CDF800A03B465A460020F9
:1011D000CDF814A008F0EAFBB0F5006F01460BD380
:1011E000194A1A4840F2FF73022107B0BDE8F04FD8
:1011F00009F0B0BA3946384604F0070305F0070491
:10120000E40044EA831444EA402444EA065406F124
:101210001700084420F0070080080391FFF7FAFD4B
:10122000054640B13FB10399CDF800A03B465A4670
:10123000103008F0BBFB4B4622464146284607B01B
:10124000BDE8F04F09F02DBA94DD0000A0D50000F4
:10125000406820B1034BC01A40F3CF0070474FF0F5
:10126000FF30704788D500000EB403B503AB0146CC
:1012700053F8042B0448019300F050FF02B05DF8CE
:1012800004EB03B0704700BFB7A70000CA0605D43F
:101290008B064CBF02490349FFF7E6BF704700BF0A
:1012A000CDDD0000CCDD00002DE9F04F8BB099467C
:1012B000179B0793DDE918A39DF858801A9F0692A3
:1012C00004460D460593B8F1000F00F0BF80844B33
:1012D00013F80830089307F48073099309F0BFF9F5
:1012E00007F0020B024600287DD07E492046FFF71A
:1012F000BBFF0646BBF1000F08D017F0440F74D1B6
:1013000079492A462046FFF7AFFF064407F001035C
:1013100053B1764B764953F82820764B2046002A65
:1013200008BF1A46FFF7A0FF07F48073002B07F0F1
:10133000080318BF4FF00009002B00F082806E4BAD
:101340006E4953F828202046FFF78EFF0546069B7E
:101350002BB16B491A462046FFF786FF0544B9F1C9
:10136000000F0DD0089B002B6ED06649664BB8F17C
:10137000040F18BF19464A462046FFF775FF05447B
:1013800062483544079B1BB16149224608F0B6FC10
:10139000059B002B00F09080DDF814903946B9F1E0
:1013A000100F204628BF4FF01009FFF76FFF0026EF
:1013B000B54252DC002633461AF803205549204630
:1013C000FFF752FF0136102E4DD0710703D152495D
:1013D0002046FFF749FF4E453346EDD34F4920469F
:1013E000FFF742FFEEE7064684E74D4B18680028FA
:1013F0008BD04C4B4FF47A7B1B68B5FBF3F54FF465
:101400006163B5FBF0F100FB11550BFB05F54FF0E7
:101410003C0CB1FBF3F203FB1211B5FBF0FEB1FB88
:10142000FCF300FB1E550CFB13110BFB05F50091A3
:10143000B5FBF0F53C49CDE901E52046FFF714FF87
:1014400063E707F0080582E72F4994E7B9F1010F38
:101450000CBF2E483548454694E72F492046FFF7F4
:1014600003FF0136A4E7324920460026FFF7FCFEC1
:1014700033461AF803202F49A2F120035F2B28BF1F
:101480002E222046FFF7F0FE0136102E0DD07207F7
:1014900003D121492046FFF7E7FEB1453346E8D89E
:1014A0001D492046FFF7E0FEEEE7059BB3EB09037D
:1014B000CA4405937FF470AFB8F1000F0AD0FB0760
:1014C00004D50C4A0A492046FFF7CEFE394620468D
:1014D000FFF7DCFE20460BB0BDE8F04F09F05EB927
:1014E0003AF20000DDDD0000E1DD0000BCD60000C6
:1014F0007BD90000CFDD0000D0D6000007DE000061
:101500000DDE0000D4DD0000D8DD0000B7A700002C
:101510001D21000011DE000019DE000017DE0000B2
:10152000180E0020140E0020EBDD0000EDA70000D7
:101530001BDE00001DDE000073B542F20F738B420C
:1015400028BF0B4605680F4A04460521684607F088
:10155000EBFD63680C495B6806460B22284609F0E0
:101560000FF963683246694628465B6809F008F956
:10157000636806495B681B22284609F001F902B03E
:1015800070BD00BFBEE400002EF2000012F20000A9
:10159000074A00210123904206D8064A01B90123D7
:1015A0001360054B1860704740085B000121F2E7AB
:1015B00040420F00140E0020180E0020F8B5074F0F
:1015C0000D4604464618B44201D12846F8BD14F829
:1015D000011BBB6801485B689847F4E7C4D2000070
:1015E000014B03600020704718D7000080B5054606
:1015F0000E461746984607F01BFA034600F030FCEB
:10160000DFF81890044649F8003042463046394623
:10161000A84754F8090000F0C5FB00BF080000000F
:1016200008B50348034A0021121A09F05CF908BD05
:10163000A8050020985200200748084A084908B524
:10164000121A09F052F90748074A0849BDE808404C
:10165000121A09F04AB900BF00000020A4050020BA
:101660006CF2000000000020000000206CF200007E
:101670002DE9F047064600AF0C46002936D0E94672
:101680008AB0D1E90012A3686D462148E8464FF0C0
:10169000050ACDE90501CDE9072348F810AF1D483B
:1016A000424600234FF42151FFF700FDCD46D4E917
:1016B00003126369AD461848C5F810A0C5E90501D5
:1016C000C5E907231348002342464FF42151FFF791
:1016D000EDFCCD46E369114A0E48012109F03AF8C4
:1016E000A3690F4A0B48012109F034F8012E07D1F4
:1016F000EFF305830B4A0748103B314609F02AF8FF
:101700002146304605F074FFBD46BDE8F08700BFB6
:101710005ADE0000D8D5000089DE0000B8DE0000E7
:10172000C7DE0000F5DE000030BFFFF7FDBF00BFE1
:101730002DE9F0410B4EDFF8308006EB0807CC1B9B
:1017400005463246094920460BF0B1FCA019424635
:101750000021083C0BF0B9FCAC6707F10800BDE8BC
:10176000F08100BF000000000800000080D60000EB
:1017700010B5204C2049214809F0C4F8A36A99010A
:1017800036D51E481E4909F0BDF81E20A36ADA01AD
:1017900004D51A481B4909F0B5F81F20154CA36A57
:1017A0001B0304D51548184909F0ACF82120A36A99
:1017B000590304D51148154909F0A4F822200D4C0D
:1017C000A36A9A0304D50D48114909F09BF8232018
:1017D000A36ADB0304D509480E4909F093F82420D5
:1017E000044A936A6FEA03436FEA1343936210BD9E
:1017F0001D20CBE700ED00E008DF0000D8D5000099
:1018000020DF000033DF00004DDF00006BDF000051
:1018100090DF0000AADF000070B506460D46294C97
:1018200029492A4809F06EF8A36ADB0647D52748FC
:10183000274909F067F81120A36A1C0704D523483B
:10184000244909F05FF812201E4CA36A990712D5AB
:1018500021491E4809F056F8636BA26A120609D5A1
:101860001E4A1A48012108F075FF1EB1A36A23F031
:101870008003A3621320134CA36ADE0704D5134828
:10188000174909F03FF81420A36A9C0604D50F48B5
:10189000144909F037F815200A4B9A6AD10658BF47
:1018A0009A6A9A6A920642BF5A6A22F400525A62AF
:1018B0009A6A42F0FF029A6200232B7070BD1020DA
:1018C000BAE700BF00ED00E0D5DF0000D8D500008A
:1018D000EBDF00001EE0000031E0000049E0000006
:1018E0005FE000007EE0000070B506460D46284C23
:1018F0002849294809F006F8A36AD9043CD52648A6
:10190000264908F0FFFF1720A36A1A0504D52248CC
:10191000234908F0F7FF18201D4CA36A9B0512D538
:101920001D48204908F0EEFFA36BA26A100409D5F8
:101930001D4A1948012108F00DFF1EB1A36A23F4C6
:101940000043A3621920124CA36A590504D512481A
:10195000164908F0D7FF1A20A36ADA050ED50E48FB
:10196000134908F0CFFF1B20094A936A43F47F43D1
:10197000936200232B7070BD1620C5E7A36A9B04F9
:10198000F2D505480B4908F0BDFF1C20ECE700BF6D
:1019900000ED00E0ADE00000D8D50000C3E000009D
:1019A0001EE00000D4E00000EDE0000002E10000D5
:1019B0001DE100007EE00000F0B56A4B8BB00446EC
:1019C000586800AFC0F30803002585F31188BFF302
:1019D0006F8F02F07F46B6F17F4F07D102F00C0601
:1019E000082E0ED16049614808F08CFF60495F48BD
:1019F00008F088FF00210846FFF73AFE2C37BD4665
:101A0000F0BD16074CBF0C460125002CEED000227D
:101A1000FA71DA1E092A00F28580DFE802F0057B00
:101A20007E77838383838381524950484D4E08F0EB
:101A300069FF0023FB71F36A9A0705D54E494B48AD
:101A400008F060FF00232DE0F36A002B01DA4B4918
:101A5000F5E7F36A5B00F5D54949444808F052FFC1
:101A60007369A26943F480737361BFF34F8FBFF34F
:101A70006F8F32F8023C726922F480727261BFF398
:101A80004F8FBFF36F8F03F47F42B2F55F4F27D1C3
:101A9000DBB2022B24D123683A4A3448012108F0F2
:101AA00059FE2368FA79002AA8D107F1080604F143
:101AB000200C20686168324603C20834644516462B
:101AC000F7D17A6A002D4AD0C2F3080121B96FEA32
:101AD00052226FEA42227A6207F1080118468BE728
:101AE000204B9A6AD2B222B1F91D0120FFF794FE71
:101AF0000EE09A6A12F47F4F04D0F91D0120FFF71F
:101B0000F3FE05E09B6AB3F5803F9BD3FFF730FE01
:101B10000346C7E7F91D0020E8E7F91D0020EEE7BE
:101B200019498CE7194A1A4910F4F87F6E468AB0B1
:101B300018BF11466A46103B079316484FF40073CE
:101B4000ADF82030144BCDE9050142F8103F0748AD
:101B500000234FF41151FFF7A9FAB54672E76FF36E
:101B60000802B8E700ED00E063E10000D8D500000E
:101B70008EE10000CAE10000E1E1000002E20000A5
:101B800010E200002FE200004BE200004AE10000FA
:101B900035E100006FE2000004000001044B5A69C7
:101BA00042F010025A615A6922F008025A617047E5
:101BB00000ED00E0EFF30880EFF3098101B5724614
:101BC000FFF7FAFE01BD00BF0B4880F3088805F05F
:101BD000B9F8202080F3118808484FF400614018BC
:101BE00080F30988EFF314800221084380F31488FE
:101BF000BFF36F8F00F06CF8D8680020985B00206E
:101C00001EF0040F0CBFEFF30880EFF30980816929
:101C100011F8021C0229FFD001B5724608F067FED8
:101C200001BD00BF40B2002807DB044A410901237F
:101C300000F01F00834042F82130704700E100E0CF
:101C400040B200280CDB4309064900F01F00203396
:101C50000122824041F82320BFF34F8FBFF36F8FE3
:101C6000704700BF00E100E0054B420900F01F0093
:101C700053F82220012303FA00F01040704700BF00
:101C800000E100E040B20028A8BF00F1604001F18F
:101C90000101B8BF064B4FEA4111ACBF00F56140EE
:101CA00000F00F00C9B2B4BF195480F80013704798
:101CB00014ED00E0044B054A23F07F039360BFF36B
:101CC0004F8FBFF36F8F70470000000000ED00E002
:101CD00008B5FFF7EFFF0B4AD2F8883023F4700302
:101CE000C2F88830EFF3148323F0040383F31488DD
:101CF000BFF36F8FFFF794FCFFF79EFC00F092F8A4
:101D000005F0A2FD00ED00E042F8203C009B42F807
:101D10001C3C0A49019B42F8183C029B42F8143CC7
:101D200021F001014FF0807342F8043C42F8081C96
:101D30000023203A0265C367704700BFED1500001D
:101D400000B50B4B98600B4B1546826F1A600E4620
:101D50002C4686F309880020034B98472046002133
:101D600000220023014C20471BA90000ED150000B4
:101D700008520020400E0020014B10221A617047CB
:101D800000ED00E0054B5A699B689A421FBF044A68
:101D9000536843F080535360704700BF08520020DF
:101DA00000ED00E0084B9B6883420BD1EFF3058305
:101DB00043B1064B5A6842F080525A605A6A22F484
:101DC00000425A620AF06ABF0852002000ED00E0AB
:101DD00011498A684FF030001044EFF3098C80E815
:101DE000F01F202080F31288BFF36F8F0B4F4FF04E
:101DF00000664A698A603E60906F094C2060D06F2F
:101E00000023D36780F3118802F1300090E8F01FBF
:101E10008CF30988704700000852002004ED00E0B0
:101E2000400E0020044800232021C2180133302B2B
:101E300082F80013F9D1704700E100E008B5EFF334
:101E40000583064A103B02EBC30152F83300496890
:101E50008847BDE80840FFF795BF00BF18D30000D2
:101E60000148006870470000400E0020024B034A02
:101E70000348012100F07AB800000420000000208F
:101E800018D7000008B503461048D0F89020C2F3D8
:101E90000722013A934207D90D480E4A012108F062
:101EA00059FC6FF0150008BDC0F898300A6822F0A0
:101EB0001F021A4342F01002C0F89C208A6842F0C8
:101EC0000102C0F8A0201846EDE700BF00ED00E0D9
:101ED000B8D5000086E20000F0B50E4685B01F467A
:101EE00004460025B5420DDA606810B397B1431E71
:101EF00018420AD0104A11482B46012108F02AFC4A
:101F00006FF01502104605B0F0BD1F28F2D9216808
:101F10000B42EFD12368019308F013FDA36801A9D8
:101F20000343D0B20393FFF7ADFF10F1160FE7D0D4
:101F3000421C01350C34D5E7ACE20000B8D50000F6
:101F4000044B0522C3F89420BFF34F8FBFF36F8F6C
:101F5000704700BF00ED00E0BFF35F8F024B00222F
:101F6000C3F89420704700BF00ED00E010B5034CAB
:101F700001232278FFF7B0FF207010BD47520020E8
:101F80002DE9F0435F486049D0F890300C68C3F306
:101F900007239C4285B000F2B280FFF7DDFF49685D
:101FA0000022944201F10C011AD1584F584D3C7057
:101FB0006846FFF715FB574C574E81464FF0000817
:101FC000C14520D13B784F490020D1F89020C2F381
:101FD00007229342C0F28D80FFF7B2FF002052E04B
:101FE000C0F8982051F80C3C23F01F03134343F032
:101FF0001003C0F89C3051F8043C43F00103C0F8D2
:10200000A0300132CDE7009800EB08114FEA081C20
:10201000CB682340B3F5000F4ED00BD8B3F5001FAB
:1020200034D0B3F5800F3CD0B3F5801F16D008F143
:102030000108C5E7B3F1007F46D0B3F1805F4BD014
:10204000B3F1807FF3D150F80C3088684A6808F00B
:1020500078FC40F0885040F4801009E050F80C30D3
:1020600088684A6808F06DFC40F0885040F43020E1
:10207000039001A93878CDE90123FFF703FF002879
:1020800033DA6FF0150005B0BDE8F08350F80C307E
:1020900088684A6808F055FC40F0885040F40020F9
:1020A000E6E750F80C3088684A6808F04AFC40F0CF
:1020B000C06040F40030DBE750F80C3088684A68B4
:1020C00008F03FFC2843D3E750F80C3088684A6892
:1020D00008F037FC3043CBE750F80C3088684A688A
:1020E00008F02FFC40F08850E3E73B7801333B7069
:1020F0009DE7C1F89830C1F8A000013365E74FF0C3
:10210000FF30C0E700ED00E024D700004752002078
:10211000000004110000F0FF00000410F0B587B0CB
:1021200007460E4614460021102268461D460AF056
:10213000CCFF02238DF802302A46054B019321463D
:102140006846CDE9047607F019F807B0F0BD00BF86
:1021500063A9000008B5024B1B689847002008BD22
:10216000440E0020034B044A1860937843F00203A6
:1021700093707047440E00205401002008B50649B2
:10218000064821F00701C1F1005202F5802207F054
:10219000CCFB002008BD00BF177C0020480E0020AB
:1021A00070B54169867A0B4D044659B1437ADB0715
:1021B00006D4242303FB0653DB691B689B689847FE
:1021C000002363612420214600FB0650BDE87040D7
:1021D0000AF089BCEC040020024B242202FB0030F0
:1021E000704700BFEC0400202DE9F04385B00546A0
:1021F0006846039190461C460AF083FEDDE90067BD
:10220000EFF31189202383F31288BFF36F8F6B8A5A
:10221000002B41D02A8A9A4225D900220023284641
:1022200005F074FD0446F0B189F31188BFF36F8F98
:10223000039B002B41D032463B4668460AF086FE9F
:10224000A27A264B242101FB02332046DB691B685E
:1022500003A91D68DDE90023A847606170BB204623
:10226000FFF79EFF24E0698A4B1E6B8289F3118879
:10227000BFF36F8F2B7D2A8A2C6A1B3323F0030355
:10228000521A02FB0344154B154AEB1A9B10534399
:10229000A3722B7DE372CBE789F31188BFF36F8FB5
:1022A00023464246284605F031FD04460028BFD1AA
:1022B0000024204605B0BDE8F083636101230025BA
:1022C0002381039B6382E27A6560294604F118004A
:1022D0000AF0FBFE63692582E360EAE7EC04002074
:1022E000398EE338F8B5124D0024242600B9F8BD24
:1022F00000F108024768BFF35B8F52E8003F591EA8
:1023000042E8001CBCF1000FF7D1BFF35B8FDBB2DA
:10231000012BECD1837AC46006FB035344609B69B4
:1023200013B198473846E1E7FFF73AFFFAE700BFF5
:10233000EC040020044A0123C2F840354FF08042EB
:10234000C2F87835704700BF00E0014048B1054B46
:10235000054A1B68B3FBF2F35843044B43F00103F7
:10236000184770479C03002040420F0080D60000B1
:1023700008B5054A054B136010463F23536004F02F
:10238000B7FD002008BD00BF540E0020FFFF0F0066
:1023900008B50A480AF01CFA68B108480AF018FAA9
:1023A00048B1074A0548192108F03AFB054A034895
:1023B000022108F035FB002008BD00BF70D20000EC
:1023C0000100160001001A0038B5044606F00CFBA7
:1023D000204608F042FBA069C8B194F86C30DB07D6
:1023E0000DD5164A1648022108F035FB6FF0770527
:1023F000201D08F039FB06F00BFB284638BD0AF01B
:10240000E7F938B90F4A0E48012108F024FB6FF0B4
:102410001205EDE7204600F091FF05460028E7D1C0
:102420000146242204F128000AF04FFE94F86C3093
:1024300043F0010384F86C30DAE700BFFCE20000EF
:1024400048D6000026E3000070B5044606F0CCFA3A
:10245000204608F002FB94F86C30DA070DD4264AC7
:102460002648022108F0F7FA4FF0FF35201D08F04A
:10247000FBFA06F0CDFA284670BDC3F340019B0776
:1024800007D51F4A1D48022108F0E5FA6FF07705CD
:10249000ECE7A06909F0F9F90646A06909F064FAC9
:1024A000054628B1174A1548012108F0D4FADDE79E
:1024B000A36F4BB13146204608F0A0FC0546A0B101
:1024C000A06909F07DFAD1E7A06909F0F5F9A067E4
:1024D0000028EFD10C4A0948012108F0BCFAA06994
:1024E00009F06EFA6FF00B05C0E794F86C3043F01A
:1024F000020384F86C30B9E749E3000048D60000D5
:102500006FE3000095E30000B1E3000038B58021DF
:102510000446806909F0F3F9054678B10146204682
:1025200001F01CFB044638B10648074A012108F0B7
:10253000C3FB2846FFF7D6FE204638BD6FF00B04DC
:10254000FAE700BF28D60000E0E3000038B50446F3
:10255000806F08F022FA054608F01AFA204629464C
:1025600001F0FCFA044638B10448054A012108F09C
:10257000A3FB2846FFF7B6FE204638BD28D600004C
:1025800003E400002DE9F04F95B002AF00237B611A
:102590000B7E33F080050446884616460BD0B24ABF
:1025A000B248012108F088FB6FF0040528464C373B
:1025B000BD46BDE8F08F8AB10846FFF793FE98F854
:1025C0001930DA0705D49E07F0D598F81830002B9B
:1025D000ECD12046FFF7BAFF00F095BC4A7E00F12F
:1025E0002809900705D5802B09D14046FFF77AFED0
:1025F000DCE7910700F0C784002B40F0C484D307C8
:102600002AD5B8F81030082B13D1D8F80C2013684D
:10261000A3625368C9F804304146002008F0C4F9A9
:102620007861D8B19148924A012108F045FB786958
:1026300005E08E488F4A012108F03EFB4046FFF737
:1026400051FE484608F032FB0346A069002B00F01B
:10265000D584802100F0DBBCC7F81480FFF700FCB4
:1026600094F82850844A002315F0600F8350C5F376
:10267000411375D0032B40F006846FF08505FFF7FA
:10268000EFFB7D4B1B58002B41D0002D42D10AF0AF
:1026900036FC4FF47A72A0FB020302FB0131C30B3C
:1026A00043EA41437549BFF35B8F0868BFF35B8F13
:1026B00041F287321E1A9642714A40F2EC83BFF310
:1026C0005B8F51E8006F864204D141E8003CBCF1C9
:1026D000000FF6D1BFF35B8F40F0DD83BFF35B8F5C
:1026E00052E8003F42E800510029F9D1BFF35B8F67
:1026F00023B1644A5D48022108F02CF8624A5B4825
:10270000022108F0D9FAFFF7ABFB5B4B1D58002DF7
:1027100000F0D8835D4A5548032108F0CDFA6E4693
:1027200088B002AA5A4B53615A4B93614FF400731D
:102730009383594B42F8103F58494C484B46FEF79B
:10274000B5FC15F1860FB54640F0B183544A4748B1
:10275000032108F0B1FA786900287FF470AF70E7C0
:10276000484608F0A3FA94F82930002840F0518137
:10277000013B0A2B81D801A252F823F01D29000049
:102780007B2600008D2900007B260000A927000081
:102790007B2600007B2600007B2600001728000017
:1027A0007B260000D3280000A069618D03697F2982
:1027B00093F880303FF661AFA28D002A7FF45DAFC1
:1027C000E28D002A7FF459AFEE067FF456AF94F8FD
:1027D0003020022A02D14FF0FF3550E71D070BD5FC
:1027E000C9B208F09EFA054648B1638D2D4A1F48CC
:1027F000012107F0AFFF42E7012384F8393094F854
:102800003030012B05D1638D1BB984F830300025A1
:1028100035E70123F9E7204608F028F9628DFF2A01
:1028200001463FF62AAFE38D002B7FF426AF94F8E4
:102830002830D8067FF421AF94F83030002BCAD06E
:10284000A2BB618D94F838308B42E0D0C9B22046EB
:1028500000F00CFF638D054678B3134A0090012108
:10286000024807F081FF0AE722E4000028D60000B2
:102870005AE4000043E400000C000000600E002059
:102880005C0E00202FE5000043E500006CE5000031
:102890007BD900007CE5000003000001C01C800023
:1028A00083E500007CE400009EE40000D2B22046F4
:1028B00008F0E3FA0028C4D18DE7002B14BF0222F0
:1028C000012284F8302005211A46204608F04BFCEE
:1028D0009DE705F01F05012D7FF4CFAEE38D002BA2
:1028E0007FF4CBAE628DFF2A3FF6C7AEA18DFF29E4
:1028F0003FF6C3AE94F83030022B7FF46CAFC9B210
:10290000D2B2204608F069FB811C05467FF4B7AEC1
:10291000A54AA648032108F0CFF9B0E6E38DA68DBD
:10292000002B7FF4AAAE94F83030002B3FF453AF65
:10293000012B02D1002E7FF44EAF15F01F0517D0EA
:10294000022D7FF464AFB4F82AA0BAF1000F7FF42F
:102950005EAFF6B23146204601F068F9421C0546EA
:102960003FF48DAE52463146204608F0A7F986E680
:10297000002E7FF430AF638D012B7FF448AF94F8C5
:102980006C3066F3C30384F86C3040E7A38DE28DAE
:10299000DEB2002A7FF471AE628D022A11D105F0F9
:1029A0001F0535434FEA13217FF467AEA06901226A
:1029B00008F094F900287FF460AE012384F83930E0
:1029C00025E794F8301000293FF405AF012902D122
:1029D000002B7FF400AF15F01F050FD0022D7FF400
:1029E00016AF002A7FF413AF3146204601F0FCF801
:1029F000431C05463FF443AE0122B4E7002B7FF4AD
:102A0000EAAE012A7FF403AF94F86C3043F0080378
:102A1000B9E70A2B64D8DFE813F00B00630063000A
:102A20006300630063003A00630001026300160262
:102A3000E38D022B54D194F83030002B50D0012B71
:102A4000A18D01D100294BD115F01F050ED0022D0B
:102A500017D000260221204608F03CFB054618B19D
:102A600031460C3007F0C3FF7D61D0E6002937D135
:102A700094F86C309E0806F00206C3F300131E4360
:102A8000E8E7C9B2204608F049FB0646E2E7668D52
:102A9000ED064FEA1621F6B208D0002307F128010F
:102AA0002046BB6208F059F9BD6ADDE701390E29FD
:102AB00016D8DFE811F00F003300A1001500150053
:102AC0009D009D001500150015001500150015004E
:102AD00015004001204607F0C9FF18B101281AD09F
:102AE0000025C1E7D4F870A0BAF1000FF8D0E68D48
:102AF0009AF800309E4228BF1E463146204608F014
:102B0000E9FA05460028AFD03246514605F10C00DF
:102B100007F05CFFA8E7D4F874A0E5E7204607F0CB
:102B2000A5FF751CF8600146EAB2204608F07DF961
:102B3000064630B91E4A1D482B46012107F00AFE01
:102B4000CEE7D0F804A0E18DBAF80220914228BF68
:102B50001146204608F0BEFA05460028C0D0018A7A
:102B6000428A00F10C0B521AC1684069091A521AC4
:102B70009AF800108A4228BF0A465846514607F084
:102B800025FFF6684EB9298AE38D99427FF66CAF2E
:102B9000C91A584607F035FF66E770688268126BFD
:102BA00042B93668EEE700BFC1E4000028D6000055
:102BB000E7E40000F96890470028F2D0A0F1040A89
:102BC0005AF8041F0029ECD00B78002BE9D06A8A50
:102BD000288AA2EB000C6A69E868801AACEB000254
:102BE00093428CBF92B21A46584607F0EFFEE7E7D1
:102BF000204607F03BFF73E732460321204607F0EB
:102C0000B3FF824600283FF46BAF08F04AF8E58D29
:102C10009AF81530C0B99AF8146087F8286087F8D8
:102C20002930DAF81030AE4228BF2E461B887B854B
:102C30003146204608F04EFA054600283FF450AFD2
:102C4000324607F1280161E7BA4A7B74DAF80830A6
:102C50001A40B94B4FF0000B9A4287F810B05AD186
:102C6000102107F1180009F054F8061E3ADB07F1AD
:102C70002802102EB14807F11801924628BF1026ED
:102C8000B34502F1020236D3B6000236F6B23E7404
:102C9000AE4228BF2E463146204608F01BFA0546B4
:102CA00000283FF41DAF022EB34600F10C0328BFED
:102CB0004FF0020B5A46A6EB0B06184607F110011F
:102CC000FB60D34607F082FE73080AEB5602934579
:102CD00027D1F0077FF5C8AE1AF80310F86807F09F
:102CE0007EFEC1E658367FF4FBAE954A9548012139
:102CF00007F0E2FFF4E611F8013B4FEA131C03F082
:102D00000F0310F80CC0C35C02F802CC02F8013CBF
:102D10000BF1010BB4E79AF814603E74DAF810A0D6
:102D2000B6E71BF8011BF868C7E9013207F05FFE40
:102D3000D7E90132CBE7204607F098FE20B1012801
:102D40007FF4CEAE636F00E0236F002B3FF4C8AE7C
:102D50005B88B3F5007F7FF6C3AE7B4BBB6200237D
:102D600087F82C30E36C04F14C0B9B4508BF002323
:102D70007A8D83B1597D0F2907D1197D0A447A854F
:102D800097F82C20013287F82C20226D9A4201D02E
:102D90001B68EDE77A8DE68D964228BF16463146D0
:102DA000204608F097F9054600283FF499AE97F8B9
:102DB000282000F10C0AB24228BF324607F1280150
:102DC000504607F003FE97F82830B34294BFF61A36
:102DD000B61B002E3FF448AEE36C5B453FF444AEB7
:102DE000002B3FF441AE5A7D0F2A11D11A7D19698B
:102DF000FB60B24228BF3246504607F0E7FDFB6851
:102E00001A7DB24294BFB61AB61B002E3FF42CAE08
:102E1000226D9A423FF428AE1B68E1E794F8303007
:102E2000002B3FF45DAEE18D01297FF459AE94F89B
:102E30003860204608F04EF9054600283FF414AEED
:102E400031460C304BE705F01F05012D7FF448AEED
:102E5000204607F0FEFF00283FF442AEA38D4268F3
:102E6000FF2B3FF63DAE12799A42FFF439AEDAB24B
:102E70000F2A3FF635AEE18D01297FF431AE2344B0
:102E800093F83A60D5E707F11401204607F065FF93
:102E90000546FFF7F4BBBFF35B8F52E8003F0133F9
:102EA00042E800310029F8D1BFF35B8F2BE40135F4
:102EB0007FF451AC94F83030244A2248032107F0C3
:102EC00049FC48E498F81930E28DD90708D4EAB9EA
:102ED0002046FFF71BFB00287FF4B3ABFFF779BB5D
:102EE000484607F0E3FE0028F1D1002AF0D0294639
:102EF000A06908F0F0FC0146786100283FF4A1AB1E
:102F0000204600F02BFE0546FFF750BB484607F071
:102F1000CDFE7D6918B92846FFF7E4F9D8E7002D02
:102F20003FF48FAB2946204600F018FE80B12846BA
:102F3000FFF785BB00FF0200000302003FF2000024
:102F40000DE5000028D60000050F050091E5000002
:102F5000A069036993F8801011F004017FF439AB84
:102F600008F0CDFC054600283FF46BAB0146204637
:102F700000F0F4FD00283FF42CAB274A274801213C
:102F800007F09AFED3E752077FF55BAB002B3FF4C7
:102F90002CAB4046FFF7A6F994F83930002B3FF4EC
:102FA00005AB94F82930052B0CD1618DA069C9B20D
:102FB00007F0B7FE064628B1638D194A174801216C
:102FC00007F0C8FB94F82930032B11D1638D022B35
:102FD0000ED1A18DA0690D0A0022294607F07EFEC0
:102FE000064628B10F4A0D482B46012107F0B2FBD7
:102FF000002384F839303546FFF7D8BAE38D002B2B
:103000003FF427AB7969003918BF0121C90108F0E5
:103010009CFBFFF7DEBA00BFB2E5000028D6000037
:103020007CE40000D6E500000B78062B10B414D128
:103030000369D3F89C20EFF31184202383F31288D3
:10304000BFF36F8F4B6800201860506A58B9C2E90F
:10305000083384F31188BFF36F8F044810BC00223B
:10306000002309F0A0BC03605362F2E79004002043
:1030700030B589B000220023CDE9062300246FF08B
:103080000703CDE90334CDE901441A4B1A490094F2
:103090004FF48062194805F0AFF91949174809F053
:1030A000F8FD184B18498B4207D3184B18490020DC
:1030B0008B4210D3002009B030BD03F11402BFF3DE
:1030C0005B8F52E8000F42E80045002DF9D1BFF3B5
:1030D0005B8F1833E7E703F11402BFF35B8F52E80D
:1030E000004F42E80005002DF9D1BFF35B8F183384
:1030F000DEE700BF6D31000098550020700A002007
:10310000ADDB00008C050020A4050020A4050020F4
:10311000A405002038B50D4607F09BFE30B9114AD2
:103120001148BDE83840012107F00BBBC46804B961
:1031300038BD2B78032B05D0052B0ED0022B08D0E1
:103140002468F4E7606883685B69002BF8D09847CF
:10315000F6E7606883689B69F7E760688368DB6906
:10316000F3E700BFFDE5000038D600002DE9FF4180
:1031700020274FF0FF336B484FF0FF3201A904F0D6
:103180009FFC039B1B69D3F89C40236A93B1EFF328
:10319000118287F31288BFF36F8F216A29B1606AA9
:1031A0000B682362814208BF636282F31188BFF318
:1031B0006F8FC9B99DF80430062BDAD0072BD8D809
:1031C00001A252F823F000BF0D32000001320000CE
:1031D000353200001332000069320000573200001F
:1031E00073310000153300000B7ED1F81E205D0600
:1031F000204602D1FFF7C6F9C7E707F07CFEC4E717
:1032000000220121204607F0AEFFB2E7002211465E
:10321000F8E794F86C3043F0040384F86C3094F8C9
:103220003030022B03D101A92046FFF773FF0022A3
:103230000321E7E794F86C3023F0040384F86C3042
:1032400094F83030022B03D101A92046FFF762FF2A
:1032500000220221D6E794F83030022B89D101A94F
:103260002046FFF757FF84E794F86C30A66923F0F7
:10327000040384F86C30D6F808803369BFF35B8FA1
:10328000D3F8A030BFF35B8F9A071ED5D8F83C3037
:1032900030469847D8F82430002130469847D8F86F
:1032A000403005463046984795B11F4A1F480121D6
:1032B00007F047FA00220421204607F054FF002DB2
:1032C0003FF457AF2A4607219CE74FF0FF35ECE764
:1032D0002946204600F0CAF9054608B1144AE5E738
:1032E000A06908F02BFB0346124A1048032107F09F
:1032F00031FAA06908F022FB831E5842584194F825
:103300006C3084F8305023F0680343EA401384F8AB
:103310006C30CFE7084A0548012107F012FA029AFB
:1033200006216FE7900400202CE6000038D600004C
:103330005AE6000086E600009DE6000038B5024629
:103340000C490546806908F05FFB044630B10A4A23
:103350000A48012107F0F5F9204638BD85F8380004
:10336000284600F04FF804460028F5D0A86908F078
:103370007EFBF1E729300000ADE6000038D6000002
:10338000F8B501231D460C68002C35D063F07F0290
:10339000D6B202F07F02103224FA02F7FF0716D5E8
:1033A000046824FA02F7FF0708D433461348144A86
:1033B000012107F0CFF96FF01500F8BD05FA02F210
:1033C00024EA020404600C6824EA02040C60DC4075
:1033D000E6070ED5026822FA03F4E40700D4E5E715
:1033E00005FA03F422EA040202600A6822EA0402EF
:1033F0000A600133102BC6D10020DEE760D6000042
:10340000D4E600002DE9F04F8369026F1B6993F841
:103410008030C3F34113022B8FB083460ED0032BB1
:103420000ED0012B0CBF10230823D371DBF854807E
:103430000027B8F1000F05D14446DDE02023F4E772
:103440004023F2E7D8F80430D8F80C5002930C97D8
:103450000497BDB9049B029A09339BB293701B0A6F
:10346000D37017715388764A009376483B46032100
:1034700007F07AF9D8F80C40002C40F0D380D8F847
:103480000080D5E7686883681B6B00240D94002BCF
:1034900000F0B98021469847002800F0B480C5E9C3
:1034A0000344031F03933E46039A52F8043F0392DA
:1034B0000BB11A789AB9BE4240F2A280EB680D9A1D
:1034C0001343EB60686883689B6A002B00F09D8063
:1034D00098470446002800F09B805B4A80E05A78B9
:1034E0000B2A08BF9E70039B1B685A78042A10D1D0
:1034F000EA680D990A43EA60DA78002A60D19E7082
:103500002B690122B240134301362B61F6B200232E
:103510000D93039BD3F8009099F80130052BC3D18C
:10352000DBF8183008936FF012044FF0010A99F895
:10353000052099F8043043EA0223ADF82E300C9BA5
:10354000069399F90230069A002B5FFA8AF1BBBF05
:1035500041F080014BB24FFA8AF30793B9BF21F0D3
:103560008003103307935346DA40D2072FD40D9AC5
:10357000059222FA03F3DB0729D499F8063099F86B
:103580000320089800930DF12E03099108F052F8DA
:1035900009990446D8B9079B89F80210002BBCBFD3
:1035A00021F08001103101238B4006980599BDF868
:1035B0002E20A9F8042019431843CDE90C0173E724
:1035C000721E9A700DA90CA8FFF7DAFE9FE70AF1A8
:1035D000010ABAF1100FAAD1002C3FF465AF1B4AC3
:1035E0001848012107F0ADF8D8F804305B79184A83
:1035F0001448012107F0AEF820460FB0BDE8F08F67
:103600006FF01504EBE73E465CE76FF0850464E776
:103610000146686807F03FFC049B2D68034404934F
:10362000374616E7E368A36004F10C010CA8FFF726
:10363000A7FE08B924681FE76FF01504D4E700BFA0
:1036400039E7000060D6000015E70000F1E6000051
:103650005BE7000008B5034A0348032107F0DAFBE3
:10366000002008BD88E7000020D600002DE9F041C9
:1036700005460E4607F0FAF995F8383080463BB318
:10368000284607F0E6FB0746F8B10146284607F052
:1036900052FC10220446002105F13A0009F015FD04
:1036A000002385F83830FF6847B98CB1194A1A48A9
:1036B000012107F0AFFB2046BDE8F0817868836800
:1036C0005B6A03B198473F68EEE76FF03C04EDE7B3
:1036D0001EB985F838600024EDE732464146284699
:1036E00007F0A3FB074690B10246284607F04DFCC1
:1036F00004460028DFD185F83860FC68002CEAD049
:10370000606883681B6A03B198472468F6E76FF026
:103710003C04D0E7AEE7000020D60000F8B5044630
:103720000E465768154607F077FB94F86C30D907BA
:103730000BD53A4A3A48012107F06CFB6FF00F06AF
:10374000201D07F070FB3046F8BD012E07D1354A29
:103750003348012107F05EFB6FF08506F0E7FB7947
:103760009A0607D5A3691B6993F880309B0701D49B
:103770002D4AEDE7C6B9E36D53B9626DB2B9236F57
:103780006A685B7C0133DBB25371226F53741FE0B4
:103790009D4207D1254A2248012107F03BFB6FF0EB
:1037A0001506CDE71B68E7E7214AD1E7954222D10C
:1037B0002A68D3B9A36D62659D4200D1A26500233A
:1037C0002B606B685B791B4A1548022106F0C2FF2B
:1037D000A968B9B1204607F0E1F9064670B1164A6A
:1037E0000F48012107F016FBAAE71A60A26D954267
:1037F00008BFA365E3E713461268BFE7A86807F0B0
:1038000050FAB87100232B60A36D1BB9C4E915559C
:10381000002695E71D60A565FAE700BF0BE80000EC
:1038200020D600002DE80000CCE700005BE8000097
:1038300078E8000098E80000B5E8000080B500AF27
:1038400088B06A46094BCDE905304FF40073ADF8F6
:103850001C30074B42F8103F064800234FF4E2515A
:10386000FDF724FC0020BD4680BD00BFECE8000051
:103870000300000130D6000070B5054681B128462E
:10388000FFF7DCFF0024204670BD636828461968F6
:10389000FCF736FC0028F6D01834B442F5D3EEE736
:1038A000014C024EF9E700BF8C050020A405002062
:1038B00070B501F07F0311F0800F18BF10330125A0
:1038C0009D4090F83030022B044606D00C4A0D483B
:1038D000012106F036FF002070BD90F8386007F037
:1038E000C5F832460146204607F09FFA0028F2D07C
:1038F000C0680028EFD083681D42EDD10068F8E76A
:103900000AE9000030D600002DE9F84305460846D4
:10391000114616461F46FFF7AFFF044600284AD05F
:10392000284607F0B1FA95F86C30DA0702D5234A39
:1039300001210CE0D4F8048004F11409BFF35B8F7B
:103940006369BFF35B8FDB070CD51D4A02211D485D
:1039500006F0F7FE6FF00F04281D04F087F92046EB
:10396000BDE8F883D8F804301BB1AB4201D0164A49
:10397000DEE73A463146284607F057FAC0B1002341
:10398000236003698BB9C0E90344BFF35B8F59E837
:10399000003F43F0010349E80032002AF7D1BFF3AA
:1039A0005B8F0024C8F80450D6E71C600461ECE784
:1039B0006FF03C04D0E76FF01204D0E70BE8000092
:1039C0002FE9000030D6000051E900002DE9F84F42
:1039D000814600AF16469846002938D06FF085041E
:1039E0002046BD46BDE8F88F6C68B8F1000F04D0E2
:1039F000A8F1040B5BF8041FF9B9216833460022D3
:103A00004846FFF781FF0446E0B16B686D468AB017
:103A10001B686A4610490796CDE905134FF40073F9
:103A2000ADF820300D4B42F8103F0D4800234FF405
:103A30001151FDF73BFBAD46D2E72068FCF760FB78
:103A40000028D7D118355545CED30024C8E7054DF9
:103A5000DFF814A0F7E700BF86E9000004000001CA
:103A600030D600008C050020A40500202DE9F04F81
:103A700083B000AF4C687B6097F830303B600E46F7
:103A80008146904606F0F2FFA3681B6B014633B9EE
:103A90006FF0150420460C37BD46BDE8F08F204678
:103AA00098470028F4D0051F002306F10C0A55F8AA
:103AB000041F09B10A781AB9BBB96FF03C04E9E7F1
:103AC0004A78042A13D183B98A7878688242EED181
:103AD000CA7838688242EAD10B790BB10123E6E754
:103AE0001B4A1C48032106F02CFE0024D2E7052ABD
:103AF000DDD1002BDBD0B8F1010F91F802B009D075
:103B0000B8F1020FEAD1D9F818005246594607F029
:103B1000CBFA04E0D9F81800524607F0A9FA044697
:103B20000028DBD06D468AB0F3686A460A490990DE
:103B3000CDE907B30623CDE9051842F8103F054843
:103B400000234FF44151FDF7B1FAAD46A2E700BFA3
:103B5000BEE9000058D60000DBE900002DE9F04185
:103B60000B7E0C465906054637D16BB306F0B7FFFE
:103B700040B11B481B4A012106F0E3FD4FF0FF3026
:103B8000BDE8F0812846D5F87080268AEF8D06F0D2
:103B90006DFFF8B1421E534253419B01228A9AB1F4
:103BA000BE42E98D324628BF3A4691420CD9B2FB5B
:103BB000F3F103FB11223AB994F91830002BBEBF80
:103BC000637E43F008036376A8692146BDE8F041AF
:103BD00007F015BE98F80730E0E76FF01500CFE763
:103BE00050D6000017EA000070B5064680690C4602
:103BF00007F0ABFD054638B10A4A0B4823460221BF
:103C000006F0A8FD284670BD14F0800F18BF24F000
:103C10008004736B4FF0010218BF1034A2401A43A6
:103C20007263EFE72BEA000050D6000070B505463E
:103C300080690E4607F0B3FD044638B1064A0748CE
:103C40003346022106F086FD204670BD314605F15F
:103C5000340007F0FEF9F7E742EA000050D6000012
:103C600070B50646EFF31181202383F31288BFF36A
:103C70006F8F1B4D2A6881F31188BFF36F8F5268D5
:103C800092F86C20D20705D4BDE8704021220023B1
:103C900004F0D6BAEFF3118283F31288BFF36F8F6B
:103CA0002C682CB1696823682B608C4208BF6B605C
:103CB00082F31188BFF36F8F44B1606804F108018B
:103CC000C36998470748214608F01DFE2B6833B1A9
:103CD00030460022BDE87040002304F079BA70BD80
:103CE000640E00206004002030B585B0CDE90012DC
:103CF000054600221448002303A903F04DFE0246A6
:103D0000E8B9039BDDE900015D60083383E8030047
:103D1000EFF31180202383F31288BFF36F8F039B8F
:103D20001A600A4A516861B9C2E9003380F3118808
:103D3000BFF36F8F06480022002304F049FA05B054
:103D400030BD0B605360F1E760040020640E00207A
:103D5000000000202DE9F04105691446AA6BD388C4
:103D6000528900AF9B1AE8468AB00E469BB26A465B
:103D70000D49CDE907430523CDE9051042F8103F71
:103D80000A484FF423510023FDF790F92246A86B0F
:103D9000C546314606F00EFC10B1012385F83D30D2
:103DA000BD46BDE8F08100BF6CEA000018D60000F7
:103DB00038B5034640681B695D68AC68A37A84F82F
:103DC000223094F82D3084F82330A376696849B105
:103DD000237C3BB906F0E2FE30B1064A06480121D9
:103DE00007F04BFA002038BD686806F05AFF2074CF
:103DF000F8E700BF8AEA000018D6000073B504692E
:103E00008DF807102025EFF3118685F31288BFF394
:103E10006F8F0122206C0DF1070106F0ABFB86F3DA
:103E20001188BFF36F8F012816D008F02CFFE8B17E
:103E3000124BBFF35B8F012253E8001F002903D10F
:103E400043E800200028F7D1BFF35B8F04D10C4A70
:103E50000C48022107F011FA237F2BB12122002305
:103E600004F1480004F0B4F902B070BDA37E002B49
:103E7000DED00021212008F0EAFFC4E76C0E00200C
:103E8000B4EA000018D6000008B5036918690021DB
:103E90000177883007F067FA012107F064FA034AD6
:103EA0000348BDE80840032107F0E7B9D3EA000062
:103EB00018D600002DE9F04750F8483C00F14006C4
:103EC0005B680546002130461F6807F0CDF90028E1
:103ED00066D00121304607F0C7F9814630B1314A3A
:103EE0003148BDE8F047032107F0C7B955F8083C51
:103EF0005A89DB889A4203D115F82D3C002B4FD00C
:103F0000BFF35B8F56E8004F44F0200346E80032D1
:103F1000002AF7D1BFF35B8F14F0200440D13B6936
:103F20005B689B68402293F83610384607F0D7F854
:103F3000804650B93046052107F015FA284621225F
:103F4000BDE8F047002304F043B915F82C3C33B129
:103F5000428AC16855F8080C06F02CFB044621463D
:103F600008F10C0006F02CFD2CB104F03F04B4FA6B
:103F700084F94FEA591905F82D9C4146384607F057
:103F8000B2F868B10121094A074807F076F94046BE
:103F9000FEF7A8F930460521BDE8F04707F0E3B980
:103FA000BDE8F087EAEA000018D6000018EB000030
:103FB00038B505690E492B6C0024C3E90144DC6067
:103FC000AB6B05F14800C3E90144DC6008F04FFE2B
:103FD00005F17800074908F01EFE074905F12800A1
:103FE00008F019FE284607F0DFF8204638BD00BF6C
:103FF000B53E00007D4200004943000040297FB5E6
:1040000039D00DD8102938D006D8012971D0082907
:1040100035D06FF015042BE02029FAD1042308E0F5
:10402000B1F5807F2DD0B1F5007F2CD08029F0D163
:10403000102304699BB2E1893AB30B4342F2A10118
:104040004FF40032E381CDE901120669ADF80C307E
:1040500043681C6806F188030021184607F004F93C
:10406000B0B9254A2548032107F007F96FF00C0481
:10407000204604B070BD0823DBE70223D9E7012303
:10408000D7E72023D5E74023D3E721EA0303D5E789
:104090000121184607F0E8F808B1194AE2E7236958
:1040A0005B689B680A2293F82610204607F017F8F1
:1040B0000546D8B10A2201A90C3006F087FC20463B
:1040C000294607F010F8044618B12846FEF70AF909
:1040D000CEE74FF0FF324FF0FF3306F18C0003F0D4
:1040E00081FE0B3008BF6FF08B04C1E76FF00B044B
:1040F000BEE70024BCE700BF2AEB000018D6000092
:104100004BEB00002DE9F04383B00D460169D0F878
:1041100004800C692B7E02AF0646002A39D0298A1A
:10412000713250480CBF504A504A00910CBF0221D6
:10413000012106F019FB33692A7E5B689B6893F8BE
:104140003D309A4204D1042104F1880007F00BF9B4
:1041500033692A7E5B689B6893F836309A4204D1B3
:10416000052104F1880007F0FEF833692A7E5B68B8
:104170009B6893F826309A4203D104F18C0003F037
:1041800057FE2946404606F0C6FF0437BD46BDE847
:10419000F0834A68926892F83D209A422AD1E94613
:1041A00088B002AA324B5361298A324B93614FF493
:1041B000007393830905304B42F8103F41F4E651F8
:1041C000EB682848FCF772FFCD462A8AE968A06BA5
:1041D00006F0D0F928B1236A1BB104F1280003F0DE
:1041E00087FF04F18800042107F0BDF804F178008E
:1041F00003F07EFF33692A7E5B689B6893F8363054
:104200009A4215D1236A1BB104F1280003F070FF14
:10421000052104F1880007F0A6F8237FABB900233D
:1042200040F6CD4204F1480003F0D2FF012323778A
:1042300033692A7E5B689B6893F826309A42A0D146
:1042400004F18C0003F098FD9BE7236CDA885B890E
:104250009A42EDD00022002304F1480003F0B8FF99
:10426000E6E700BF18D600006CEB000090EB000002
:104270007BD90000CEDD00000300000138B550F806
:10428000783C5B681D6800F1100302460021184667
:1042900006F0EAFF30B9274A0321BDE83840264836
:1042A00006F0EBBF0121184606F0DEFF0028F2D130
:1042B00052F8401C8A8888890969121A92B28A1AAF
:1042C0003F2A01D81D4AE7E7BFF35B8F53E8002F71
:1042D00042F0100143E800100028F7D1BFF35B8FD4
:1042E000D30602D5164A0221D7E72B695B689B6883
:1042F000402293F83D10284606F0F1FE0446C0B176
:10430000438A402B28BF402343820146284606F0BB
:10431000EAFE70B12B695B689B6893F83D300648F4
:10432000084A012106F016FA2046BDE83840FDF79C
:10433000D9BF38BDB1EB000018D60000DFEB00009C
:10434000FDEB00001DEC000038B550F8083C0446B9
:1043500033B92C4A2C48BDE83840012106F08DBF06
:1043600050F8283C5B6800F160051A6800238382DE
:1043700083830221284606F077FFB8B154E9023161
:1043800010699847637D1BB104F1500003F0B0FE43
:104390000521284606F068FF98B9637F6BB10022BB
:1043A000002304F1200003F013FF0AE00321284654
:1043B00006F05AFF0028E1D1E4E714F80D3C002B89
:1043C000EDD10221284606F04FFF38B12369DA8883
:1043D0005B899A4202D0204603F08AFE03212846D8
:1043E00006F042FF60B1A2699388918912695B1A55
:1043F0009BB29A4204D02046BDE8384003F078BE14
:1044000038BD00BF42EC000018D600002DE9F8438B
:104410000546D0F8108000AF1646EFF3118920232F
:1044200083F31288BFF36F8FD8F8400006F0A2F82C
:10443000044689F31188BFF36F8F10B1012388F808
:104440004530D8F840209388918912695B1A8AB068
:104450009BB2D31A6A460949CDE907630523CDE922
:10446000051542F8103F064800234FF42351FCF78E
:104470001DFE2046BD46BDE8F88300BF5AEC000093
:1044800018D6000010B50469BFF35B8F04F18803F0
:1044900053E8001F41F0080143E80012002AF7D159
:1044A000BFF35B8F226C9388918912695B1A9BB270
:1044B0009A420AD00548064A032106F0DEFE04F1BE
:1044C0002800BDE8104003F013BE10BD18D6000050
:1044D00082EC000038B50469BFF35B8F04F18805F6
:1044E00055E8003F43F0040345E80032002AF7D1C5
:1044F000BFF35B8FA36B5A89DB889A4208D00D48C3
:104500000D4A032106F0B9FE04F1280003F0F0FD86
:104510000421284606F0A8FE50B90648074A0321A0
:1045200006F0ABFE04F17800BDE8384003F0E0BDD2
:1045300038BD00BF18D600009DEC0000B8EC0000AC
:1045400070B506693469BFF35B8F04F1880555E8DF
:10455000003F43F0010345E80032002AF7D1BFF3E2
:104560005B8F0E480E4A032106F087FE0221284683
:1045700006F07AFE10B13046FFF7ACFF236A1BB994
:1045800004F1780003F0B4FD0123E37604F1480060
:104590000022BDE87040002303F01ABE18D60000C8
:1045A000D4EC0000F8B5036900AF0C4603F1A00598
:1045B000BFF35B8FD3F8A030BFF35B8FC3F38003EF
:1045C000994218D1184A194B6E4688B0002918BF75
:1045D00013466A461649CDE905134FF40073ADF84A
:1045E0001C30144B42F8103F134800234FF4E451A1
:1045F000FCF75CFDB546BFF35B8F5CB155E8003F4F
:1046000043F0040345E80032002AF7D1BFF35B8F83
:10461000BD46F8BD55E8003F23F0040345E80032ED
:10462000002AF3D0F6E700BF4CEE00000FED0000CB
:1046300016ED00000300000108D600002DE9F04748
:104640000546D0F808A0894690461F4606F02CFF84
:104650000446C0B1067DF30709D5037E1648174A04
:10466000012106F077F86FF07700BDE8F0873B4650
:104670004246494606F0D0FE40B9237E104A0E4815
:10468000012106F067F86FF01200EEE79DF8203088
:1046900084F8198026F00606678323772675DAF8F2
:1046A0001830214628469847227DB0FA80F35B09EE
:1046B00063F300022275D8E708D6000028ED000059
:1046C00042ED000070B50546866806F0EDFE044632
:1046D000D0B1037DDB0708D4037E0D480D4A0121CC
:1046E00006F038F86FF0770070BD0146F369284690
:1046F000984738B1237D03F00103227D63F3000264
:104700002275F1E70346F8E76FF01200ECE700BF0F
:1047100008D6000064ED0000F8B587680546FB6B1D
:104720000C469847286906F0ADFED0B121462846D0
:1047300006F0BAFE0646B8B1037D9B0705D0037E9E
:104740000B4A0C48032106F005F8346824B1BB6815
:10475000314628469847044628463B6C98472046F1
:10476000F8BD4FF0FF34F7E76FF01204F4E700BF35
:104770007FED000008D600002DE9F341D0F8088055
:104780001746D8F83C3005460E4698470C4800229C
:1047900000233946FDF728FD044670B9094A0A4846
:1047A00000963B46012105F0DFFF2846D8F840304F
:1047B0009847204602B0BDE8F0810676F5E700BFD5
:1047C000EC040020A0ED000008D6000010F0080F57
:1047D0000B4B42B20CD100F00F00002A4FF0140234
:1047E00002FB0033B4BFD3F80806D3F808077047BC
:1047F000002AB4BFD3F8A806D3F8A807704700BFB3
:1048000000700240F8B50246EFF31181202383F3D4
:104810001288BFF36F8F00F0080507F061F90124DB
:10482000844057066FEA04061BD0D5B9174F3B6882
:1048300023FA00F0C00714D533403B6053B2DB438A
:1048400022F08000DB0F00F2DA301B0103EB4003A3
:104850000F48C0F80038D0F8043843F00203C0F81D
:1048600004380C4803683340036035B90A480368CC
:10487000120654BF334023430360054BC3F86C4416
:1048800081F31188BFF36F8FF8BD00BFC80E002001
:1048900000700240CC0E0020D00E0020EFF31180FB
:1048A000202383F31288BFF36F8F0A4BD3F8001CC9
:1048B000032261B949F27531C3F8001CC3F8142D05
:1048C000C3F8001C80F31188BFF36F8F7047C3F8E3
:1048D000142DF7E700E00640EFF31180202383F367
:1048E0001288BFF36F8F0A4BD3F8001C61B949F2ED
:1048F0007532C3F8002CC3F8141DC3F8002C80F3E4
:104900001188BFF36F8F70470022C3F8142DF6E7AC
:1049100000E0064070B5024607F0E2F8EFF31185BB
:10492000202383F31288BFF36F8F531E0124062BBD
:1049300004FA00F40FD80E4E0E4B31681B680B437F
:10494000C34013F0010306D10B4802F594722143D2
:1049500040F822303160094A136823431360084B42
:104960008022C3F8042185F31188BFF36F8F70BDD7
:10497000C80E0020D00E002000700240CC0E002097
:1049800000E100E0F8B50306044623D410F0080760
:1049900020D100F00F02920002F1804202F51C3299
:1049A000D2F84434B3B1EFF31186202383F3128895
:1049B000BFF36F8F07F094F8084DC2F8A07401237D
:1049C00003FA00F12B6823EA01032B6086F31188B8
:1049D000BFF36F8F024BC3F81845F8BDD00E00200F
:1049E0000070024010B591F91800154B0A7E00289E
:1049F000B4BFD3F81045D3F8144502F00F020123D9
:104A0000934023420DD10E4A0028B5BFD2F81005BD
:104A1000D2F8140503430343B4BFC2F81035C2F8FB
:104A200014350B7E1A0709D4054AC2F80C3543F435
:104A30008073C2F80C35087EFFF7A4FF002010BD7C
:104A4000007002400B7E064A13F07F0F0BBF01235C
:104A500043F480735365C2F818350020704700BFD7
:104A60000070024070B506460D4606F01DFD044676
:104A700006F023FD28BB204606F042FD08B3802D3A
:104A800016D1437E9A0744BF0E4A15705B070FD5B7
:104A90000D4B1B7813B90D4B01221A65204606F009
:104AA0002BFD002201463046BDE8704006F041BDB6
:104AB0002846FFF72FFF20460121BDE8704006F091
:104AC00000BD70BD4A5200204F52002000700240CD
:104AD00038B50C4606F0E8FC054606F0EEFCB8B921
:104AE000284606F00DFD98B14CB9437EDA070FD485
:104AF0009B0704D5074B1C70074B0122DA64204644
:104B0000FFF708FF28460121BDE8384006F0D9BC70
:104B100038BD00BF4A5200200070024008B5054A67
:104B20000548032106F0E4FF07F028FE02F0EAFC46
:104B3000002008BDCEED000010D6000010B544687E
:104B4000206801F0ADF8104B1860104B1B782BB1AA
:104B50000F4B00221868114606F0DFFC00220121ED
:104B60002720FDF78FF8201D02F09AFC04F10800C1
:104B700002F0D4FC07F0FBFD064A0748032106F0CB
:104B8000B7FF002010BD00BF800E00204C52002057
:104B9000D40E0020D7ED000010D60000012810B57B
:104BA00003461AD002280AD000BB144B0246014625
:104BB000186806F0B2FC124B01221A700CE0114B7F
:104BC000114C00221A70114BC4F800332720FDF756
:104BD00029F80123C4F8043510BD084B0022014612
:104BE000186806F09AFC064B0022E6E7084A0948D6
:104BF000BDE81040012105F0ADBD00BFD40E00207E
:104C00004C5200204B52002000700240FDFFDF019B
:104C1000E3ED000010D600000146014808F02ABA72
:104C2000D804002008B5054B1970054B1B7813B14B
:104C30000420FFF7F1FF002008BD00BF4D52002007
:104C40004E52002010B50469087E0D4A06F048FF58
:104C5000012303FA00F013680343136003F0C4FE5A
:104C60004020FFF7D9FF4FF0FF324FF0FF3304F140
:104C70008401044803F020FB03F0CAFE002010BDAD
:104C8000C40E0020E40400202DE9F043064689B05C
:104C900007694D4A4D48032106F02AFF4C4B1E6020
:104CA00007F1840007F08EFE00220023CDE90623E1
:104CB00000246FF00703CDE90334CDE90144454BEF
:104CC000454900964FF40072444803F095FBDFF825
:104CD00010814449414807F0DCFFD8F81020424BCE
:104CE000134043F4820343F04003C8F81030C14638
:104CF00088F818404146304606F0E8FB3B4B3C4AFA
:104D0000054678B13B4A3148012106F0F1FE2846BC
:104D100009B0BDE8F083016919401143016108F150
:104D20002008E5E70134092C10D009EB4410082CC9
:104D3000817C41F040018174EDD1D9F810112E48E9
:104D400008402E490143C9F81011E8E72C4C2D4BBF
:104D50002269134043F4041343F040032361804667
:104D6000A14668F07F0121763046214606F0AEFB71
:104D70001E4B1F4A05460028C4D108F10108B8F1AE
:104D8000090F17D009EB4810B8F1080F817C41F0EA
:104D90002001817408D1D9F810111748084017492B
:104DA0000143C9F8101103E0016919401143016181
:104DB0002034D6E797F8803023F0760343F076036B
:104DC00087F88030A3E700BFFAED000010D600009E
:104DD000D40E0020B14E000098590020F80A00209F
:104DE000F80F002002EE00000000BEFF0000F9FFF7
:104DF000400006000BEE00000000F7FFFF01080076
:104E0000D80E00200000DEFF10B50C4620461146EB
:104E100006F078FB207E06F063FE0146034806F0AC
:104E200069FE0120FFF7F8FE002010BD1C110020D4
:104E300008B5064A0B7EC2F80C3543F48073C2F8FD
:104E40000C35087EFFF79EFD002008BD0070024073
:104E500010B50C7E4FF0FF324FF0FF33114802F0D7
:104E6000C1FF2046FFF7CEFC04F00F020123934060
:104E70000D4A14F0800F14BFD2F81015D2F8141593
:104E80006FEA030315BF0B400B40C2F81035C2F8A0
:104E90001435044802F070FF044B8022C3F804214B
:104EA000002010BDB80400200070024000E100E0C6
:104EB0002DE9F04FB44D85B004464FF0FF384FF068
:104EC000FF390022CDE900894FF0FF31AF4808F0EB
:104ED000D8F8AE484FF0FF3108F0CFF80746380752
:104EE00033D5AB4AAB48032106F002FEAA4842463E
:104EF0004B4602F077FFEFF31182202383F31288F1
:104F0000BFF36F8FA54B1B787BB1D5F8003413F43A
:104F100000730AD10121C5F82C15D5F82C15D5F848
:104F20000014890548BFC5F82C3582F31188BFF3FA
:104F30006F8F994802F020FF01212046FFF732FBD6
:104F400000220321204606F0E8FAFE060DD5944A19
:104F50009048032106F0CCFD00212046FFF722FBFC
:104F600000220221204606F0D8FAB8060DD58D4A57
:104F70008848032106F0BCFD00212046FFF712FB04
:104F800000220221204606F0C8FAB9075CD4FA07CD
:104F900010D5BFF35B8F844B002253E8008F43E8AA
:104FA00000210029F9D1BFF35B8F0126B8F1000F72
:104FB00040F0AB8079072FD5D5F88004C0B28DF8CA
:104FC0000800D5F88414C9B28DF80910D5F88834D2
:104FD000D5F88C2443EA02239BB2ADF80A30D5F809
:104FE0009024D5F8946442EA0622ADF80C20D5F856
:104FF0009824D5F89C6442EA062292B26B4EADF832
:105000000E20002840F09A80052940F09780012169
:105010003170002A00F09E807B067FF54EAF20693C
:1050200084304FF0FF324FF0FF3302F0ADFD604EA1
:105030003168002940F0CA805E4803F007F9206912
:10504000843002F013FE38E75B4BBFF35B8F002226
:1050500053E8008F43E800210029F9D1BFF35B8FAB
:105060004FF0010BB8F1000F91D098FAA8F3B3FA02
:1050700083F30F2B1E46C6BFA3F11006F6B246F00F
:1050800080060BFA03F328EA03083306314620466C
:105090001FD506F009FA824606F02EFA814650B96D
:1050A000464A3C483346012105F054FB3146204630
:1050B000FFF7D8FCD6E70021504606F002FA00229E
:1050C0004946204606F035FA802E08BFC5F850B094
:1050D000ECE706F0E9F9824606F00EFA814650B98F
:1050E000374A2C483346012105F034FB314620462F
:1050F000FFF7EEFCB6E75046002106F0E2F9002289
:105100004946204606F015FAF0E798FAA8F3B3FAF4
:1051100083F30F2B1946C6BFA3F11001C9B241F0AA
:10512000800106FA03F30A0628EA0308204602D59E
:10513000FFF798FC3AE7FFF7CBFC37E7214900235C
:105140003370D5F87024097891420AD11E4B0022A1
:105150001A7013E003F07F03ADF80A30ADF80C20AD
:10516000F4E7194901220A7032704FF4A062ADF8D9
:105170000820D5F87024ADF80A20039302A9204630
:1051800006F0FEF948E700BF00700240D804002096
:1051900027EE000010D60000B80400204B5200207B
:1051A0003EEE000054EE00001C1100204F52002083
:1051B000C40E0020E4040020181100206CEE000052
:1051C00085EE00004D5200204E52002091FAA1F7CA
:1051D000B7FA87F70F2F3946C6BFA7F11001C9B23A
:1051E00041F08001204606F05FF9804690F8189063
:1051F0004FF0FF324FF0FF33134802F0F3FD484603
:10520000FFF700FB104802F0B7FD104B8022C3F8F7
:1052100004214146204606F0A4F90021404606F04C
:1052200050F9BFF35B8F0123BB40094ADB4352E8CF
:10523000000F184042E800010029F8D1BFF35B8F4E
:10524000326813403360F3E6B804002000E100E068
:10525000181100204FF08053D3F83031082B02BFD3
:10526000024B0022C3F81C2C704700BF00700240A4
:105270002DE9F04105464FF0FF324FF0FF33414832
:1052800002F0B0FD404B8022C3F884212720FCF7B8
:10529000EBFCA8B13D4F3E4B3C681B686FF30F041D
:1052A0001C434FF00108002C37D13A4E40F2FF1357
:1052B0003B602720C6F80445FCF7C2FCC6F8004353
:1052C000354A13788BB1334B0021C3F80811012103
:1052D000C3F80026C3F804165960D3F80811002952
:1052E000FBD00021C3F8081111702A4B0024C3F829
:1052F0000045FFF7AFFF234802F03EFD2146284658
:10530000FFF7E0F9F0B1254A2548012106F0F0FB4E
:105310006FF004052846BDE8F08194FAA4F6B6FAC9
:1053200086F60F2E3346C6BFA6F11003D8B243F05F
:105330008000030701D4FFF765FA08FA06F624EAAD
:105340000604B0E728468021FFF7BCF9054600288F
:10535000D9D1144B14491E68304605F083F810F17A
:10536000780F044603D1304605F058F80446002C67
:10537000D0DA0E4A0A482346012105F0EBF925460A
:10538000C8E700BFB804002000E100E0D00E002014
:10539000CC0E00200070024048520020A2EE000017
:1053A00010D60000800E0020700E0020C5EE000018
:1053B0002DE9F04FAD4BDFF8B8A2D3F85421AD4F33
:1053C00087B00AB30022C3F85421D3F80423910212
:1053D0001AD5D3F8C034002B14BF4FF001224FF47C
:1053E0008072A54B9B683BB99AF8000006F078FBE9
:1053F0000123834022EA03023B6813439F4A3B6038
:10540000136823F001231360984BD3F8604134B143
:105410000022C3F86021D3F86C44C3F86C44D3F87D
:1054200028214AB10022C3F82821954B187806F0AC
:1054300057FB012383401C439AF800509AF90080DF
:105440002A0700F10B81B8F1000FB4BF8D4B8E4BD2
:1054500005F00F02920013441A684AB300221A6042
:105460002846FFF7B3F9894B1A7800F00100504045
:105470001870FFF7EFFE864B28461A6806F030FBDF
:10548000C240D307064600F12381B8F1000F80F235
:105490000F81882D00F00C81784A01231168B340F8
:1054A0000B43136081238AF80030734802F064FCD8
:1054B0008CB13B68714ADFF8DC9124F001210B4389
:1054C0003B60136823EA01031360A4B24FF00108A4
:1054D000002C40F00381654BD3F800217AB1002401
:1054E000C3F800416C4B1C706C4A6D48032106F0F8
:1054F000FFFA684B22461868042106F00EF85B4B51
:10550000D3F858212AB30022C3F85821D3F8004415
:10551000C3F80044E00505D55F4B012208201A704E
:10552000FFF77AFBA10505D55B4B002210201A700E
:10553000FFF772FB62050CD5574B1A784AB100226F
:105540001A704A4B0122C3F8082520209A65FFF7FC
:1055500063FB464BDFF838B1D3F85C31F3B1464B0F
:105560009B681BB99AF800305B0617D03F4B0022AE
:10557000C3F85C21DBF80030404A23F00113CBF87C
:1055800000303B6823F4803343F001033B60136831
:10559000042023F001131360FFF73EFBDBF800400B
:1055A0003B681C4000F03381304BD3F82C95B9F1A7
:1055B000000F40F02C8130480022002302F012FC42
:1055C000002840F0248114F001230CBF94FAA4F3C6
:1055D00093FAA3F3B3FA83F30293029B9DF8084076
:1055E0000F2BC8BF103C2B4BCCBFE4B244F080045F
:1055F0001868214605F058FF039005F081FF63B25B
:10560000049304F00803059363B2002B064680F26E
:105610009C80039B058A5B8BD0F80C80C3F30A0344
:105620009D4240F28C801D46002608F06043B3F195
:10563000005F06D041461B48DFF868802A4607F025
:1056400036FD002E00F0B380029B01229A40DBF869
:10565000003023EA0203CBF80030A8E0124B134AD3
:1056600033EA280328BF1346F6E600BF0070024065
:1056700049520020D00E0020B8040020C80E00209F
:105680004A52002008710240307102404852002006
:10569000CC0E0020D40E00204B520020DCEE000087
:1056A00010D60000840E0020507102402C71024080
:1056B0006348314606F01EFA0220FFF7ADFAB8F152
:1056C000000FFFF6E9AE013D062D7FF6E5AEE9E6F7
:1056D000002DF4D15B4B0122DA64E3E694FAA4F5E1
:1056E000B5FA85F508FA05F345F080052946D9F89D
:1056F000000024EA030405F0D7FE05F001FF06468A
:105700002846FFF763F8014606F10C0005F080F922
:10571000338A002B7FF4DCAE304605F0F5FE18B17D
:10572000304605F0F5FED3E6284606F0D9F90146E5
:10573000434806F0DFF90220FFF76EFAC8E605F0ED
:10574000E3FE80F00106F6B26FE704F008023D4B7D
:10575000002A5FD0D3F8C03413F4803F08BF9946C5
:10576000328AF368758A03EB0208AD1A72699B1AD4
:10577000ED1A4D4553D2344A344800954B46012129
:1057800004F0F2FF294606F10C0005F019F9039B1D
:105790005B8BC3F30A034B457FF456AFF268716924
:1057A000738A521A9B1A328A93423FF44DAF4FF0DC
:1057B00080530121D3F83031082B02BF214B8222C4
:1057C000C3F81C2C029B3A688AF8004001FA03F3E4
:1057D00022EA03023A6004F008021A4B0ABB049A58
:1057E00004F00F04002A4FF0140202FB0432A9BF98
:1057F0000A3403EB8403C2F80087C2F80457AFBF32
:1058000043F82410C2F80086C2F80456596007B065
:10581000BDE8F08F04F5947253F82290A0E74D464E
:10582000B0E7049A002AB5BFC3F8A086C3F8A087E2
:10583000C3F8A456C3F8A457B4BF59629964E6E705
:105840001811002000700240E2EE000010D60000A7
:1058500010B5EFF31184202383F31288BFF36F8F09
:10586000164B1B7803F0FF02CBB11549D1F82C354C
:1058700013B30023C1F82C354FF08053D3F83031E7
:10588000082B0CD10F4BD3F8000CC02188B949F27A
:105890007530C3F8000CC3F8141CC3F8000C84F373
:1058A0001188BFF36F8F002A0CBF6FF00A00002031
:1058B00010BDC3F8141CF2E71A46F0E74B52002063
:1058C0000070024000E0064073B5002200921146CD
:1058D00040230446FEF7B2FE024648B1604A6148E2
:1058E000012106F005F96FF00404204602B070BDF6
:1058F0000090402320468021FEF7A0FE04460028A9
:10590000ECD15949594B4860C860012618688E602F
:1059100004F039FD051E07DA554A52482B46314638
:1059200004F018FF2C46E0E7EFF31185202383F302
:105930001288BFF36F8F4F4B4FF40062C3F80024FF
:1059400006F0C0F808B1FEF7A9FF4FF08053D3F876
:105950003031082B18D1EFF31180202383F3128804
:10596000BFF36F8F444BD3F8001CC022002970D1C5
:1059700049F27531C3F8001CC3F8142CC3F8001C9D
:1059800080F31188BFF36F8F3A4B0122C3F80025D3
:10599000D3F800241205FBD54FF40062C3F80024AD
:1059A0004FF08053D3F83031082B17D1EFF311802B
:1059B000202383F31288BFF36F8F2F4BD3F8001C83
:1059C000002949D149F27532C3F8002CC3F8141CE0
:1059D000C3F8002C80F31188BFF36F8F06F072F8C4
:1059E00030B1FEF779FF06F06DF808B1FEF756FF0B
:1059F0004FF08053D3F83031082B1E4B0AD140F2C0
:105A0000E372C3F800284022C3F80428BFF36F8F65
:105A1000BFF34F8F8022C3F81C250122C3F8302525
:105A2000164B40F2FF121A60154B00211960154BFE
:105A30001960154B1970FFF70DFC144B197006F027
:105A400041F808B1FEF748FF85F31188BFF36F8F67
:105A50004BE7C3F8142C93E70022C3F8142CB9E7E2
:105A600001EF000010D60000700E0020800E002014
:105A700023EF00000070024000E00640D00E00203E
:105A8000CC0E0020C80E0020485200204A520020B0
:105A9000084B70B5C31A0D4607499B10044659437D
:105AA0000648402206F06BF82B4601462046BDE82A
:105AB0007040184734110020B76DDBB638D20000B3
:105AC00073B50C4C0C4A4023041B00930D460B4647
:105AD0000A49A41061430646094806F07CF80146CD
:105AE00028B130462B4602B0BDE87040184702B0DE
:105AF00070BD00BF3411002043BC0000B76DDBB6A1
:105B000038D200000022F8B5012105461046FCF706
:105B1000B9F8104801F014FA0446B8B901F030FAA7
:105B20002F690D49384604F01BFC031E09DB0126D2
:105B30003E642D69084905F11C0004F011FC031EA8
:105B400002DA1C462046F8BDEE64FBE76FF0040461
:105B5000F8E700BF855C0000C4D700001FB5002235
:105B60000123CDE902236C46074A6B46CDE9004488
:105B700006F060F828B94FF480420023684602F02E
:105B800031F904B010BD00BF55BC000010B5EFF3F3
:105B90001184202383F31288BFF36F8F074A1368A1
:105BA00023F00201DB07116002D4012006F0D9FACC
:105BB00084F31188BFF36F8F10BD00BF84110020E4
:105BC00030B4104B0C2202FB003301460020D3E915
:105BD0000E529863EFF31180202484F31288BFF3F0
:105BE0006F8F1C6C04F0C00444F002041C6480F34A
:105BF0001188BFF36F8F1DB12B46034830BC184787
:105C000030BC70473411002038D2000010B4EFF3DC
:105C10001180202282F31288BFF36F8F17490B681F
:105C200043F0020413F001030C601AD04FF08043DC
:105C3000D3F80C14D3F80C3413F0010311D0EFF3A4
:105C4000118182F31288BFF36F8F0D4A136C03F03A
:105C5000C00343F00203136481F31188BFF36F8F15
:105C6000012380F31188BFF36F8F1BB110BC00209C
:105C7000FFF7A6BF10BC012006F06BBA841100200C
:105C80003411002010B1012804D07047034B1B6C65
:105C90005B0701D1FFF794BF704700BF34110020AC
:105CA000024AC3B21C2000FB0320704734110020BD
:105CB000F8B52A49BFF35B8F0546012251E8003F42
:105CC00041E800200028F9D1BFF35B8F33B92449A4
:105CD00024484B60CB608A6004F055FB6B1E012B9F
:105CE0003BD8012D07D14FF08043D3F81C3403F08B
:105CF0000303012B31D006F0C6FFA0B91A4B1E7862
:105D00004FF080440223C4F808330127D4F8182444
:105D1000D4F81834D20308D4002EF7D00021212063
:105D200007F095F8F2E70026EAE703F00303012BFA
:105D30000ED0D4F818354BB9D4F8042132B1C4F8D8
:105D40000431D4F80431C4F81875A760012DE3D1EB
:105D50004FF080430222C3F80423F8BD3011002025
:105D600020110020501100209652002008B507484D
:105D700006F02EFD38B10648FCF7F4F90448FAF7AE
:105D8000FBFD002008BD6FF01200FBE7C4D200004D
:105D9000955D00000A2838B5074D044604D1AB686C
:105DA0000D215B6828469847AB6803485B68E1B201
:105DB0009847204638BD00BFC4D200002DE9F0430B
:105DC000476840F20636D0063B7C87B002EA0606FA
:105DD00054BFC2F3401C4FF0030C01F01F05B6F591
:105DE000837F144645EA43158DF803C044D00DD88F
:105DF000062E16D005D8A6B1022E3FD06FF01500A2
:105E000037E0B6F5807FF9D101260AE040F20222A0
:105E1000964235D0B6F5407F34D0B6F5007FEDD14F
:105E20000226220330D57A6801238B40C2F8083558
:105E3000B868A0BB05F01F036D092DD0012D77D1E7
:105E40003E4A02EB8302C4F30043D2F8001783F00A
:105E50000103C4F3404444EA430421F4E16144EA09
:105E60008C0421F0070144EA06230B43C2F80037F3
:105E7000002007B0BDE8F0830726D2E70426D0E76C
:105E80000526CEE70326CCE7630341BF01237A68EA
:105E90008B40C2F80C35CBE74FF0A042D1E70DF1B3
:105EA0000202294606F0CDFB14F4403F80460CD197
:105EB000B868294606F0FAFBB8F1000FD8D19DF872
:105EC0000210B86801F0F4F9D2E74FF0000901AB15
:105ED000CDE90199CDE90439CDF80C90B86803AA51
:105EE000294606F083FA4845C2DB14F4003314D087
:105EF000C4F300449DF803308DF80E3084F00104A3
:105F00008DF80C608DF80D40B8684B4603AA294601
:105F100006F01FFB0028CFDAAAE7CDE904330DF124
:105F200003030393B86803AA294606F05FFAF1E772
:105F300003F5E07350F82330FFDE00BF000300508C
:105F4000420970B5034602D0012A17D070BD0D4E2C
:105F5000326951680029F9D003F01F0301250C684C
:105F60009D400029F2D08A682A4002D04B68304612
:105F700098472CB1236821461C46F2E7024EE7E71A
:105F80002346F8E770D2000054D2000038B54568C7
:105F9000A86890B106F084FB014670B9A86806F0C5
:105FA00063FB044658B902460649A86806F046FB5A
:105FB000224605210620FBF765FE002038BD6FF064
:105FC0000400FBE7415F0000F0B544681646A06896
:105FD000227C01F01F0587B045EA421500286DD0EC
:105FE000B6F5001F04D1294606F0B3FB002056E0A9
:105FF0006268607CC2F8240501AA0020B6F5800F13
:106000000190506037D1B3F1007F14BF0523042302
:106010008DF804300023CDE904230393E36823FAC9
:1060200001F111F001010DF103073AD1B6F1A07FA2
:1060300037D105F01F036A0903F5E07326D0012A62
:106040003FD1214A52F82330DB072AD4A0683A46D0
:10605000294606F0F6FA16301BD00297A06803AA6C
:10606000294606F0C3F9002819DBA0680122294659
:1060700006F01EFBBAE7B3F1C06F05D0B3F1007FA5
:1060800014BF01230223C3E70323C1E74FF0A0425B
:10609000D8E7A068394601F011F90028DDDA07B029
:1060A000F0BDA0683A46294606F0CBFA0028D5D1C3
:1060B0009DF80310A06801F0FBF8CFE76FF08500B2
:1060C000EDE751F82330FFDE00030050036803F0D2
:1060D0001F025B09026004D0012B034818BF002097
:1060E00070474FF0A0407047000300502DE9F04F7B
:1060F00000EB8108464985B01646824640F2FF19FA
:10610000D04503D1002005B0BDE8F08FDAF80030AB
:10611000C3F3C72B1BF0080BC3F3C320C3F308045E
:106120006FD13C4A1B0E155C4C4508BF4FF0FF3445
:106130000C2B69D8DFE803F007171D592055596863
:106140006868685C6200C6F80C45621C46D003A80B
:106150000394FFF7BBFF039B012707FA03F3C0F883
:106160000835384618E0C6F81445631C36D00027B9
:10617000F7E7C6F80845E8E7C6F808450027601CB9
:106180002CD003A80394FFF7A1FF039B84460120B2
:1061900000FA03F3CCF80C35DAF80030019303F47D
:1061A000004CBCF1000F08BF834603A818BF0127AD
:1061B0000394FFF78BFF039C019B00EB8400C3F368
:1061C000412CD0F800472B0243EA8C0343EA0B032F
:1061D0000C40234343EA4703C0F800370AF1040A9E
:1061E0008EE7C6F80C450127C9E7C6F81045BCE79D
:1061F000C6F80845002DB8D10625B6E7C6F80C4507
:10620000F8E76FF015007EE76FF085007BE700BFD1
:10621000F0F8FCFF50F2000070B5036903F500527E
:1062200000244FF40051C2E901441360D4601161AD
:1062300003F580420B441833C2E90634C2E908442E
:1062400091624668094905460246306805F08DFDB1
:10625000064970682A4605F088FD306805F080FD23
:10626000706805F07DFD204670BD00BF71620000C2
:106270002DE9F04F85B0044600AF0E4642F2180BF0
:10628000A3685B6C0BB120469847A3681B6C002B7E
:1062900000F03A8120469847002840F33581A368F2
:1062A0005B6B33BB73683569D3F800A054455DD090
:1062B0004FF001080BFB085242F2040342F20C01BA
:1062C000D35A515A5B1A42F210019BB25258D31A58
:1062D00040F6A92293424ED8A368DB6A0BB1204650
:1062E00098470BFB085842F21403012208F80320D8
:1062F00003E0204698470028D4D1A3685B6A002BAE
:1063000040F0A7807268356913689C420CBF012376
:10631000002342F2180152F823207A600CBF88460D
:106320004FF0000842F20A0208F500599044A944CF
:10633000A84401FB035542F20603AA5AEB5A9B1AE2
:106340009BB2B3F5005F07F10C0228BF4FF4005376
:106350004146484604F0BFF8024600287FD1A368B2
:106360001B6A002B8CD02046984789E7D3F804A0FD
:106370004FF000089EE7C8F1000808EA0B0808F58E
:10638000005908F5005808F10408A944B3F5005F66
:10639000454428BF4FF4005307F10C0229464846F4
:1063A00004F099F88046A8B96D4688B023686A461B
:1063B0005749CDE905134FF40073ADF81C30554B28
:1063C00042F8103F4FF4E45103465348FAF76EFE8B
:1063D000AD4692E7A368F9689B69EBB10246204697
:1063E0009847031E1BDA2946002248467B606D460B
:1063F00004F0A7F88AB021686A4648487B6807938A
:10640000CDE905014FF400731384454B42F8103F6A
:1064100000234FF41151D8E76FF05703E3E71A4612
:106420002946484604F08DF8002809DA6D468AB0FE
:1064300023686A463B49CDF81C80CDE90513E1E7A6
:10644000DAF80830DB69002B3FF457AF5046984725
:1064500053E72046984700283FF412AF52E7A3685D
:10646000F9685B690BB320469847B0F1000A1FDA60
:1064700041460022484604F064F86D468AB021681F
:106480006A462948CDF81CA04FF40073ADF82030BF
:10649000234BCDE9050142F8103F1F4800234FF47C
:1064A0001151FAF703FEAD46EAE66FF0570ADFE74F
:1064B00052464146484604F044F8031E05DA1B4A9A
:1064C0001548012104F046F9DAE642F2140815F8FD
:1064D0000830002B3FF4D4AE42F2040342F20C0227
:1064E000EB5AAA5A9B1A42F210029BB2AA58D31A2C
:1064F00040F6AA2293427FF6C3AE786805F030FCDE
:10650000002305F80830BBE61437BD46BDE8F08F20
:10651000A6EF000003000001F8D50000B8EF00006E
:1065200004000001C9EF0000EBEF0000FCEF0000E9
:10653000F0B583B04A68D2E90035984200AF04460E
:106540000E4602D0854230D11D4675B3A3681B6943
:10655000A3B139462046984790B9AB68DB683BB396
:10656000394628469847034628B36C468AB02968BE
:106570006A461B480793CDE9050109E06FF0570013
:1065800023686C468AB06A4616490790CDE9051320
:106590004FF400731384144B42F8103F00234FF460
:1065A00012511248FAF782FDA5460C37BD46F0BDE0
:1065B0006FF05703D9E76C468AB03D683879316887
:1065C0006A460B4ECDE9070140F20241ADF82410B6
:1065D0000849CDE9056542F8101F4FF43351E0E753
:1065E00040F000001AF0000004000001F8D500009F
:1065F00066F0000005000001F0B54B79012B5FD07B
:10660000032B40F092801024CD7915B1012D40F07C
:106610008C800A791AB1022A40F087800E220B681A
:10662000B3F5967F4ED0B3F5167F4ED0B3F5966F87
:106630004ED0B3F5166F4ED0B3F5965F4ED0B3F58E
:10664000165F4DD0B3F5615F4CD0B3F5964F4BD08C
:10665000B3F5E14F4AD047F61226B34248D0B3F51E
:10666000164F48D04DF6C026B34247D0B3F5614F20
:1066700047D0B3F5963F47D0B3F5E13F46D0B3F5E9
:10668000613F46D02A4EB34246D0B3F5E12F46D003
:10669000B3F5612F46D0274EB34246D14FF0805319
:1066A000476806693F68C7F8243543682C431B6870
:1066B0002243C3F86C2503C986E803000020F0BD1F
:1066C0000024A1E74FF4A033EAE74FF41C33E7E7D7
:1066D0004FF49E23E4E74FF41D23E1E7164BDFE779
:1066E000164BDDE7164BDBE7164BD9E7164BD7E722
:1066F0004FF40003D4E74FF41D03D1E74FF46503D3
:10670000CEE74FF46B03CBE7104BC9E74FF0EB73C9
:10671000C6E74FF06C73C3E74FF08063C0E74FF0FC
:10672000E863BDE74FF07063BAE76FF08500C6E736
:1067300090D0030040420F0000B01300005027002B
:1067400000F03A0000A04E0000C0750000903A0131
:106750002DE9F041044647680D4606F094FA88B1E9
:106760004FF02008EFF31186314688F31288BFF30B
:106770006F8F606805F0B2FB50BB86F31188BFF3E2
:106780006F8FEFE71F4B1B78002BE9D04FF02008ED
:106790006426606805F0A2FB70B9012005F088FC52
:1067A000013EF6D10021212006F051FBF0E786F3EF
:1067B0001188BFF36F8FF5E7EFF31186314688F349
:1067C0001288BFF36F8F606805F088FB0028EED059
:1067D0007B691D7063687A691B680020C3F84425D3
:1067E0000122C3F84825C3F82001D3F82041C3F89B
:1067F0005801D3F858019A6081F31188BFF36F8F65
:10680000BDE8F081965200202DE9F041436805462D
:106810000121D86805F0B6FB29692846FFF7ECFE90
:10682000002856D16F68D7E9004313F0010318D050
:10683000D5F8108004F10C0108F1140204F59070F1
:1068400005F073FC061E07DA234A2448012103F0F1
:1068500078FF3046BDE8F08198F8140000F05CFB4A
:1068600001230822C4F800257A69C4F844250121CF
:106870000022C4F84825A1606BB9D4F82031002B60
:10688000FBD0C4F82021D4F820310123E3604FF479
:106890008073C4F80433D4F85831002BFBD00021A6
:1068A000C4F800156D682C68E86805F06BFB0823D8
:1068B000C4F800352A7A52B9AB69C4F834350123DB
:1068C000C4F83835C4F81021D4F81021236000260C
:1068D000BFE76FF08506BCE7ABF0000000D6000014
:1068E00070B5012383400F4ABFF35B8FDC4352E84E
:1068F000001F01EA040542E80056002EF7D1BFF35D
:106900005B8F4FF4803282400748C0F80823BFF302
:106910005F8FBFF36F8F03EA0100003818BF0120BB
:1069200070BD00BFD45100200010014011B3BFF36F
:106930005B8F0123104A834052E800CF4CEA030CDE
:1069400042E800C10029F7D1BFF35B8F0B4A4FF437
:1069500080338340C2F80433094BBFF35B8F1B685D
:10696000BFF35B8FC340DB0742BF064B4FF40032DF
:10697000C3F80021704700BFD4510020001001402F
:10698000D051002000E100E00D4B1868010A00061C
:10699000BFF35F8F0B4BD3F80435181841F100019A
:1069A000B3F5801F0AD2084BD3E90023904271EB64
:1069B000030303D210F1807041F10001704700BF62
:1069C000DC51002000100140980B00202DE9F04F11
:1069D00085B016461F469DF840A00446FFF780FF8D
:1069E0000190FFF7D1FFB04271EB07035ED23E4B3F
:1069F000301A67EB0101984271F1000109D36FF081
:106A0000150520460199FFF791FF284605B0BDE81E
:106A1000F08F364B03EB0413D3E902239F4208BFE8
:106A2000964254D032494FF4803804F1500508FAA8
:106A300004F8AD00C1F848832046ADB205F018FB5C
:106A400026F07F4B05F1804504F5A87305F58835E0
:106A5000DC464FF003090293029A2CF07F4341F881
:106A60002230C1F84483D1F80435224A6FF0020085
:106A7000C01A604420F07F40904228D9286868B14D
:106A8000D1F804350393A3EB0B0020F07F40B0F561
:106A9000000F1CD9204605F0EBFA039BBAF1000F5A
:106AA000ADD109EB030C09F10109D5E7BAF1000FEB
:106AB000A5D10123104ABFF35B8FA34052E8000F1A
:106AC000184342E800010029F8D1BFF35B8F074962
:106AD0000E98230101EB0412C8500F9B5360C2E9CA
:106AE000026700258DE700BF01008000800B0020B9
:106AF00000100140FDFF7F00D05100207FB51C4CED
:106B00001C4BC4F80833C4F848331B4B00254FF026
:106B1000FF304FF0FF31C4F80855C3E902014FF4CC
:106B20008033C4F80433154B02264FF400320121A0
:106B3000C4F804631120C3F880212A46FBF7A2F8A9
:106B40001120FBF76FF80E4A0123A3602360136046
:106B50000C4B0D4A0093CDE9015500232846FFF761
:106B600035FF3046FFF7A4F8284604B070BD00BFDB
:106B70000010014003000F00800B002000E100E046
:106B8000D45100208D6B0000FFFF7F00D0B522F0B4
:106B90007F44FFF7F9FE134AD2E90031C01AC31847
:106BA00041F10001C2E900310F4B00221A60A4F547
:106BB0000013B3F5400F09D20C4B1B681A0A1B06D1
:106BC0001E190B4B42F10007C3E90067EFF3118177
:106BD000202383F31288BFF36F8FBDE8D04002F00B
:106BE000E1B800BF900B0020D8510020DC510020FC
:106BF000980B00202DE9F7432E4CD4F80433990765
:106C00000BD5D4F8043143B12B4A0023C4F8043126
:106C1000D4F80431136801331360D4F80433DA0371
:106C200043D5BFF35B8F254B53E8002F22F00101C2
:106C300043E800100028F7D1BFF35B8FD30702D4DD
:106C4000D4F840318BB30025C4F84051D4F840311A
:106C5000FFF79AFEEFF31182202383F31288BFF32C
:106C60006F8F174BD3E90267B042B94120D34FF081
:106C7000FF304FF0FF31C3E90201D3E900981D60F6
:106C80004FF48033C4F84833C4F84051D4F840314D
:106C900082F31188BFF36F8FB9F1000F05D0CDF8E3
:106CA000008032463B460020C84703B0BDE8F08371
:106CB000A946EDE700100140DC510020D051002032
:106CC000800B002030B5104B1B680021181841EBD9
:106CD00001040E4BB0F5000F74F10005D3E9002359
:106CE00085B00BD2821844EB0303CDE901110849AA
:106CF00000910020FFF76AFE05B030BD054812186C
:106D000043F10003F1E700BFD8510020900B0020B1
:106D10008D6B0000FFFF7F0008B5FFF735FE034BCA
:106D20001B68C01A024B186008BD00BF900B002002
:106D3000D8510020024AD2F80034002BFBD0704713
:106D400000E0014010B54FF08053D3F83021082AFD
:106D50004ED14FF080420021C2F80C11C2F8101140
:106D6000C2F8381502F54042D3F80414C2F82015D1
:106D7000D3F80814C2F82415D3F80C14C2F8281557
:106D8000D3F81014C2F82C15D3F81414C2F8301527
:106D9000D3F81814C2F83415D3F81C14C2F84015EF
:106DA000D3F82014C2F84415D3F82414C2F84815B7
:106DB000D3F82814C2F84C15D3F82C14C2F8501587
:106DC000D3F83014C2F85415D3F83414C2F860154F
:106DD000D3F83814C2F86415D3F83C14C2F8681517
:106DE000D3F84014C2F86C15D3F84434C2F87035A7
:106DF00005F04EF918B1374B374AC3F88C2605F029
:106E000047F918B1354BFB22C3F8182505F040F9B6
:106E100058B14FF080424FF08051D2F8E43ED1F8A3
:106E2000581261F30303C2F8E43E05F031F920B1D2
:106E30002B4B4FF40072C3F840264FF08053D3F829
:106E40003031082B17D14FF08043D3F80024D207FC
:106E500044BF6FF00102C3F800244FF08053D3F811
:106E60003431042B81BF4FF01023D3F808224FF0A8
:106E70008043C3F858254FF01023D3F80022002A8E
:106E800003DBD3F80432002B22DA164901234FF03A
:106E90001020C1F804351224FFF74CFFC0F800425F
:106EA000FFF748FFC0F80442FFF744FF0023C1F892
:106EB0000435FFF73FFFBFF34F8F0B490B4BCA68F9
:106EC00002F4E0621343CB60BFF34F8F00BFFDE7D6
:106ED00010BD00BF005000404881030000F000409A
:106EE0000090024000E0014000ED00E00400FA05DF
:106EF000014B1860704700BFE051002010B5054BF2
:106F00001868144605F0D6F80028A4BF20700020A9
:106F100010BD00BFE0510020024A01238340C2F8A7
:106F20000435704700F00140014B00201B681847F2
:106F3000E4510020014B1B68184700BFE4510020BA
:106F400010B50C4C237993B9012323710A4B2060AF
:106F5000002818BF184600F04BF850B923680748BE
:106F6000002BBDE8104008BF184600F091B86FF044
:106F7000770010BDE4510020296F0000356F00003C
:106F800008B5064B1B682BB10020FAF76DFE08B957
:106F9000FAF748FE024B01221A7008BDE4510020A6
:106FA0009452002038B54FF080440123C4F80833D0
:106FB00063600023C4F80031D4F8003142F2107548
:106FC000D4F80C24D4F80C34D20307D5DB0705D54C
:106FD000012005F06DF8013DF2D138BD05F0D0F883
:106FE0000028FAD0014B00225A71F6E7EC5100203C
:106FF00010B508490C794CB9012308600B7105F0F4
:10700000BFF808B9002010BD4C71FBE76FF07700A6
:10701000F9E700BFEC5100204FF080430022C3F895
:107020000021D3F80021094901221A60096811B131
:10703000C3F804237047D3F80021002AFBD00022B4
:10704000C3F80021D3F80031704700BFEC51002095
:1070500010B54FF08043D3F80423D20715D5D3F8E9
:10706000002192B10022C3F800210121D3F80021B0
:10707000C3F8081305F084F8044B10B15A7922B90B
:107080005971BDE810401B68184710BDEC51002035
:10709000074A137943B90121106011714FF0804202
:1070A0001846C2F8183570476FF07700704700BF78
:1070B000F451002010B54FF080431D4CD3F8181444
:1070C000D3F8182411F4803F1AD002F00302012AE9
:1070D00001D092B900224FF08043C3F81825002256
:1070E000C3F80421D3F8042101229A6022688AB9E6
:1070F000D3F80421002AFBD014E005F052F8E9E7A8
:10710000D3F81424D107E5D5D3F81C249207F4D47E
:1071100022681AB10222C3F8042310BDD3F8042157
:10712000002AFBD00022C3F80421D3F80431F4E78D
:10713000F4510020F8B54FF08043194FD3F80443C1
:10714000012504F01A04002604B9F8BDB4FA84F04D
:10715000C0F11F00830003F580739BB203F18043ED
:1071600005FA00F2196892B224EA02040029EBD071
:107170001E601B684FF08043022AC3F808230BD11E
:10718000D3F81814D3F81814890705D1C3F8185583
:10719000C3F804239D60D7E73B68C0B29847D3E7A4
:1071A000F4510020036803F01F025B09026004D061
:1071B000012B034818BF002070474FF0A0407047D4
:1071C00000030050034A430900F01F00D35C184439
:1071D000C0B2704758F20000024611F0010030B50D
:1071E00015D18B07C1F3400022D51249D1F82005F3
:1071F00050604FF08052C1F82005D2F83021082AA3
:1072000008BFD1F82025003818BF012010E04FF04A
:10721000A0444FF08055D4F820351360C4F82035D1
:10722000D5F83051082D08BFD4F82045002BD8D010
:1072300030BD00BF00030050F7B504460846FFF715
:10724000C1FF04EB40060D46B38ADB072AD5204672
:1072500005F0AAF82946204605F016F850B1204658
:1072600005F028F8276807EB80000023C0F81035E8
:10727000C0F810352946204605F045F80021B182B6
:1072800001A80195FFF78EFF019B00EB8300074BE0
:10729000D0F80027134043F00203C0F80037084637
:1072A00003B0F0BD6FF01500FAE700BFF0F8FCFF87
:1072B000014804F01DBF00BFA003002010B5044822
:1072C0000C4604F0F7FE0028A4BF2070002010BD7B
:1072D000A00300202DE9F04F074689B057F8049B22
:1072E000D9F80413C9B28346082241F00041484648
:1072F00005F032F8051E2FDA0023032106A8CDE998
:107300000633FFF769FF634B01930DF118084FF047
:10731000000A019A604912F8013B0192DA0803F071
:1073200007038A5C22FA03F3DB071CD40AF101038A
:10733000022B08F104084FF0010AEAD14FF0004196
:107340000022484605F008F8032106A8FFF744FF8D
:107350000028D8D125F000450124002D40F084807C
:1073600009B0BDE8F08F4D4B53440293D8F800604C
:10737000002EDBD0029B96FAA6F61C78B6FA86F6AB
:1073800046EA44142046FFF71DFF0BEB4000F208CD
:10739000818A18F802000594C1F3820303930093D5
:1073A00006F00706012303FA06F620EA060008F8AD
:1073B000020005A8FFF7F6FE059A039B02F5E072AE
:1073C00011F0100F50F82260C6F3014633D0009A36
:1073D0003846214604F078FF05A80594FFF7E2FE41
:1073E000059B03F5E073F6B250F82330C3F3014375
:1073F0009E4207D10021204604F037FF3146204647
:1074000004F033FF05A80594FFF7CCFE059B01228D
:1074100002FA03F3C0F820354FF08053D3F830312F
:10742000082B01BFD0F82035D0F82035D0F8203512
:10743000D0F820359AE7022E14BF022103212046FE
:10744000039304F012FF039B032B03D0022E07D1FA
:10745000012BD7D1009A2146384604F035FFD1E7F9
:10746000032ECFD1022BF4E795FAA5F3B3FA83F3F9
:1074700004FA03F225EA020503F5A2720BEB4303BB
:1074800059F82220B3F87C10C2F30142384604F0C8
:107490001BFF62E768F20000BCD8000068F2000041
:1074A00010B5174C23783BBB0278C2F34003920718
:1074B0000FD54FF08053D3F83021082A08D1D3F8E4
:1074C0003431022B02BF4FF080430122C3F838262B
:1074D00001234FF08042C2F88035037803F00103A6
:1074E000C2F878350020FAF7BFFB08B9FAF79AFB23
:1074F00001232370002010BD6FF07700FBE700BF71
:10750000955200204FF080434FF46072C3F8082377
:10751000014B00221A607047FC51002008B5FFF7AC
:10752000F1FF03680BB1014A136008BDFC51002054
:1075300010B54FF08043D3F80443620707D54FF4EA
:10754000847005F008F910B11E4B1B689847A3061C
:1075500008D54FF48A7005F0FEF818B11A4B0020D8
:107560001B689847600608D54FF48C7005F0F3F857
:1075700018B1154B01201B689847210608D54FF418
:107580008E7005F0E8F818B1104B00201B68984782
:10759000E20508D54FF4907005F0DDF818B10B4BFB
:1075A00001201B689847A3050AD54FF4927005F097
:1075B000D2F828B1054BBDE810401B6802201847DF
:1075C00010BD00BF0452002000520020FC510020DA
:1075D00010B50446F9F79CFC0348044A012103F066
:1075E000B0F8204605F0FFF8D8D50000F6F000000E
:1075F0002DE9F843044600AF0D46EFF31188202330
:1076000083F31288BFF36F8F04282A4A98BF2A4B4E
:107610009668117C94BF53F82030284BE9468AB015
:107620006A462748CDE9073140F20133ADF82430EE
:10763000244BCDE9050442F8103F234800234FF4C2
:107640003151F9F733FDCD4645B1EB69C3F308037A
:1076500023B11E4A1C48012103F073F82EB13046B5
:1076600005F01AFB08B1037803B91948E9468AB056
:107670006A46184B0790CDE9053640F20133ADF864
:107680002030154B42F8103F00230F484FF41151A2
:10769000F9F70CFD2946CD462046FFF799FF88F300
:1076A0001188BFF36F8F3046FAF77CFBBD46BDE80B
:1076B000F88300BF08520020C0D8000006F1000087
:1076C0001CF1000005000001D8D5000044F10000C5
:1076D00014F1000065F100000400000138B50A4B08
:1076E00053F82040013053F82050A54200D838BD4F
:1076F000606830B1037EDB0701D405F051F808342F
:10770000F3E723689847FAE7D4D8000070B52D4B0B
:107710002D4C2E4D012286B01A70AC421CD3032092
:10772000FFF7DCFF0420FFF7D9FF294C294D26463F
:10773000AE4204F1300413D301F056F9244CAC42AC
:107740002AD301F065F9F8F7A7FD234A938923F0BE
:107750000103938106B070BD54F8043B9847DCE701
:1077600054F80C3C059354F8103C049354F8143C22
:10777000039354F8183C029354F81C3C019354F8BA
:10778000203C009354E90A2354E90C0100F0C0FDA9
:1077900054F8303C5E65CAE7D4E90A23B3F1FF3FF1
:1077A00008BFB2F1FF3F05D052EA0301206803D1C0
:1077B00000F0FEFD3034C2E70849183001F00AFA43
:1077C000F8E700BF965200209CD40000A0D400002F
:1077D000A0D40000A0D40000280C0020B7CD0000E9
:1077E00070B5144E144D1549882386B003FB00660E
:1077F00001220023CDE904230F22CDE902320193B7
:10780000142303FB00554FF4A072044602FB001141
:107810000B4B0095304600F07BFD337C2C7423F03D
:1078200004033374074BEE60013403EBC4236B6035
:1078300006B070BDA00B0020085200209863002005
:1078400077C90000985B00207FB50020FFF746FF56
:107850002E4B83F308882E4C2E4D636943F400733E
:107860006361E02384F822300023E3772376637694
:10787000A37684F82030626A42F4E022626284F8DF
:107880002330FAF78BF9FAF777FA4FF0FF33A36258
:10789000E362FAF775FBFAF7E9FAF9F793FA1E488B
:1078A0001E4C00F079FDFAF745FDAC422AD30120C9
:1078B000FFF714FF0220FFF711FF01F08DF8184BBE
:1078C000184C5C61184B059300250123174900955E
:1078D0004FF48062CDE90353CDE90155144B2046A6
:1078E00000F016FD237C064623F004032046237493
:1078F00005F007FA2846FFF773FF0D4A3146204688
:10790000FAF71EFA54F8043B9847CEE79863002034
:1079100000ED00E09CD40000B00C002098D40000E2
:1079200008520020280C0020C7F10000D864002075
:107930000D77000038B5064C064DAC4201D300204F
:1079400038BDD4E90112204604F097FF1434F4E75F
:107950007C0400209004002030B585B0DDE90845A6
:10796000034B0293CDE9004504F045FF05B030BD5F
:107970004998000038B5064C064DAC4200D338BDDE
:10798000204604F09EFF0028F9D11C34F5E700BF23
:10799000600400207C04002073B50C46EFF31181D5
:1079A000202585F31288BFF36F8FC5685DB1256010
:1079B0002B68C360836901338361002081F31188E0
:1079C000BFF36F8F11E052EA030603D125606FF019
:1079D0000B00F3E7CDE900230246083000F008FF72
:1079E00018B9034B9B685B69236002B070BD00BF90
:1079F00008520020F7B50D4604469DF82010EFF31D
:107A00001187202080F31288BFF36F8F266AE06809
:107A1000864240D22668B4421AD0CEB1304604F035
:107A2000B5FF06F1180001F065F954F8082F7069E8
:107A30002946002505F03BFB3046C6F8805000F093
:107A400057FD2046394600F05BFE284603B0F0BDE6
:107A5000A268A9B1E069294605F029FBE369A2689B
:107A600013446269E361934201D12369E361236AAC
:107A700001332362002087F31188BFF36F8FE5E79E
:107A8000A0692369984208BF6069801AA0612946ED
:107A900005F00DFBEBE752EA03010BD007498968BB
:107AA00004F108004D61CDE900233946224600F07B
:107AB0009FFECBE76FF02200DDE700BF08520020F9
:107AC000F7B504460846EFF31186202181F31288AA
:107AD000BFF36F8F216A00293BD0A268A16905F02E
:107AE000E6FAA369A268256813446269A361934218
:107AF00004BF2369A361236AAC4203F1FF3323620D
:107B000036D02846002D34D004F040FF05F118008F
:107B100001F0F0F86969A268E06905F0C8FAE36964
:107B2000A26813446269E361934204BF2369E3617D
:107B3000236A0027013323622846C5F8807000F0CD
:107B4000D7FC04F10800314600F0DAFD384603B0F6
:107B5000F0BD52EA030111D00A4989684861CDE9B4
:107B600000233146224604F1080000F041FEEEE712
:107B7000002086F31188BFF36F8FE8E76FF02200D3
:107B8000F7E700BF085200202DE9F34104461746ED
:107B90001E46EFF31188202383F31288BFF36F8F03
:107BA000304BC2689B6872B18068984217D057EA20
:107BB000060216D188F31188BFF36F8F6FF00F00A4
:107BC00002B0BDE8F08193F90E1021610132C4E9E1
:107BD000023288F31188BFF36F8F0020F0E721692C
:107BE000F3E793F90E1090F90E30994230DA99428A
:107BF000A8BF194604F0DEFE0546CDE900761A4816
:107C00002246414600F0F4FD0028E6D0EFF311864D
:107C1000202383F31288BFF36F8FA068D0B123684D
:107C200021699C420AD04BB193F90E309942A8BF0A
:107C300019466FF07F039942B8BF194604F0BAFEA7
:107C400040B10948314600F05BFD6FF00A00B7E72C
:107C50000025D2E7002DF4D186F31188BFF36F8F92
:107C6000F3E700BF0852002097520020F8B5836860
:107C70000546002B40D0234A926893423FD1C36807
:107C8000012B03D9013BC3600020F8BDEFF311873E
:107C9000202383F31288BFF36F8F0169806804F09B
:107CA00089FE2C68A54207D10023C5E9023387F37A
:107CB0001188BFF36F8FE7E7002CF5D0D4E90032CD
:107CC00013605A60237C002623F002032374C4E966
:107CD0000066A66004F1180001F00CF8AC6094F99D
:107CE0000E302B612046C4F8806000F001FC06488D
:107CF000394600F005FDC7E76FF01500C5E74FF006
:107D0000FF30C2E7085200209752002073B5154695
:107D1000EFF31186202282F31288BFF36F8F04687D
:107D2000B4B12368426823F00303944208BF436060
:107D3000036023689B0704D02046656805F0A4F91A
:107D40002C4686F31188BFF36F8F204602B070BDBA
:107D500055EA0302F5D000F10802CDE9005331469F
:107D6000104600F045FD0028EFD1024B9B685C698E
:107D7000EBE700BF0852002070B5EFF31186202317
:107D800083F31288BFF36F8F0468A0421CD0DCB16C
:107D9000D4E9003213605A60237C002523F00203EB
:107DA0002374C4E90055A56004F1180000F0A2FF97
:107DB0002046C4F88050656100F09AFB31460848BF
:107DC000BDE8704000F09CBCD0E902329A4218BF76
:107DD0000133836086F31188BFF36F8F70BD00BFDE
:107DE0009752002013B5EFF31181202484F31288F9
:107DF000BFF36F8F846844B1013C846081F31188C4
:107E0000BFF36F8F002002B010BD52EA030406D109
:107E100081F31188BFF36F8F6FF00F00F3E7CDE9A7
:107E200000230246014800F0E3FCECE797520020F3
:107E3000F8B50546EFF31187202383F31288BFF3CB
:107E40006F8F00232C68A5421AD0CCB1D4E9003240
:107E500013605A60237C002623F002032374C4E9D4
:107E60000066A66004F1180000F044FF6FF00A03FA
:107E7000C4F880306661204600F03AFB0123E1E758
:107E80000022AA602BB139460448BDE8F84000F052
:107E900037BC87F31188BFF36F8FF8BD975200206E
:107EA0002DE9F04FDFF89C8185B004464FF0FF3696
:107EB0004FF0FF37EFF31189202383F31288BFF3CC
:107EC0006F8FD4F88C5065BB022104F1A40004F03C
:107ED0003AFE002800F0848004F19C0BD4F89C50FA
:107EE0005D4500F08A80002D00F08780D5E90032E2
:107EF00013605A602B7C4FF0000A23F002032B74AE
:107F0000C5E900AAC5F808A005F1180000F0F2FEC6
:107F10000123C5F88030C5F814A0284600F0E8FA1F
:107F2000DCE7D4F890202B68C4F88C30954208BF69
:107F3000C4F89030D4F8A43043F00203C4F8A4305D
:107F4000EB6823F0040343F00103EB606B6889F3F3
:107F50001188BFF36F8F28469847EFF311892023CC
:107F600083F31288BFF36F8FEB68D80623F001020A
:107F70004ED4EA60EB689A071BD5D8F8000023F0CE
:107F80000203EB60A8B10268002190B143689D42F2
:107F90004ED10368002943D1D8F80420C8F8003036
:107FA000904201D1C8F80430002340F8083BFFF7A5
:107FB000E3FED4F8A43023F00203C4F8A430DB05B8
:107FC0003ED4D4F88C30003B18BF012389F31188CC
:107FD000BFF36F8F002B3FF46DAF04F07EFE69E7B7
:107FE000D4F8A430D90608D5C4F8A40089F31188C0
:107FF000BFF36F8F05B0BDE8F08F0023CDE90067B8
:10800000029304F1940249460F4800F017FD51E72E
:1080100023F01103EB6005F11000FFF7ADFEA9E7B7
:108020000B60D8F80430984208BFC8F80410BBE7CA
:1080300001461AB1136810461A46A6E71346FAE736
:108040000023C3E72852002097520020F8B5C368E8
:108050009A0704460E46C3F3400542D45F0742D454
:108060000B680BB983680B60E368D80744BFA3684B
:10807000336037684CBF0225012557B31B4B9A6804
:10808000D7F888309A421ED104F0FDFD80F001003F
:10809000C0B2D7F8A430D907C3F380021CD5F2B11F
:1080A000F8B100232360D7F8903073B9C7E92344AF
:1080B000384604F072FDE36843F00403E36033687C
:1080C000A3602846F8BD0020E3E71C60C7F8904095
:1080D000EEE76FF0150506E06FF0120503E01B07F1
:1080E000DFD56FF00F0500233360EAE70852002068
:1080F0000146014804F0ABBD580D0020F0B589B031
:1081000004460020C4E923000E9D04F19400C4E954
:10811000250004F19C00C4E9270055B32879002804
:1081200040F2011008BF0120C4F8A40000204FF065
:10813000FF364FF0FF37CDE90330CDE90100CDE93F
:1081400006670D4B0094204600F056F955B129689A
:1081500011B1204604F09DFD6B791BB1A38943F05A
:108160000103A381204600F023F9C4F8884009B038
:10817000F0BD0120D8E700BFA17E000037B5019017
:108180000846EFF31184202181F31288BFF36F8F2B
:10819000C16811F01E0F16D153EA020508D101A9DA
:1081A000FFF754FF84F31188BFF36F8F03B030BD26
:1081B00041F00801C160019981620449103000F06A
:1081C00009FD0120EEE70020ECE700BFDBCB00005B
:1081D00001460148FFF7D2BF580D0020F0B585B029
:1081E0000C46019017461D46EFF31183202181F3C1
:1081F0001288BFF36F8F03A92046039304F0AEFCEF
:1082000055EA0703039E09D101A92046FFF71EFF87
:1082100086F31188BFF36F8F05B0F0BDE36807499F
:1082200043F00803E360019BA3623A462B4604F146
:10823000100000F0CFFC0120EAE700BFDBCB00001C
:1082400001460148FFF7CABF580D00202DE9F04153
:108250000746EFF31188202383F31288BFF36F8F53
:1082600000263C68A74218D0BCB1D4E900321360A4
:108270005A60237C002523F002032374C4E90055CF
:10828000A56004F1180000F035FDC4F88050656168
:10829000204600F02DF90136E3E736B988F311885E
:1082A000BFF36F8F3046BDE8F0810248414600F0D1
:1082B00027FAF7E7975200202DE9F3411C4652EACE
:1082C000040307460D4616461CD0EFF31188202301
:1082D00083F31288BFF36F8F0846FFF7C7FCCDE921
:1082E00000643A464146094800F082FA04464FF0DD
:1082F000FF324FF0FF332846FFF746FC204602B01E
:10830000BDE8F0816FF00A04F8E700BF9752002043
:108310002DE9F04F85B0984600F158030732C0E9C7
:108320001633129B838122F0070504230026037471
:1083300001EB0509119B83734FF0000A4FF0000B0E
:108340000F46C0E906664946C0E908AB8660C673B9
:108350000446F9F7EDF90730109B20F0070020677D
:10836000C4E91A7502930F9B0193A9EB00090E9BB8
:1083700000934A46434639462046F9F7C5FC054B6B
:1083800066659B6803B15B6F6367484605B0BDE8EF
:10839000F08F00BF08520020012303748381002363
:1083A000C0E91A334367014B9860704708520020B8
:1083B00038B50446EFF31185202383F31288BFF309
:1083C0006F8F037C5B070FD5183000F093FC237C84
:1083D00023F004032046237400F08AF82946054858
:1083E000BDE8384000F08CB985F31188BFF36F8F7A
:1083F00038BD00BF97520020F0B587B00025059525
:10840000109D04950F9D03950E9D0295DDE9127652
:108410000D9D01950C9D00950446FFF779FFB6F17F
:10842000FF3F08BFB7F1FF3F05D056EA070305D16C
:108430002046FFF7BDFF204607B0F0BD3A46334661
:1084400004F11800014900F0C5FBF4E7B7CD0000C6
:108450000A4A93686FF00A01C3F880100849D86788
:108460004B6843F080534B60002383F31188BFF3C4
:108470006F8F9368D3F88000704700BF08520020C8
:1084800000ED00E038B5184CA168E0690B68814246
:1084900014BF1A46002249680B605960A368E1695D
:1084A0002AB9124AC3E900210B60E3610AE092F99C
:1084B0000E5093F90E00854212DD5168C3E9002188
:1084C0000B605360A569094B9D4200D005B9E56872
:1084D000A3689D4202D0284604F006FD656138BDC0
:1084E0008A42DED01268DBE70852002020520020CA
:1084F00070B590F91020037C002A2FDBD9062DD10E
:108500001A4C63F07F032246037452F8183FE16966
:10851000934207D1C0E900210860E0610FE0994271
:10852000F8D01B68002BF5D093F90E6090F90E502F
:10853000AE42F4DD5968C0E9003108605860A569B1
:10854000954200D005B9E568A3681A7CD20606D129
:10855000DA897F2A03D9AA690AB9636170BDAB427F
:1085600002D0284604F0C0FC6561F7E708520020FD
:1085700038B590F91020037C002A014604DA03F094
:108580007F03037404F0ABFB0D4D2A46AB6852F831
:10859000184F944200D004B9EC688B4207D01A7C83
:1085A000D20604D1DA897F2A01D9A2692AB1A3426D
:1085B00002D0204604F098FC23466B6138BD00BF12
:1085C000085200202DE9F843002A027C0CBF4FF02E
:1085D00010084FF0080818EA020F04460D4662D151
:1085E00048EA0203D2090CD10374B8F1080F7BD119
:1085F000A36813B1204604F07AFB04F11806202783
:108600000FE003F07F03037404F069FBEDE785F3EB
:108610001188BFF36F8FEFF3118587F31288BFF3D3
:108620006F8F304600F066FB0B30F0D0A66D04F182
:108630005807B74211D04FF0000976B1304604F028
:1086400056FBC6F8809006F1180000F053FB304648
:10865000FFF74EFFA66DB742EFD1274B9B689C42B8
:1086600042D1EFF30587003F18BF0127DFF888905C
:108670004B4653F8186F9E4200D00EB9D9F80C60E3
:10868000D9F80830B34202D0304604F02DFCB8F1DE
:10869000100FC9F8146006D0204602F03BF917B15C
:1086A0001648FFF779FE144B9B68A3421ED1EFF3E7
:1086B0000583DBB9A289D20711D585F31188BFF3F1
:1086C0006F8F83F31188BFF36F8F0423184602DF87
:1086D000EFF31185202383F31288BFF36F8F2846B1
:1086E000BDE8F843FFF7B4BE0027BFE785F3118864
:1086F000BFF36F8FBDE8F88308520020B00C002054
:1087000049B9EFF3058030B9054B5A699B689A4225
:1087100001D0FFF79DBE81F31188BFF36F8F7047C3
:108720000852002070B50F4D2B46064653F8184FDF
:108730009C4200D004B9EC68AB681A7CD20604D124
:10874000DA897F2A01D9A2692AB1A34202D0204640
:1087500004F0CAFB23466B6131460348BDE8704014
:10876000FFF7CEBF085200209752002070B5EFF3FC
:108770001186202383F31288BFF36F8F1A4CA168F0
:10878000E0690B68814214BF1A46002249680B60F9
:108790005960A368E1692AB9144AC3E900210B6052
:1087A000E3610AE092F90E5093F90E00854216DD5E
:1087B0005168C3E900210B605360A5690B4B9D42D2
:1087C00000D005B9E568A3689D4202D0284604F0B0
:1087D0008BFB65613046BDE87040FFF739BE8A42C9
:1087E000DAD01268D7E700BF0852002020520020DC
:1087F000F8B5DDE906670C461146EFF305833BB19A
:10880000002383F31188BFF36F8F0423184602DF20
:108810000D4B0E4A98681060EFF31182202282F30C
:108820001288BFF36F8F9D68284604F079FA3246AC
:108830003B4605F11800064900F0CCF92046BDE89A
:10884000F840FFF705BE00BF08520020305200205C
:10885000B7CD0000F8B50446EFF31187202383F36A
:108860001288BFF36F8F037C03F01F02002A0CBF36
:108870000126002649B235D103F07F03037404F0CA
:108880002EFA294D037C817363F07F032A4603741B
:1088900052F8183FE869934207D1C4E90020046008
:1088A000EC610DE09842F8D01B68002BF5D093F9ED
:1088B0000EC08C45F6DD5968C4E900310C605C607F
:1088C000AC69944200D004B9EC68AB689C4202D019
:1088D000204604F009FB6C6187F31188BFF36F8FAA
:1088E0003046F8BD9B071CD5856804F0F8F9817304
:1088F0002B689D4209D16B68C4E900531C606C6011
:10890000EAE76A689A42F6D01B68002BF3D093F925
:108910000E208A42F5DD5A68C4E9003214605C60BA
:10892000DAE78173D8E700BF08520020034648B950
:10893000EFF3058232B9064A51699268914201D03B
:10894000FFF786BD83F31188BFF36F8F704700BFB9
:1089500008520020F8B550EA010305460C4603D141
:1089600004F0BBF90020F8BDEFF31187202383F357
:108970001288BFF36F8F144E144BB0681860FFF766
:10898000F7FDB06812492A462346183000F022F954
:10899000B3681A7CDF6742F004021A746FF00A02AF
:1089A000C3F880200B4A536843F080535360044659
:1089B000002383F31188BFF36F8F04F09CFA201A11
:1089C00020EAE070CFE700BF0852002030520020BC
:1089D000B7CD000000ED00E0024B03F11802C3E93F
:1089E0000622704708520020EFF31181202383F301
:1089F0001288BFF36F8F054B9A68D37B013BD3730B
:108A000081F31188BFF36F8F704700BF08520020B9
:108A1000EFF31180202383F31288BFF36F8F034B92
:108A20009A68D37B0133D373FFF77CBE08520020D2
:108A3000014B9868704700BF08520020D3B5DDE9AC
:108A40000667089CCDE90067FFF7D2FE1CB1034B17
:108A50009B685B69236002B0D0BD00BF0852002054
:108A6000027C12F01F02034610D10A4988420DD041
:108A70000949086868B1D9897F2909D893F90E2076
:108A8000064B1B689A42B8BF002070470020704711
:108A900010467047A00B0020A40300203452002091
:108AA000044BC01A044BC0105843044B01221A5403
:108AB000704700BF380D0020ABAAAAAA9752002029
:108AC000F8B50B4B0B4D1E7C0B4F182303FB0655C3
:108AD0000446284600F00EF934B1BB5D0749E21A9E
:108AE000D317284600F076F80023BB55F8BD00BF29
:108AF00008520020380D002097520020A18A000063
:108B0000F8B5EFF31187202383F31288BFF36F8F3B
:108B1000124E134BB5681868A84206D104F0E4F968
:108B200087F31188BFF36F8FF8BD00221A60337C82
:108B30000C4AD35C002BF3D02846FFF791FF044684
:108B40000028EDD02B7CDB06EAD1FFF79BFC736994
:108B5000AB42E5D12046FFF7B3FFE1E70852002022
:108B60003052002097520020024B1868984208BFEC
:108B700000207047A803002008B50246FFF7F4FF65
:108B80006FF00041C8B18A4215D2D0E90230B0F18D
:108B9000FF3F08BFB3F1FF3F03D16FF00040801AE1
:108BA00008BD8B4270F1000001DB0548F7E79A42EF
:108BB00001D2981AF4E70020F2E78A42EDD3EFE7FA
:108BC000FEFFFF7F024B186808B1FEF7A5B870479B
:108BD000B0030020B3F1FF3F08BFB2F1FF3F2DE922
:108BE000F84F04469A461546984679D00161EFF34E
:108BF0001187202383F31288BFF36F8FBAF1000F20
:108C0000DFF8E49023DBFFF7DDFF384B1A68003A0A
:108C100018BF012245194AF100035219D9E9005140
:108C200043F10003551943EB010806460121DFF823
:108C3000C090C4E90223FFF797FFD9F804A0D0B988
:108C4000C4E9009ACAF80040C9F8044025E0D9E90F
:108C500000136FF00102521A4FF0FF3161EB030372
:108C6000521B63EB0A03012A73F10001BCBF01220E
:108C700000230021DBE7D0E9022ED4E9023C934235
:108C80007CEB0E0B23DAD21A6EEB0C03C0E9022345
:108C90004368C4E900031C604460FFF765FF844239
:108CA0000DD1124B1B68013309D111B9FFF78AFFAF
:108CB00006463046FFF760FF0021FEF703F887F312
:108CC0001188BFF36F8F28464146BDE8F88F9B1A85
:108CD0006CEB0E025045C4E90232B1D00068AEE739
:108CE0000025A846EFE700BF500D0020B00300208C
:108CF000A8030020F8B50446EFF31186202383F380
:108D00001288BFF36F8F026872B3FFF72DFF184B05
:108D10005B689C4208D0D2E90231D4E90275DB19C4
:108D200041EB0501C2E90231D4E900320025844259
:108D300013605A60C4E900550ED000200D4A136834
:108D400023F001018C4204BF43F00103136086F35A
:108D50001188BFF36F8FF8BDFFF734FFFFF70CFFEB
:108D60002946FDF7AFFFE8E76FF01500E6E700BF23
:108D7000A803002038520020EFF31182202383F350
:108D80001288BFF36F8F064B1B6840F001001B1A5F
:108D90005842584182F31188BFF36F8F704700BF6C
:108DA000385200202DE9F047344E354DDFF8D4908D
:108DB000354F306000230C462B60D6F80080B8F1A8
:108DC000000F10D14FF0FF3340462B60FFF7D4FE69
:108DD0004146FDF777FF84F31188BFF36F8FBDE83D
:108DE000F047FFF78DBEFFF7BFFE6FF0004330B1D5
:108DF000D0E90212994272F10002B8BF0B46434516
:108E0000194684BF434641464FEAE37C38B1826845
:108E1000D0F80CE0D21A6EEB0C0EC0E9022ED9F895
:108E20000020D218D9F8043043EB0C03C9E9002321
:108E3000A8EB010131604FF0000A4FF02008FFF766
:108E400093FE0028B9D0D0E902120A43B5D1D0E987
:108E500000210A60516002693860C0E900AA84F309
:108E60001188BFF36F8F9047EFF3118488F3128856
:108E7000BFF36F8FC7F800A0E1E700BF3C520020AE
:108E8000B0030020500D00203852002010B5EFF341
:108E90001184202383F31288BFF36F8FFFF792FEB4
:108EA000054AD2E90031C01841F1000184F311886C
:108EB000BFF36F8F10BD00BF500D00202DE9F041B2
:108EC0000446EFF31186202383F31288BFF36F8FDC
:108ED00003682BB186F31188BFF36F8FBDE8F08173
:108EE000FFF74AFF07460028F4D1D4E90A586A1C64
:108EF00048F10003022A73F1000324D303F0FFFFBB
:108F0000281848EB0101012871F1000142DB03F050
:108F1000F6FF6FF00203281848EB010183426FF05F
:108F200000438B413BDB03F0EAFF6FF001022D1899
:108F300048EB0103521B4FF0FF3161EB03031A4969
:108F40002046FFF747FE236B01332363236A63B197
:108F500086F31188BFF36F8F20469847EFF3118691
:108F6000202383F31288BFF36F8F54F8185FA54254
:108F7000B0D0002DAED0284603F0F8FE0023C5F88F
:108F8000803086F31188BFF36F8F2846BDE8F0412B
:108F900003F0B7BE6FF001024FF0FF33CFE73A4660
:108FA0004FF00043CBE700BFBD8E0000B3F1FF3FA1
:108FB00008BFB2F1FF3FF8B5044616461D4618D06B
:108FC000EFF31187202383F31288BFF36F8FFFF72E
:108FD00091FEDDE906010023C4E90A01236332465C
:108FE0002B4620460349FFF7F5FD87F31188BFF3B1
:108FF0006F8FF8BDBD8E000070B50546EFF311848C
:10900000202686F31288BFF36F8FFFF773FE20B11F
:1090100084F31188BFF36F8F70BD6B6A63B184F303
:109020001188BFF36F8F6B6A28469847EFF311845E
:1090300086F31288BFF36F8F05F1180003F0D0FE9E
:109040000028E5D003F05DFE21460248BDE87040EF
:10905000FFF756BB9852002073B50446EFF3118614
:10906000202383F31288BFF36F8F8368594003EA8C
:1090700002050A405340009300226B4608490192C2
:1090800003F0FEFEDDE9003223EA020304F10C00E6
:10909000A3603146FFF734FB284602B070BD00BF25
:1090A00037D00000F8B507460C46164603F0EBFD36
:1090B00008B10020F8BD0D4B9B685D6F002DF8D006
:1090C000221DF6D2EFF31184202383F31288BFF31D
:1090D0006F8F47F004012846B04784F31188BFF32F
:1090E0006F8F0028E5D040F8045BE3E708520020CA
:1090F0000146024A0020FFF7D5BF00BF4398000099
:1091000007B5064B0093064906484FF0FF334FF46E
:109110008062FEF7F3FF03B05DF804FBECD80000BB
:10912000D8680020580D00200CB430B58BB0044630
:109130000D462022002102A803F0C7FF02238DF86C
:109140000A30002D0C4B0393069412DB01D06B1EEA
:109150001C440FAA0E99079402A8019200F00EF881
:1091600015B1069B00221A700BB0BDE8304002B06A
:1091700070470024EDE700BFA1D100002DE9F04FBA
:109180008BB04368009383789C078046924640F1F9
:10919000F98000250878002800F0F68025280AD0FC
:1091A0004B1C019301354146009B98470028C0F2B3
:1091B000E3800199EEE74E788B1C252E0193F1D0C8
:1091C0000027B9463C460A221F2C22D8A6F12003CC
:1091D000102B20D8DFE803F0141F1F1A1F1F1F0BCE
:1091E0001F1F1F121F171F1F090044F00104019BBE
:1091F00013F8016B0193002EE6D13AE044F002042B
:1092000044F00404F3E744F00804F0E744F01004E9
:10921000EDE77F2C24D8A6F13003092B08D860068F
:109220004EBF02FB073702FB093944F02004DEE79A
:109230002A2E0DD161065AF8043B53D4002BA7BF48
:1092400044F020049946C3F1000944F02804CEE715
:109250002E2E05D1630600F1978044F04004C6E746
:109260006C2E2ED028D8682E32D06A2E37D04C2EB5
:1092700035D0002F46F02003B8BF24F04004A3F1FE
:109280006502BCBFA4B20027022A01D9612B2BD1F1
:109290000AF1070A2AF0070A9C4E0AF1080A072772
:1092A000210760D506EB070B34465C455DD1AE1B4C
:1092B000A219A9EB070959E1742E98D07A2E96D0FD
:1092C000D7E7260648BF44F4007444F080048EE7D4
:1092D000E00548BF44F4007444F4807487E744F424
:1092E000207484E71F4682E7A6F16302122A00F287
:1092F000D880DFE812F013004D00D600D600D6006B
:10930000D6004D00D600D600D600D600D600E80024
:10931000D100D600D6001A00D600A0005AF8043BAF
:109320008DF81030012704AEBAE75AF8046B784B79
:10933000002E08BF1E4614F0400F14BF39464FF0F0
:10934000FF31304603F0C9FE0746A9E7009B4146BE
:109350002020984700280FDB013CA742F6D34D445C
:109360002D1BA1469EE74C46F7E714F8010B009B26
:1093700041469847002898DA98F8023043F00403F1
:1093800088F802304FF0FF3528460BB0BDE8F08F6B
:10939000220630D5A3052AD50AF1070A2AF00703C9
:1093A0009A4659685AF8080B24F0100B00291FFA46
:1093B0008BFB2FDA404261EB41014BF4806B04AC34
:1093C0000A23224603F095FE1BF0400FA0EB040297
:1093D00000F08E802BF001049742A4B240F38F80FE
:1093E000002E40F08E802BF01104A4B21DE05AF83C
:1093F000040BC117D8E7E0055AF8041B01D408464E
:10940000F7E7A2054BBF48B208B241F3C01141F3E0
:10941000C031C9E750EA0103D1D16306CFD5002F8F
:10942000CDD124F01104A4B23A463B4640F20641A5
:109430000C4262D124E024F01004A4B20A2314F0F8
:10944000800243D014F400711FBF0AF1070A2AF00A
:1094500007029246516814BF5AF8080B5AF8040BD9
:1094600050EA01023ED124F0160B62061FFA8BFB74
:109470003CD5002F3AD124F01704A4B23A463B461B
:1094800021075AD4E10705D5994572DDA9EB0303FD
:109490009F184B469B464AE044F010041023782660
:1094A000CDE7782B04D1C6F1780343F01003C6E76B
:1094B000009B4146252098470028FFF65DAF023506
:1094C0004146304670E608230026B8E714F4807160
:1094D0005AF8040BC4D014F400711ABFC0B211467C
:1094E00080B2BDE724F006041FFA84FB04AC68E7F1
:1094F00013465C46E10699D52EB90133C0E7134601
:10950000F8E73B46F6E70233BAE700BFD8F10000C0
:109510007ADC0000CDE902324146009B20209847CA
:109520000028FFF629AFDDE902320BF1010BD94526
:10953000F0DCEB1A03EB0B055B46E10627D5CDE922
:1095400002324146009B302098470028FFF614AFB6
:10955000DDE902327EB901352F44791B8A4229DBCD
:10956000144604AE9CBB2A44A9EB0309154691445A
:1095700042E017468EE7CDE90232023541463046D9
:10958000009B98470028DDE90232E5DAF4E640F274
:1095900006410C42E0D014F0020F14BF2B20202013
:1095A00014F4806FCDE9023205F10105414618BF80
:1095B0002D20E5E7CDE902324146009B3020984757
:1095C0000028DDE9023205F10105C6DAD4E6013CE6
:1095D000CDE90232305D009B414698470028DDE925
:1095E0000232BFDAC8E6009B414620209847002897
:1095F00005F10105FFF6C0AEA9EB0503002BF2DC77
:10960000D7E500BF7047F0B41346DA0287680669F1
:1096100007D513F4402F1EBF43F3000202F440228B
:109620005340346801258D4023F48012DB074CBF82
:109630002C43AC4334603B68F0BC184703460A46F1
:1096400000681979012303FA01F103691B681942C3
:1096500018BF82F0010283680AB1DB6818471B69F2
:10966000FCE701F077B800EBC10040884008704784
:10967000F8B50346FFF7F7FFB0FA80F0C0F11F001E
:1096800003EB800CCA00DCF81060171D0C46063294
:109690008DB256B9012101FA00F0D9680143D960B1
:1096A000CCF81040DD539D52F8BDF1000431585AFA
:1096B000D85303EBC0009E52C5805D52F4E710B54D
:1096C00000EBC104E3888B4202F104010AD10123BB
:1096D00003FA02F2C36823EA0203C360002340F8DE
:1096E000213010BDA28840F8213000EBC20100EB10
:1096F000C300CB808280F4E708B50346FFF7B3FFD1
:10970000B0FA80F2C2F11F021846BDE80840FFF728
:10971000D6BF2DE9F843B1FA81F3C3F11F0200EB84
:1097200082090646D9F810700D4687B9C3F12003A7
:109730004FF0FF349C40F3681C4014D094FAA4F21C
:10974000B2FA82F2131D56F82340214608E03C4647
:109750004FF0030821463046FFF785FF854205D8C4
:109760003046FFF7ACFF2046BDE8F88306EBC404A3
:10977000B8F10108E488C9F81040D7D0BC42E9D15B
:10978000D4E738B50446FFF76EFF0D460346114691
:109790002046FFF768FF03449BB204EBC5055A005F
:1097A0006A802046FFF75FFF014424F8313038BD5E
:1097B00070B50446FFF757FF0B4604EBC305511A7B
:1097C0009B1A89B203444E009BB204EBC2006E8028
:1097D0005D00458024F8321020461146FFF743FF14
:1097E000014424F8313070BD70B509B9002070BD56
:1097F000056801F007030B33CC0804EBD304AB6816
:109800009C4228BF1C4621462846FFF782FF064699
:109810000028EBD001462846FFF725FFA04207D9D4
:1098200032192846FFF7C4FF11462846FFF720FFEC
:1098300005EBC6021046538843F001035380043001
:10984000D5E71146FFF7D0BF2DE9F84314464A4249
:1098500002EA010931EA020203460BD04A46042A11
:109860004F4628BF0422A1EB09096CB90025284600
:10987000BDE8F883042904D82146BDE8F843FFF782
:10988000B3BF00270422F0E71E68A9EB020204F030
:10989000070302F007010B330B44E10801EBD2018F
:1098A00001EBD301B368994228BF19463046FFF750
:1098B00030FF80460028D9D03D1D05EBC00509F1D9
:1098C000FF3335441D44B5FBF9F509FB05F5ED1BE8
:1098D0002C442B1F07349B1B24F00704A41BB0EB64
:1098E000D30F4FEAD3074FEAE40408D201463A46C1
:1098F0003046FFF75DFF41463046FFF7B9FE394677
:109900003046FFF7B0FE3844844207D23046224644
:10991000FFF74EFF21463046FFF7AAFE06EBC706CB
:10992000738843F001037380A1E7043A2DE9F843FB
:10993000CC1D114424F0070421F00706A6EB04080F
:109940004FEAD807B7FA87F2C2F12405AD004FF00D
:1099500000090735C2F12002ED0804604946A760FE
:10996000C4F80C90920004F1100003F0AEFBAAB210
:10997000530043F0010363807B1B9BB204EBC501E2
:109980005800A4F80090488024F83520A6F80290EA
:1099900024F8083004EBC70329465A8842F0010234
:1099A0005A802046BDE8F843FFF762BE2DE9F04F2C
:1099B00091B0994602F0040305460293C2F3C20334
:1099C0000133AC07DDF868A004930E46104640F062
:1099D00092812C1D8DBB01F00706341DC6F10806CF
:1099E00000274FF0FF334FF0040800F0020101930D
:1099F00009F1FF3203970097BB46434605910DB12D
:109A0000C4F800900498002809DC4846CDE90632E5
:109A1000F6F7A2FDDDE90632002800F0B2800598D5
:109A2000002800F0CC80A4EB050C0120BCF5007FE1
:109A3000C0F0AD806FF0150003E00729D0D86FF0BB
:109A40001B0011B0BDE8F08F7A285BD84B280FD8E7
:109A5000472857D829282ED8252850D052D8202832
:109A600018BF23280CBF4FF0010B4FF0000B71E023
:109A70004C382E2846D8DFE800F06D454545454571
:109A80004545454545454845454545454545455672
:109A90004548485656566D486A456D45184818451C
:109AA000457F7C48454548457C0000204FF0000B31
:109AB0004FF0040835E02A38C0B2012101FA00F065
:109AC00010EA0E0F46D110F0625C2CD110EA010BA7
:109AD00040D06046013C4444B4FBF8F408FB04F475
:109AE00025B1A3EB050CA444B445A8D8002800F088
:109AF000818004995AF8049B013904917FE7019908
:109B0000013901914FF0000B24E012F8010C6C2890
:109B100034D112F8023C00206C2B8346C8D14FF0A0
:109B200008084346D6E70AF1070A2AF0070A07346D
:109B3000FAE802BC24F0070435B106982044B0428C
:109B40003FF67DAFC4E900BC08344FF0000B4FF086
:109B50000808434612F8010F002864D0BBF1000F3B
:109B60007FF472AF2528F5D1019B013301934FF0AB
:109B7000010B4FF00408ECE7584697E700208346B6
:109B8000A8E70599A4EB050C00297FF44FAF0099D5
:109B90000F293FF64FAFEDB140310DEB010ECCF385
:109BA000870C01990EF820CC0EF8101C70B16CF0E7
:109BB0007F0C0EF820CC0137009801300090C5F1E1
:109BC0000801043406914FF6DA7EC3E703980130AA
:109BD0000390F1E708B10136EEE702990236002959
:109BE000EAD14846CDE90632F6F794FADDE90632C5
:109BF0000644E1E7042B08D10AF1040015B1DAF8B4
:109C00000010216004348246A4E70AF1070323F020
:109C1000070303F1080A1DB1D3E90001C4E90001FB
:109C20000834082396E7631BB3F5806FBFF402AFD7
:109C30001DB9A6F10804E01803E7029A28609B0802
:109C40002B709DF80C30BAB1EB70AF7037B108A82B
:109C50000022C5F1010C009B93420FD1C5F1010315
:109C60000DF120084FF0000A01930DF1300B009B1D
:109C7000534512D1601BE4E66B70E6E710F8013B38
:109C8000190608D50CEB040EB64503F07F033FF62A
:109C9000D6AE04F8013B0132DDE71FB198F9002090
:109CA000002A17DB029BD3B11AF80B2004F8012B12
:109CB0000022019B18191044B0423FF6C0AE98F83C
:109CC000000004F8010B49462046039203F0EFF927
:109CD000039A14440AF1010A08F10108C7E798F849
:109CE0000020029B55F8229045F822304846F6F7AE
:109CF00011FA421CDDE76FF00D00A2E62DE9F047F6
:109D000006460D46174698462BB398F8004093F840
:109D10000190DB78A40004EB430498F802301C4463
:109D200044444FF0000ACA4509D3D8F8042008F18A
:109D3000080339463046AC46BDE8F047604714F8A2
:109D4000013B48F823402046F6F7E4F9013004448B
:109D50000AF1010AE7E76FF01500BDE8F08730B5BA
:109D600002460024002012F8013B43B178B18C4236
:109D700007D1702B04D0A3F140053A2D07D800205D
:109D800030BDA3F140053A2D01D80134EAE7252B77
:109D900008BF80F00100E6E7002070470FB407B568
:109DA00004A951F8040B019100F048FC03B05DF8E0
:109DB00004EB04B0704710B50369024613F00800C5
:109DC00009D11368D4689C4297BF126AE31AD31A68
:109DD00001200B6010BD00231846FAE713B501A956
:109DE0000446FFF7E8FF20B1019BE268013B134402
:109DF0000193206A019BC01A013802B010BD10B552
:109E0000044650182269236AD20702D5013B184044
:109E100010BD984228BFC01AFAE710B504460A469A
:109E2000C168FFF7ECFF2369E06023F008032361BA
:109E300010BD38B50D46C2698B00016843F00203BE
:109E400042F82130044601682A46FFF7D8FFE3684C
:109E500061682060984202BF236943F008032361D0
:109E60002A462046FFF7CBFF606038BD2DE9F74F4B
:109E7000D0F80CB0C669009216F82B2002F003024D
:109E8000022A08BF56F82B209A4606EB8B030F4692
:109E900001934FF00001009B0CBFC2F39D0989465E
:109EA00019600446CAF80010B9F1000F07D04946FE
:109EB000FFF7B3FFE368A3604FF0010804E0016916
:109EC0008A0705D44FF00008404603B0BDE8F08F84
:109ED000816906EB8B00884716F82B1011F00108FA
:109EE0000546EFD08B071DD51FB139462046FFF739
:109EF000A0FF61682A462046FFF781FFD4E90213DC
:109F00008B42606007D12A462046FFF778FF4FF06A
:109F100000080146A0602369216043F00803E16066
:109F20002361D1E701462046FFF777FFE168A16092
:109F30001FB12068E16941F82090EA19CAF80020B1
:109F400021682046FFF75BFF2269206042F008028B
:109F5000226116F82B2022F0010206F82B20DDE901
:109F600000321A60A8E770B504461546FFF747FFB0
:109F70002368834205D12369216023F0080323610C
:109F800070BDE269AB0043F0020342F82130204685
:109F900061682A46FFF733FF6060F1E738B503696F
:109FA0005B07044606D5456AFFF718FF85422CBFBC
:109FB0006562606238BD38B50D4604461C2200213A
:109FC00003F083F8EB68A361AB6863612B68E3611E
:109FD0006B682362002262622A6923B1591E19420A
:109FE00008BF42F001022261012204F12800002191
:109FF000BDE8384002F09BBD2DE9F04F9846036A5A
:10A0000087B000258B4204460E469346039505957E
:10A01000AA4638D3EFF31189202383F31288BFF3C4
:10A020006F8F059A2AB129462046FFF79CFF00232F
:10A03000059304A92046FFF7BEFE0499B1420746E6
:10A040002AD32268E36913F8221021F0030103F8F0
:10A05000221003EB820A216832462046FFF7CFFE2A
:10A06000E3682060984212D0002789F31188BFF37B
:10A070006F8F039929B162690AB120469047002386
:10A080000393002FC6D1504607B0BDE8F08F236977
:10A0900043F008032361E7E718B12046FFF7C9FE44
:10A0A000E3E75BEA08031CD0019102F0ECFD0199A3
:10A0B000B8B9B9F1000F14D189F31188BFF36F8FCC
:10A0C0005A46434604F12800FDF78CFEEFF3118950
:10A0D000202383F31288BFF36F8FB0FA80F77F09D4
:10A0E000C3E705AB03AA20462568FFF7BFFE074676
:10A0F000BBE770B50446836908460D46984702469B
:10A10000EFF31186202383F31288BFF36F8F2B7830
:10A1100043F001032B7061682046FFF770FE60601A
:10A120002046FFF73BFF86F31188BFF36F8F70BDAA
:10A130002DE9F843044600272026EFF3118586F326
:10A140001288BFF36F8F2369A268190702D463686E
:10A15000934200D2236A9B1A002B42D0E06910F888
:10A16000221011F0030300EB82093AD0022B04D134
:10A1700050F822305FEA930805D1CB0720D4A369B9
:10A18000484698478046A16842462046FFF737FE7A
:10A190000127A06041462046FFF73FFE3B4685F37E
:10A1A0001188BFF36F8F002BC7D137B1B9F1000F02
:10A1B00003D104F12800FDF7DFFD4846BDE8F88330
:10A1C00041F0020100F822104846A369D4F8088043
:10A1D0009847414602462046FFF711FE0023A06043
:10A1E000DDE79946DBE7F8B50446836908460D4686
:10A1F00098470646EFF31187202383F31288BFF3B5
:10A200006F8F2B7823F001032B7023699B0705D5F3
:10A21000E268E36903EB82039D421AD12B7823F0B5
:10A2200002032B70D4E90231994204D13246204610
:10A23000FFF7E5FDA06031462046FFF7EEFD87F30E
:10A240001188BFF36F8F04F12800BDE8F840FDF7D7
:10A2500093BD2B6860F39F032B60F0E7EFF3118150
:10A26000202383F31288BFF36F8F0269836812077C
:10A2700002D442689A4200D2026AD31A81F311884A
:10A28000BFF36F8F181E18BF0120704703680022AC
:10A290000BB9184670478B4210D10B6842B942681F
:10A2A0000360914200D1436000230B60012070479E
:10A2B00013604368994208BF4260F5E71A461B687D
:10A2C000E6E7038B13F0070306D10368002B18BFE2
:10A2D000032008BF00207047022B05D1408BB0FA45
:10A2E00080F0400980007047012B04D10368002BE7
:10A2F00018BF0520EDE70020704710B50C4600B1EF
:10A3000011B96FF0150010BD081D00F0C6F8002847
:10A31000F9D1A368032BF6D9F3E72DE9F0410D46F7
:10A3200007461946281D90461E4600F0C7F8044609
:10A3300038B13346424629463846A446BDE8F04186
:10A340006047BDE8F08110B4EFF31182202484F35C
:10A350001288BFF36F8F416110BC0121F6F712BB69
:10A3600038B50C46054658B151B10B6843B14B683E
:10A3700033B11C22002102F0A8FE2C61002038BD60
:10A380006FF01500FBE7F8B504460E46FFF7B5FF82
:10A39000051E3BDBEFF31182202383F31288BFF30A
:10A3A0006F8F638B278B4FF6FF718B4207F0070788
:10A3B0002ED0062F2FD8DFE807F0182E082E18040D
:10A3C00018006FF08505002303E001336383022545
:10A3D000012382F31188BFF36F8FBBB100233A468C
:10A3E00031462046FFF799FF10E000233360636891
:10A3F00023B9C4E9006627B13D46E4E71E60666004
:10A40000F9E702212046F6F7BDFA3D462846F8BD99
:10A410006FF00A05D7E76FF00405D4E710B5EFF346
:10A420001182202383F31288BFF36F8F048B04F013
:10A430000704022C0AD0012C0CBF6FF004006FF04F
:10A44000850082F31188BFF36F8F08E0438B013BD7
:10A450009BB2438323B92146F6F794FA204610BDF8
:10A460002046EEE738B5A8B1A1B1EFF3118520225F
:10A4700082F31288BFF36F8F048BFFF707FF30B1B1
:10A4800004F0070085F31188BFF36F8F38BD6FF0BC
:10A490007700F7E76FF01500F8E7034658B1426818
:10A4A00002F00302012A03D0032A04D1026812B188
:10A4B0000020986070476FF0150070474268816017
:10A4C00002F00302032A4FF0000203460CBF0068AB
:10A4D00010465A60704770B50C8806468888241A62
:10A4E0003069A4B2844285B224BF641BA4B22D1B80
:10A4F000A8B2984228BF18463368234413600B88DB
:10A5000003440B8070BD70B4838985880669ED1A99
:10A51000ADB2731B934228BF134670BC0A46011D9F
:10A52000FFF7D9BF70B40E460146C58831F80A3F1F
:10A53000EC1AA3B2934228BF1346324670BCFFF711
:10A54000CABF10B54B880C88E41AA4B294420ED34B
:10A550001A4492B28B884A800A800069D21A92B259
:10A56000824201D2002010BD03448B80FAE76FF0D5
:10A570001500F8E72DE9F34106460F4615464FF062
:10A5800000082A4601A93046FFF7BDFF044640B146
:10A5900002463946019802F08AFD2D1BA04427444B
:10A5A000EFD14246311D3046FFF7CBFF404602B0A7
:10A5B000BDE8F0812DE9F34107460E4615464FF000
:10A5C00000082A4601A93846FFF7ACFF044648B107
:10A5D0002EB102460199304602F069FD26442D1B3A
:10A5E000A044EED1424607F10A013846FFF7A9FF21
:10A5F000404602B0BDE8F081704703785B075FBF5B
:10A6000003684288C3F34A2303EB12105DBF17307F
:10A6100020F007008008002070470020704701F0FC
:10A6200033BD0346BFF35B8F53E8000F421C43E882
:10A6300000210029F8D1BFF35B8F70471FB50023BD
:10A64000CDE90201CDE900331A4619461846F6F75E
:10A65000ADFD05B05DF804FB0120F6F759BB002005
:10A6600070474368DA7143681960436801225A7180
:10A67000F6F740BB70B515460C4669B1D2E9013614
:10A680009B1B99420AD813680A460146981902F0A2
:10A690000EFDAB682344AB60204670BD6FF01B001D
:10A6A000FBE770B50E4615461946044618B9BDE8D5
:10A6B0007040F6F72DBB33B1C2F34A231030120DB0
:10A6C000184402F0F4FCC4E900562046BDE870408E
:10A6D000F6F7CCBC2DE9F3415F1C4FEA870806462C
:10A6E00008F1170020F0070080080C461546F6F721
:10A6F00091FB0023ADF805308DF807308DF804701C
:10A7000068B10346019A43F8102FA8F104012A46C4
:10A71000294452F8045B43F8045F8A42F9D1A2014C
:10A7200002F4E07242EA482222F07F4222F47002F0
:10A73000002322F03F02314602B0BDE8F041FFF7AE
:10A74000B0BF07B50123019201AAFFF7C3FF03B011
:10A750005DF804FB07B5CDE9002302236A46FFF745
:10A76000B9FF03B05DF804FB1FB5CDE90123069BDB
:10A77000039301AA0323FFF7ADFF05B05DF804FBC7
:10A78000F8B506460D4614461F4604B9F8BD2146E5
:10A7900028463A46B047241A0544F6E710B5426801
:10A7A00081680446D2E900230068FFF7E9FF636887
:10A7B00000221A6010BD38B54B681A68CB689A42FF
:10A7C00005460C4602D10846FFF7E8FF6368BFF371
:10A7D0005B8F53E8002F511C43E800100028F8D18C
:10A7E000BFF35B8FA3689D54002038BD0A2838B59D
:10A7F00004460D4602D10D20FFF7DDFF2946204615
:10A80000FFF7D9FF002038BD2DE9F043054689B098
:10A8100008460E8891F80090D1F808800C4617463B
:10A82000F6F716FD011EC6F38216C9F3C2091FDB37
:10A830004846F6F72DFC03462146608851F8102B58
:10A840000296C2F34A22002A01EB0204C0F30B1065
:10A8500008BF00210022CDE90507CDE90314CDE9A9
:10A86000002241462846F6F71FFD09B0BDE8F083F7
:10A870000023E1E743681B685B68002019617047AB
:10A8800043681B681A685268536070472DE9F041AD
:10A8900043681B685A68012111751D68D5E90136A6
:10A8A000D3E900482F681CB96B681C60BDE8F081D3
:10A8B000214630464246B847241A0644F3E7436827
:10A8C0001B681868F6F738BE70B543681D686B687A
:10A8D00018690C46F6F7F8F9214603460F22286856
:10A8E000BDE87040184702F0F0BB02F0E0BB014643
:10A8F0000068F6F7BDBE08B5F6F716FFBDE80840DC
:10A90000F7F740BA0A460121FFF71BBF00210120DB
:10A91000F6F7AEBE6FF08500704761B662B680F3A1
:10A920001188BFF36F8F704772B6002383F31188CD
:10A93000BFF36F8FBFF34F8F30BF62B6BFF36F8F20
:10A940007047202809D9B0F1004F08D80138B0FA73
:10A9500080F0C0F11F0040007047082070473E2083
:10A96000704708B5D1E904319847002008BD08B503
:10A97000F7F7F0FB002008BDBFF35B8F50E8003F06
:10A98000013340E80032002AF8D1BFF35B8F7047F3
:10A99000002303824369C360704708B5014608304D
:10A9A000FFF7EAFF084608BD10B508B14B684360E1
:10A9B0004C68002308464B60F7F794FC204610BD16
:10A9C0008388026819448180D018704730B4848825
:10A9D0000568A3188380281930BC02F068BB10B545
:10A9E000838802685C1C8480D154D01810BD30B5B7
:10A9F000838802689D1CD4188580D154090A61702F
:10AA000030BD83885B1A9BB283800068184470470E
:10AA10008288521A03468280006808441860704792
:10AA2000F0B41346DA028768066907D513F4402F9D
:10AA30001EBF43F3000202F4402253403468012554
:10AA40008D4023F48012DB074CBF2C43AC433460B1
:10AA50003B68F0BC1847FFF774BE4FF0FF324FF071
:10AA6000FF330430FDF790B8FDF700B990F86C00A3
:10AA7000C0F341107047F8B504461E460D46174610
:10AA8000FFF7EBFF94F86C309B0715D425B1012D2F
:10AA900010D06FF0150508E0216F0029F9D09DF85E
:10AAA00018300F714E718B710025201DFFF7DCFFF0
:10AAB0002846F8BD616FF0E76FF00F05F5E738B590
:10AAC00004460D46FFF7C9FF94F86C3065F3041394
:10AAD00084F86C30201DBDE83840FFF7C5BF90F802
:10AAE0006C00C0F3800070470246034652F8640FC2
:10AAF00090420BD100207047027A8A42FBD09A6EB6
:10AB00008242F7D000680028F6D170470028F3D1C0
:10AB1000704738B504460D46FFF79FFF94F86C3038
:10AB2000DB0718D42B690BB9EB68BBB1636E1BB99B
:10AB300004F16403C4E919332B6893B9A26E04F1DC
:10AB40006401C5E900121560A5661D46201DFFF7CA
:10AB50008BFF284638BD4FF0FF35F7E76FF015053E
:10AB6000F4E76FF07705F1E710B50446034654F8B3
:10AB70004C0FA0420DD100200DE0447D8C4204D149
:10AB8000032909D1047A944205D01C6D8442F2D085
:10AB900000680028F1D110BD0F29F5E72DE9F0413B
:10ABA00005460C46061D4FF0FF324FF0FF3330468E
:10ABB000FCF7EAFF2F6F002F6DD095F86C30DB07A4
:10ABC00069D4EB6C1BB905F14C03C5E91333236859
:10ABD000002B63D1637D0F2B09D1237A012B0CD07D
:10ABE0002B6D05F14C02C4E900231C602C65637DCC
:10ABF000032B0FD04FF0000806E0E1682846FFF76E
:10AC000088FF80460028EBD03046FDF72FF84046FD
:10AC1000BDE8F081EA6C05F14C0090421ED10023A2
:10AC200029E091F815C0BCF1030F10D00133237255
:10AC30004B68C4E900131C604C60637A022B24D07B
:10AC4000032B25D0012BD5D1237ABB73D2E791F802
:10AC500008C00CF1FF3C6345E8D11268002ADED041
:10AC6000517D2B6D03290DD19A42137A02D01168C0
:10AC70000029D6D1013323722B6DC4E900031C6077
:10AC80002C65DAE79342E8D1C9E7237AFB73B1E791
:10AC9000237A3B74AEE74FF0FF38B5E76FF07708E3
:10ACA000B2E70346006800B1187A70470346C088CF
:10ACB00008B11878C0097047FFF743BD70B50C465E
:10ACC0001546F8F7F5FD40B1406883681B6823B16D
:10ACD0002A462146BDE87040184770BDF8B50446C5
:10ACE000866803690D461746BFF35B8FD3F8A03023
:10ACF000BFF35B8F9B070ED5B36A7BB1F36B9847AD
:10AD0000B36A29463A4620469847336C05462046A2
:10AD100098472846F8BD4FF0FF35FAE76FF08505F4
:10AD2000F7E770B50446866803690D46BFF35B8F8D
:10AD3000D3F8A030BFF35B8F9B070BD5F36B98471D
:10AD4000736A294620469847336C05462046984743
:10AD5000284670BD4FF0FF35FAE770B590F82830FF
:10AD600003F01F03012B04460D4600F1280627D0EF
:10AD7000022B11D04BB394F829102046FFF7B4FEF4
:10AD80000246D0B13046FFF791FF78BB1369A3B1FB
:10AD90002A68314620461EE0818DC9B2F8F788FD49
:10ADA00002460028E7D03046FFF780FF0146506892
:10ADB000836899B99B682A6863B96FF0850070BD94
:10ADC000818DC9B200F087F8EAE790F8291000F009
:10ADD0009BF8E5E73146BDE870401847DB6813B1E2
:10ADE0003146984703462B600020E8E7D368002BE4
:10ADF000E3D03146204698472860F5E710B5044671
:10AE000019B9002084F8300010BDF7F79FFB002827
:10AE1000F7D0F9E7FFF795BC4FF0FF324FF0FF3363
:10AE20000430FCF7B1BEFCF721BF21B101290DD0E0
:10AE300000231B68FFDE5430006848B143685B792B
:10AE4000934205D000680028F8D170475C30F3E7E2
:10AE5000704710B590F83030022B044609D1FFF747
:10AE600005FE94F8382001462046BDE81040FFF763
:10AE7000DCBFF8F7EFFB002010BD08B5FFF7D5FFEA
:10AE8000003818BF012008BD4FF0FF324FF0FF33EC
:10AE90000430FCF779BE08B583681B6B0BB198478B
:10AEA0000346002023B153F8042B0AB1127802B9EB
:10AEB00008BD1044F6E710B51C46FFF7B6FF48B1D1
:10AEC0000122C06802FA04F320B10269134201D1E1
:10AED0000068F9E710BD10B50C46FFF7BAFF48B19E
:10AEE0000123C06803FA04F120B10369194201D1BA
:10AEF0000068F9E710BDD1F81A0083681B6903B137
:10AF000018476FF08500704738B50C46FFF7A1FF72
:10AF100080B1C06870B14368DA681AB11179002352
:10AF2000994201DC0068F5E71568ED5CA54201D0A7
:10AF30000133F5E738BDF8B5CC6806460CB92046B4
:10AF400022E004F10C070125E268AAB165F07F0355
:10AF5000D9B203F07F031033DA40D2070ED4E3688E
:10AF6000EB40DB0705D5B0693A46E9B200F09CF842
:10AF700050B90135102DE7D12468DFE7B0693A46B2
:10AF800000F092F80028EAD0F8BD2DE9F3475768A1
:10AF9000002497F8058005460E46A1463B79A3425A
:10AFA00003DC002002B0BDE8F0875FFA84FA314686
:10AFB000534642462846FFF77EFF014650B1CDF882
:10AFC0000090534601222846F8F750FD0028E9D1A9
:10AFD0000134E3E76FF03C00E4E72DE9F7438046F6
:10AFE0000D461746FFF777FF064628B96FF00104B4
:10AFF000204603B0BDE8F0830F2DF7D808EB050914
:10B00000014699F83A4000972B4600224046F8F74F
:10B010002DFD0028EAD100942B46022231464046FD
:10B02000F8F724FD04460028E2D100972B460122C0
:10B0300031464046F8F71AFD04460028D8D170681A
:10B0400083685B6813B13A462946984789F83A7095
:10B05000CEE711F0800F18BF21F0800102684FF099
:10B06000010318BF10318B4022EA030303607047CD
:10B0700037B58B7900938B880C461546CA7889784A
:10B0800000F01EFB70B994F90230A1782A68002BF9
:10B09000B8BF21F080014FF00103B8BF10318B40E1
:10B0A00013432B6003B030BDF8B506460D46174676
:10B0B00000F02FFB044658B929463846FFF7C9FF70
:10B0C00029463046F9F728FB044608B901F005FE89
:10B0D0002046F8BD0A468069802100F0FCBB436829
:10B0E0009869F9F749BB70B591F918304668002B9B
:10B0F00005460C4607DBC4F81A50B0692146BDE886
:10B10000704000F07CBB3046FFF7E9FC0028F2D02D
:10B110004FF0FF3070BD806900F002BC0B0648BFE5
:10B1200021F08001406B48BF1031C84000F00100A1
:10B13000704770B504460D46061D4FF0FF324FF0C4
:10B14000FF333046FCF720FD94F86C20C2F3400337
:10B15000920756BFE5616FF00F041C463046FCF7BE
:10B1600085FD204670BD82B0C3698DF80010019244
:10B170002BB102AB13E9060002B0F8F7B5BD02B07F
:10B18000704782B0C3698DF8001001922BB102ABF9
:10B1900013E9060002B0F8F7A7BD02B07047704788
:10B1A00003695B68D868704743680361037A63B1D9
:10B1B000012B0CBF022303234375437A5A1E032A33
:10B1C00005D8DFE802F0050505050123F4E70023B3
:10B1D0000375837A062B09D0072B09D0052B0CBFEA
:10B1E000002303238375837EC37570470123F9E72A
:10B1F0000223F7E7036993F8440030B11A6C93888F
:10B20000918910695B1A9BB2C01A7047036993F861
:10B210003C007047036993F8442012B993F83C004E
:10B220007047012070470369C3E90812704702297B
:10B23000036907D0042907D0012907D11B691360CE
:10B24000002070471B7EFAE75B7EF8E76FF0850011
:10B250007047CB79026923B1012B02D06FF08500D2
:10B260007047937600207047BFF35B8F0068BFF391
:10B270005B8F084100F001007047FFF762BA036975
:10B280001B69BFF35B8F883353E8001F41F0020155
:10B2900043E80012002AF7D1BFF35B8F704710B567
:10B2A0000469A06B4289C3889A4202D14FF0FF30F3
:10B2B00010BD0122FFF77EF90028F7D004F17800D5
:10B2C000FCF716FF0020F3E7026913690B6053696E
:10B2D0004B600020704738B513464A7804694568CA
:10B2E0002069202A04D0222A16D06FF0850012E0AF
:10B2F000CA88072AF9D16BB1DB681A6842609A885C
:10B3000002819B798372FFF74FFF2246082128466E
:10B31000FFF737FF002038BDCB88002BE5D14B88E5
:10B320008381C3F3400203F0010302764376224691
:10B330000921ECE770B54B78212B12D1CD88036938
:10B3400040681E69072D28BF07252946FFF7C2FE62
:10B35000044620B12A46311D0C30FFF737FB20464A
:10B3600070BD0024FBE701238B40DB43BFF35B8F01
:10B3700050E8002F1A4040E800210029F8D1BFF31F
:10B380005B8F7047006902218830FFF7ECBF0069CE
:10B3900003218830FFF7E7BF03691869012188306E
:10B3A000FFF7E1BF08B5036903F1880202211046E7
:10B3B000FFF75AFF28B1996B4889C988401A18BF0E
:10B3C000012083F83C0003211046FFF74DFF40B1F8
:10B3D0001A6C908891891269401A80B2801A18BF3D
:10B3E000012083F8440008BD38B50446807AF6F79A
:10B3F000F3FE6169054649B1637ADB0704D4C3698A
:10B400001B6820469B6898470023636121462846B5
:10B41000BDE8384001F067BB30B50906847C0546BD
:10B4200014D414F0400016D0298AC3F30A00C1F3E3
:10B430000A01884220D802F00300022809D003281C
:10B440000AD0012811D004F0010004E014F020001B
:10B45000E9E7C4F3800030BD14F00200FBD013F420
:10B46000C05F0BD0C4F30010F5E714F0080207D05A
:10B4700013F4C05FEFD0F5E70020ECE70120EAE726
:10B480001046E8E7BFF35B8FD0F8A000BFF35B8FF7
:10B4900000F001007047BFF35B8FD0F8A000BFF34E
:10B4A0005B8FC0F34000704701F00F03090602698B
:10B4B00048BF103352F823007047007DC0F30010DE
:10B4C0007047037D61F304130375704708B5026983
:10B4D0001046FFF7D7FF60B9087E00F00F030006A3
:10B4E00048BF103342F82310084601F0E1FA00206B
:10B4F00008BD6FF00C00FBE700220023FCF706BC40
:10B5000001F003BB01F0DCBA407EC0F3C00070471D
:10B51000437E23F00803437670471FB504698DF816
:10B520000410CDE90220D4F8983001A9984704B05E
:10B5300010BD1FB50469034606208DF8040020469F
:10B54000CDE90213FFF79EFF40B1C1F81E20D4F8E9
:10B55000982001A91846904704B010BD4FF0FF3065
:10B56000FAE738B505460C462046FFF7C5FF014609
:10B5700000B938BD6FF070022846FFF7DAFFF3E735
:10B580002DE9F84306690746D6F80090D6F84080C2
:10B590000D464FF0FF324FF0FF3306F18400FCF709
:10B5A000F3FA4046FFF7A8FF014618BB4846FFF7ED
:10B5B000A3FF044620BB99F8143023F0100389F848
:10B5C000143098F8143023F0100388F8143024BB9A
:10B5D000012286F8B020EDB12B68C6F8A8306B6860
:10B5E000C6F8AC3086F8B12038698430BDE8F8433D
:10B5F000FCF73CBB6FF067023846FFF79AFFD0E7D5
:10B60000637EDB07D7D46FF0670221463846FFF729
:10B6100090FFCBE786F8B150E6E72DB10822294626
:10B6200004F10C00FFF7D2F9002221463846FFF75B
:10B6300080FFD9E72DE9F8430546D0F80890884601
:10B6400014461F46FFF730FF0646002835D0D9F8CC
:10B650003C302846984741463B8822463046FFF713
:10B66000DBFE804690B18BB92B6993F88030DB0705
:10B6700058BF402204F0030446BF4FF480624FF4E9
:10B6800000711146022C0DD0032C11D02846D9F898
:10B6900040309847B8F1000F14BF00206FF08500CC
:10B6A000BDE8F883338A8B4228BF0B463B80EDE729
:10B6B000338A934228BF1346F8E76FF01200EFE792
:10B6C0002DE9F3411F464B06D0F8088004460D468D
:10B6D00016461BD0D8F83C3098472069FFF7DBFEB0
:10B6E00088B19DF82030009329463B4632462046DB
:10B6F000F8F7A4FF0546D8F840302046984728467A
:10B7000002B0BDE8F0814FF0FF35F4E76FF01505AA
:10B71000F5E770B54B06866804460D4612D0F36B0C
:10B7200098472069FFF7AEFE48B129462046F8F752
:10B73000C9FF0546336C20469847284670BD4FF038
:10B74000FF35F7E76FF01505F7E770B58668054632
:10B75000F36B0C4698472869FFF79DFEB0B1214670
:10B760002846FFF7A1FE014698B1037DDB0710D5FF
:10B77000437E03F00303012B0ED0F368284698475D
:10B7800004462846336C9847204670BD4FF0FF347E
:10B79000F7E76FF01204F4E76FF08504F1E7F8B50E
:10B7A00087680646FB6B0C4698473069FFF773FEC7
:10B7B000E0B121463046FFF777FE0546C8B1037D6C
:10B7C000DB0716D5437E03F00303012B14D001469B
:10B7D0003B6930469847044618B92B7D60F3410316
:10B7E0002B7530463B6C98472046F8BD4FF0FF3430
:10B7F000F7E76FF01204F4E76FF08504F1E72DE945
:10B80000F04186680769F36B05460C46984728693E
:10B81000FFF741FE98B394F8188028464146FFF799
:10B8200043FE014670B3037DDA072BD518F07F0F76
:10B8300020D197F8B030EBB1637EDB0717D597F8CE
:10B84000B13033B1082207F1A80104F10C00FFF771
:10B85000BDF8002287F8B02021462846FFF769FE90
:10B8600004462846336C98472046BDE8F0816FF0C7
:10B870006702F1E77368224628469847F0E74FF0E1
:10B88000FF34EEE76FF01204EBE770B5866805460B
:10B890000C46F36B984721462846FFF705FE48B152
:10B8A00001F033F9B0FA80F464092846336C984704
:10B8B000204670BD0124F8E708B503691B68002124
:10B8C0005A8BF8F759FF28B1437E23F0070343F062
:10B8D0000103437608BD08B539B903691B685B8B62
:10B8E000013A1A44B2FBF3F25A43F8F745FF28B184
:10B8F000437E23F0070343F00203437608BD08B5F7
:10B9000061B903691B685A8BF8F736FF28B1437E8B
:10B9100023F0070343F00403437608BD0022F3E756
:10B9200070B586680D46F36B044698472846F6F7CF
:10B93000D9FC2046336C9847002070BD70B58668EE
:10B940000546F36B98472869FFF7A5FD044620B12B
:10B9500033683BB12846984704462846336C9847DD
:10B96000204670BD0124F8E7F8B587680669FB6BCF
:10B97000044698472069FFF785FDD8B12069FFF795
:10B980008AFDD0B9FB6A20469847054668B9BFF3DF
:10B990005B8F06F1A00353E8001F41F0020143E86A
:10B9A0000012002AF7D1BFF35B8F20463B6C98470B
:10B9B0002846F8BD4FF0FF35F7E76FF07705F4E75D
:10B9C000F8B587680669FB6B044698472069FFF75E
:10B9D00062FDB0B13B6B20469847BFF35B8F0546D5
:10B9E00006F1A00353E8001F21F0020143E8001212
:10B9F000002AF7D1BFF35B8F20463B6C984728465F
:10BA0000F8BD6FF07705F7E72DE9F0410546D0F86E
:10BA10000880066914460F4631B32AB3D8F83C3083
:10BA200098472869FFF72EFDD8B9C6E9267428463D
:10BA3000D8F834309847044660B9BFF35B8FA0361E
:10BA400056E8003F43F0010346E80032002AF7D1F0
:10BA5000BFF35B8FD8F84030284698472046BDE8B2
:10BA6000F0816FF07704F5E76FF01504F6E7F8B5AD
:10BA700087680669FB6B044698472069FFF70BFD52
:10BA8000D0B92069FFF7FEFCC8B1BB6B20469847D0
:10BA9000BFF35B8F054606F1A00353E8001F21F0BA
:10BAA000010143E80012002AF7D1BFF35B8F204663
:10BAB0003B6C98472846F8BD6FF00F05F7E76FF02D
:10BAC0007705F4E74FF08053D3F83021082A05D1E9
:10BAD000D3F83401003818BF0120704700207047A8
:10BAE000C343C3F3C01300F00F0000EB0310704713
:10BAF000FEF727BE01238B40BFF35B8F50E8002F7A
:10BB00001A4340E800210029F8D1BFF35B8F70474A
:10BB100000698430FCF7AAB8006984304FF0FF3226
:10BB20004FF0FF33FCF730B810B5807A0C46F6F7CB
:10BB300053FBC36921465868BDE8104000F0A5BE1C
:10BB400073B5807A16461D460C46F6F745FB21680C
:10BB5000C369CDE90065033121F00302586804216F
:10BB6000FBF7FAFE00B9206002B070BD0369C9B2EC
:10BB70000C2202FB0133186C00F00700704770B50F
:10BB80000346C9B20069EFF31186202484F31288BA
:10BB9000BFF36F8F0C2505FB0104246C14F0C00467
:10BBA00001D0A24211D105FB010001220264002054
:10BBB00086F31188BFF36F8F30B95B680C2202FBEC
:10BBC00001335B689847002070BD4FF0FF30EFE70E
:10BBD0008022FFF7D4BFF8B5069F04690546C9B2B5
:10BBE000EFF3118C202080F31288BFF36F8F0C26A7
:10BBF00006FB0146306C00F0070EBEF1010F10D1BC
:10BC0000376400268CF31188BFF36F8F3EB90C2088
:10BC100041430C44C4E90E236B685B589847304697
:10BC2000F8BD00F0C00087420CBF6FF077064FF000
:10BC3000FF36E7E713B580240094FFF7CCFF02B08E
:10BC400010BD10B40069CBB21C2404FB030000211A
:10BC500010BC10471046FCF78FB800F0BBBAFBF7DA
:10BC600029BA43685B68D3F810350B600020704731
:10BC700043685B6802EA010021EA0201C3F8080593
:10BC8000C3F80C150020704743685B680020C3F8B8
:10BC90000815704743685B680020C3F80C157047AF
:10BCA00043685B68D3F8042521EA02001140C3F819
:10BCB0000805C3F80C150020704730B503695868B3
:10BCC00000B30024884219D108688CB99C68586078
:10BCD000A14200D19860002008602AB15A680A6029
:10BCE0009A68596002B9996000200FE02846E9E798
:10BCF00020609868814208BF9C60ECE705680446B4
:10BD0000002DF3D1002AE9D16FF0150030BDFBF70B
:10BD1000E1BA13B54FF080520829136E526E28BF56
:10BD2000082112BA00921BBA0C460A4669460193D2
:10BD300001F0BDF9204602B010BD30B54368136074
:10BD4000057A446804EBC504A34202D36FF00100F6
:10BD500030BD5C798C4203F10803F0D10020F7E795
:10BD600083689B6A03B118477047836813B19B6C63
:10BD700003B11847704702690B4692E8030083E855
:10BD800003000020704743681B68D3F88004C3F8A1
:10BD90008004704742681368D3F8100150B192696B
:10BDA000002012780A70C3F81001D3F81021012284
:10BDB0001A6070474FF0FF307047002A0FDD42686D
:10BDC0001368D3F8100158B10020C3F8100192692C
:10BDD000D3F8100112780A70012018607047002013
:10BDE000704710B543681C680369EFF31180202287
:10BDF00082F31288BFF36F8F9A68D17B39B9917340
:10BE00009B680122DA734FF48003C4F8043380F393
:10BE10001188BFF36F8F10BD03699A68D17B21B180
:10BE2000012191739B680022DA737047026991685F
:10BE30000346C87B40B15B681B68D3F8580118B152
:10BE400000230B6193689889704743681B68D3F897
:10BE50001001003818BF0120704743681B68D3F8F1
:10BE60000423D2065CBF1022C3F804237047436842
:10BE70001B68D3F80423D20644BF1022C3F808235A
:10BE8000704743681B684FF40072C3F8042370477F
:10BE900043681B684FF40072C3F80823704738B535
:10BEA00043681D68D5F804335B02044605D4D5F811
:10BEB000040310F0100006D138BDFFF7B7FF0028CB
:10BEC000F5D00120F8E72046BDE83840FFF7BDBFB8
:10BED0000369986801609B685A607047026803466E
:10BEE000D2F8580140B95B68DB0706D4D2F82001CC
:10BEF000003818BF012070470120704710B4436814
:10BF000002691B68D3F80413C90517D5D3F82011AB
:10BF1000A1B1EFF31181202484F31288BFF36F8F56
:10BF2000D3F8204134B10024C3F82041D3F8204194
:10BF30000124DC6081F31188BFF36F8F9168D3F81F
:10BF4000584171B17CB100240C619168C97B19B969
:10BF50004FF48001C3F8081391688C7B1CB1002357
:10BF60008B7310BC7047D3F8241121B10021C3F8A2
:10BF70002411D3F8243192681368002BF1D0516852
:10BF800010BC184713B501AA0446FFF7D6FE0028D7
:10BF900005DB019B226819791868FAF7A7F802B047
:10BFA00010BD10B50022044601212820F5F76AFED5
:10BFB0002820F5F737FE2046BDE81040FAF724BCEC
:10BFC00010B50022044601210220F5F75BFE022095
:10BFD000F5F728FE2046BDE81040FAF715BC2DE91C
:10BFE000F0410669B3689C89BFF35B8F94420546B4
:10BFF000A8BF14461033012753E8002F002A03D1AD
:10C0000043E800700028F7D1BFF35B8F0CBF3B46BD
:10C0100000232BD1B3682246986801F048F8EFF36B
:10C020001188202383F31288BFF36F8F6968084655
:10C03000FFF754FFB26840B91061044688F31188D5
:10C04000BFF36F8F2046BDE8F0810B689268C3F89C
:10C0500044250022C3F84845C3F82021D3F8201115
:10C06000C3F85821D3F858219F60E7E71C46E9E759
:10C0700000F150039B009BB203F1804303F588332A
:10C0800000221A601B68704708B5FAF77DFC08BDEE
:10C090004FF08053D3F83021082A03BFD3F834017E
:10C0A000B0FA80F04009002070470346002018478E
:10C0B00000F072BB10B502461168B1B1BFF35B8FDF
:10C0C000B1FA81F3C3F11F000123834021EA030386
:10C0D00052E8004F8C4204D142E8003CBCF1000F12
:10C0E000F6D1BFF35B8FE7D110BD6FF00B00FBE71C
:10C0F00010B50368CB40DB0714D401238B400268E2
:10C10000BFF35B8F43EA020150E8004F944204D131
:10C1100040E8001CBCF1000FF6D1BFF35B8FEED1FD
:10C12000002010BD6FF01500FBE770B50C46002134
:10C13000054608461646FAF7E1FE48B93378DB00B3
:10C1400003F1804303F5F833C3F81055C3F81445E1
:10C1500070BD10B1012802D07047FAF7ABBFFAF7F3
:10C160005BBF18B1012803D100F019B800F032B854
:10C17000704708B5FAF76CFFBDE80840FAF7DABF78
:10C180004FF08053D3F83021082A06D1D3F8340178
:10C1900002288CBF00200120704700207047FAF76A
:10C1A00001BF38B54FF080440223C4F8083301239F
:10C1B000E3600023C4F80431D4F8043142F210756E
:10C1C000D4F81834DB0304D50120FFF771FF013DDB
:10C1D000F6D138BDFFF7E5BFF7B5019001A8DDE95D
:10C1E000084716461D46FAF7DDFF019BB6F1000C25
:10C1F00018BF4FF0010C00EB83000B1E18BF01238A
:10C20000002D43EA4C030CBF4FF0000C4FF00C0C18
:10C21000002C43EA0C030CBF4FF0000C4FF4E06C11
:10C22000002F43EA0C03D0F800270CBF4FF0000C9E
:10C230004FF4403C43EA0C0322EA030301B10978BE
:10C240000EB13678760019430DB12D78AD0031432B
:10C250000CB12478240229430FB13F783F040C43EA
:10C260003C43C0F8004703B0F0BD1FB50DF10F030C
:10C27000019300238DF80F1000931A461946FFF71B
:10C28000ABFF05B05DF804FB10B504460846FAF7AD
:10C2900099FF04EB4004207DC0F3401010BD10B5A1
:10C2A00004460846FAF78EFF04EB4004207DC0F3F5
:10C2B000400010BD10B504460846FAF783FF04EBB2
:10C2C0004004A08A400B10BD70B5044608461646CF
:10C2D000FAF778FF08300D4634F81030DA0509D542
:10C2E000C3F3432304EBC302314654F8333052689E
:10C2F00028469847A3682BB1E26831462846BDE836
:10C300007040184770BD10B504460846FAF75AFF4A
:10C3100004EB4000838ADA051DD5C3F3432123F4DF
:10C32000F853838204F1120204F1720032F8023FE2
:10C3300013F4807F03D0C3F3432399420BD082428E
:10C34000F4D104EBC10300225A6004F17800BDE887
:10C350001040FFF7CDBE10BDF0B5034600F5807468
:10C36000002005460127844695420AD1D3F87C2156
:10C3700032B10022C3F87C21D3F87C3140F0004078
:10C38000F0BD25F0404607FA06F6314209D0D4F850
:10C3900000E0BEF1000F04D0C4F800C0D4F800E003
:10C3A000304301350434DFE738B504460D46FFF766
:10C3B0006BFFA8B12046FFF772FF88B92046FFF750
:10C3C00079FF226801238340C2F80833236803EB16
:10C3D0008000D0F8103523F00303C0F8103538BDC5
:10C3E00028460021BDE83840FFF73FBF2DE9F04364
:10C3F000174685B004460846FAF7E4FED7F80080F1
:10C400000E460546B8F1000F1ED02046FFF747FF45
:10C4100018B12046FFF738FF20BB0023CDE90033D9
:10C420008DF80E308DF80F300DF10F0243460DF1EF
:10C430000E013046FFF7D0FE04EB4502938A23F04D
:10C44000020343F0010393827B689BB3314620468D
:10C4500093F80080D3F80490FFF721FF28B1B9F1D9
:10C46000000F1FD06FF0150027E004EB4500838A12
:10C4700023F4604323F020038382B9F1000F11D02D
:10C48000B8F1030FEED87B6821685B6893F800C0B1
:10C490004FEA8C031944B8F1000F11D1C1F810858F
:10C4A000C1F8108504EB4502938A23F01C0343EA8C
:10C4B00088039382BB6843BB002005B0BDE8F083CE
:10C4C000D1F8102522F00302C1F810252268134488
:10C4D000D3F8102522F44F3222F44072C3F810250D
:10C4E0003202D3F8101502F47C5242EA08420A43A1
:10C4F000C3F8102504EB4C03A3F87C60838A43EA5D
:10C500004C3343F020038382CCE7D3E900783146F3
:10C510002046FFF7F8FE002FCED063689F4206D07A
:10C5200004F17800FFF7C6FD002804DAC5E7A36828
:10C530009845F5D1002004EBC003C3E9017804EB72
:10C540004505C0B2AB8A43EA402343F48073AB8213
:10C55000B2E72DE9F043054685B0084616461F466A
:10C56000FAF730FE0C46804626B32846FFF797FEC2
:10C5700018B92846FFF788FE18BB05EB4809B9F83B
:10C58000143003F01C0313B17378012B19D001236D
:10C590008DF80F300023CDE90063721CB31C0DF140
:10C5A0000F012046FFF718FEB9F8143043F00303DB
:10C5B000A9F81430002F3FD021462846FFF76FFE20
:10C5C00020B96FF0150005B0BDE8F0833E782B6808
:10C5D00003EB86030022C3F81025C3F8102505EBF2
:10C5E00048024FEA860C938A23F4604323F0200329
:10C5F0009382787800B32968BF7861440004D1F849
:10C60000103523F4991323F4F853C1F8103523029D
:10C6100000F4403003F47C5303433805D1F810553F
:10C6200000F4801003432B43C1F81035938A43EA8A
:10C63000463343F0200393820020C4E7C0E903128D
:10C64000704770B504461546FFF71EFE48B1084610
:10C65000FAF7B8FD04EB40040020A38A5B0B2B70B3
:10C6600070BD6FF01500FBE738B590F88C400546BB
:10C670009CB960222146143000F027FD2868C0F8DC
:10C680007C41D0F87C3140F30730F5F7CBFA012339
:10C6900085F88C30AB67204638BD6FF07700FBE73C
:10C6A00090F88C00003818BF01207047FAF7C4BD1D
:10C6B0002DE9F34104461746FFF7E6FD0D462668CF
:10C6C000F0B12046FFF7EBFD8046C8B92046FFF7E2
:10C6D000F1FD820002F5807346F80380F358236869
:10C6E0001344D3F8102542F00102C3F8102527B1F6
:10C6F000226801238340C2F8043302B0BDE8F08110
:10C70000D6F80433002BA4BF4FF00043C6F804331F
:10C710002846FAF757FD04EB4004A38AC3F38203CB
:10C72000042B12D0052B12D001A80195FAF73AFD7F
:10C73000019BD0F81015D94001F0010102312846C3
:10C7400002B0BDE8F041FFF790BD0321F7E70221F9
:10C75000F5E7FFF729BE00F180431A68002A1FBFE2
:10C7600000221A601B68012008BF002070474FF0AC
:10C7700080434FF46072C3F8042370474FF0804346
:10C780004FF46072C3F80823704708B5FAF7D0FE7B
:10C79000BDE80840FFF7EDBC08B1F5F7D7BD70471D
:10C7A00010B5436904463BB90020E268537843F072
:10C7B00001035370404210BD98470028F4D0002870
:10C7C000B8BF4042E368FF28A8BFFF201870ECE71D
:10C7D00040B1C368587810F001001EBF1878B0FA55
:10C7E00080F040097047EFF31183202383F3128810
:10C7F000BFF36F8FFEE72DE9F04F89B0DDE91268D6
:10C80000059243460546324606A80F4600F079FBDE
:10C81000DDE90634CDE90234EFF311844FF020094D
:10C8200089F31288BFF36F8F05F10C0A05F1140B21
:10C83000059A149B39462846984730B184F31188ED
:10C84000BFF36F8F09B0BDE8F08F56EA0806F5D048
:10C85000DDE9022306A800F079FBDDE9066852460F
:10C86000CDE9006821465846FBF7C2FFEFF311847B
:10C8700089F31288BFF36F8FDAE710B400F10C046C
:10C88000C0E9034410BCFDF750B838B50446EFF3D7
:10C890001185202383F31288BFF36F8FF3F7D0FD48
:10C8A00004F10C0000F0B2FA30B1294604F1140092
:10C8B000BDE83840FBF724BF85F31188BFF36F8FC5
:10C8C00038BD10B542696AB1836842EA030189073D
:10C8D00008D10169A2FB011424B95B182CBF012106
:10C8E000002102D36FF0150005E0C1609B1A0269B8
:10C8F0008A4201D8002010BDC2681A604269C36034
:10C9000001319B1AF3E72DE9F04105460F46EFF39D
:10C910001188202383F31288BFF36F8FC668FEB996
:10C920000468A0421CD0DCB1D4E9003213605A6024
:10C93000237CA66023F002032374C4E9006604F19B
:10C940001800FCF7D7F92046C4F880606761FBF750
:10C95000CFFD414605F10800BDE8F041FBF7D0BE30
:10C960003E60AB69EF60013BAB6188F31188BFF3B8
:10C970006F8FBDE8F08110B52024EFF3118384F3AD
:10C980001288BFF36F8FFDF7CFFFF6E7D0E90032D3
:10C9900013605A60027C002322F00202C0E90033D7
:10C9A00002748360704713B501240094FBF722F8EA
:10C9B00002B010BD90F90E308B4201D0FBF74ABF98
:10C9C0000020704703460020C3E90200C3E900339A
:10C9D0007047D0E9003213605A60027C002322F0D5
:10C9E0000202C0E900330274836070472DE9F84306
:10C9F00090469DF82020099F04460D4602B14568E7
:10CA0000A66804F108094E4516D0AEB13046FFF7CE
:10CA1000E0FF002406F11800FCF76CF93046C6F878
:10CA20008040C6F81480FBF763FD48463946FBF7A3
:10CA300067FE2046BDE8F883A3B10820FCF758FB49
:10CA4000002832D00122C0F804800260016801F0A1
:10CA500003015DB922680A430260626820606AB916
:10CA600060600BE0C8F800304046EFE72A68032A10
:10CA700010D80160616839B9C4E90000002087F36B
:10CA80001188BFF36F8FD5E70A6802F003020243F3
:10CA90000A60E5E722F003020A4302602A6802F016
:10CAA000030240EA02032B60E8E76FF00B00E6E7C1
:10CAB0000023C0E9003300F10803C0E902337047E6
:10CAC00007B50A46EFF31183202181F31288BFF3E3
:10CAD0006F8F01930123009300231946FFF786FF10
:10CAE00003B05DF804FB07B50A46EFF3118320217C
:10CAF00081F31288BFF36F8F0193002300931946CF
:10CB0000FFF774FF03B05DF804FBEFF311832022FD
:10CB100082F31288BFF36F8F006818B10268920722
:10CB200018BF406883F31188BFF36F8F70473AB125
:10CB30008A4205D3C0E90212C0E900000020704714
:10CB40006FF015007047026801238B4022EA03034F
:10CB5000036022FA01F000F001007047F8B50446C6
:10CB60000E460C300321FFF7EEFF054630B11034BE
:10CB700020272046FCF7BEF80B3001D02846F8BD30
:10CB8000336883F31188BFF36F8FEFF3118387F35B
:10CB90001288BFF36F8F3360EBE738B5E0B150F820
:10CBA000944F844218D0BCB1D4E9003213605A606B
:10CBB000237C002523F00203C4E900552374A560FB
:10CBC00004F11800FCF796F8C4F88050656120461F
:10CBD000BDE83840FBF78CBC38BD73B50446EFF3B5
:10CBE0001185202383F31288BFF36F8F0023A0F1F8
:10CBF0001006032104380193FFF7A5FF28B1A369AC
:10CC0000019301A93046FBF721FA85F31188BFF3A0
:10CC10006F8F02B070BD38B504460D46102200215A
:10CC200000F053FA656038BD13B501900846EFF384
:10CC30001184202383F31288BFF36F8F01A9FBF7C0
:10CC400005FA84F31188BFF36F8F02B010BD10B5E1
:10CC5000FFF7EAFF041E08DDEFF31180202383F3C2
:10CC60001288BFF36F8FFBF761FE204610BD38B509
:10CC7000302204460D46002100F027FA4FF480735D
:10CC80006560E36038BDEFF30580003818BF012010
:10CC900070476FF0570070470020704738B585899E
:10CCA000EFF31181202282F31288BFF36F8F037C90
:10CCB00013F0080404D081F31188BFF36F8F38BDDF
:10CCC0000122FBF77FFCEB07F9D584F31188BFF352
:10CCD0006F8F0423184602DFF1E7FBF747BDD0E969
:10CCE000003213605A600023C0E90033704708B572
:10CCF000FFF7F5FF037C23F0020303740023836036
:10CD000008BD10B5EFF31184202383F31288BFF31D
:10CD10006F8FFBF7EDFB84F31188BFF36F8F10BDAE
:10CD200038B504460D46FBF723FC237C43F0020391
:10CD30002374D5B1A5602B689D4209D16B68C4E905
:10CD400000531C606C6010E06A689A42F6D01B6861
:10CD5000002BF3D093F90E1094F90E209142F3DDDD
:10CD60005A68C4E9003214605C6038BD08B5EFF35E
:10CD70001181202282F31288BFF36F8F83680BB179
:10CD8000FFF7B5FF81F31188BFF36F8F08BD08B5BA
:10CD9000037C13F0280F01460CD183680BB1FFF719
:10CDA000A6FF0B7C23F004030B740846BDE8084083
:10CDB000FBF79EBB08BD38B50446EFF31185202371
:10CDC00083F31288BFF36F8FFBF7D6FF18B9A4F176
:10CDD0001800FFF7DCFF85F31188BFF36F8F38BDB4
:10CDE00008B50346EFF31181202282F31288BFF3C6
:10CDF0006F8F0068834207D008B1FFF778FF81F397
:10CE00001188BFF36F8F08BD0020F8E770B50546A5
:10CE1000EFF31186202383F31288BFF36F8F04682A
:10CE20000020A54204D186F31188BFF36F8F70BD37
:10CE3000002CF8D02046FFF75AFF04F11800FBF74A
:10CE400059FF2046FBF754FB2C680120E9E738B571
:10CE50000C460546FBF77EFDB4F1FF3F08BFB5F178
:10CE6000FF3F1FBF47F6FF7300224FF47A71E0FBCC
:10CE700001321ABFD80B40EA42404FF0FF3038BDB4
:10CE80002DE9F04706460F4691469A46EFF3118882
:10CE9000202383F31288BFF36F8F0068864206D089
:10CEA00028B17368984214BF0568002568B900244A
:10CEB000B9F1000F02D051462046C84788F31188C7
:10CEC000BFF36F8F2046BDE8F0875146B847044650
:10CED0000028EDD135B17368AB4200D02C682846EC
:10CEE0002546E3E72C46FAE708B5FBF7B9FDBDE8B0
:10CEF0000840FBF7E5BD08B5FBF7C8FF08BDFBF729
:10CF0000C5BFB3F1FF3F08BFB2F1FF3F70B50646A2
:10CF10001D46144614D01A4316D0002B08DBFBF72D
:10CF2000B5FF041941EB0501C6E90041304670BD6B
:10CF30006FF001031C1B4FF0FF3363EB0501F3E7B8
:10CF40004FF0FF342146EFE70024FBE7B3F1FF3F4A
:10CF500008BFB2F1FF3FF8B5074616461C4610D091
:10CF600054EA020311D0FBF791FFB0420A46A141F7
:10CF700003460AD2F31A64EB0204C7E900343846C8
:10CF8000F8BD4FF0FF331C46F7E70023FBE730B551
:10CF90000023C0E90812002400F118020025C0E9AE
:10CFA0000622C0E90033C0E902450363436330BD94
:10CFB0002DE9F3470446DDE90A9815460E4659B3B4
:10CFC00002F0010AFBF734FD0746EFF3118120233D
:10CFD00083F31288BFF36F8FA80744BF0023A360B9
:10CFE000A36803EA0600BAF1000F0CD086420CD108
:10CFF0006A0744BF8343A36081F31188BFF36F8F37
:10D0000002B0BDE8F0870028F2D159EA080305D143
:10D0100081F31188BFF36F8F0020F1E7C7E918652E
:10D020002246CDE9009804F10C00FBF7E1FB002853
:10D03000F2D1386EE4E710B50446D0E918020B6867
:10D0400012F0010F03EA000301D0984210D17BB126
:10D050002366520742BF4A681A434A6004F1180027
:10D06000FBF748FE0023C4F880302046FFF78FFE10
:10D07000002010BD0A46FBF7EFBF0A460021FBF770
:10D08000EBBF5200FFF794BF10B5014670B151F8E5
:10D09000040DEFF31184202383F31288BFF36F8F05
:10D0A000F3F7CEF984F31188BFF36F8F10BD0A44F4
:10D0B000914200F1FF3300D1704710B511F8014BD8
:10D0C00003F8014F9142F9D110BD02440346934247
:10D0D00000D1704703F8011BF9E710B5024601447F
:10D0E0008A42134603D01C780132002CF8D1181A5A
:10D0F00010BDF0B5C3F137070446FFB203F01F03BC
:10D100001046082BE6B233D0102B3ED06508A40899
:10D1100044EA817445EAC1752D194FEA910242EB48
:10D120005102290941EA02716D1842EB1212290AD3
:10D1300041EA02616D1842EB1222290C41EA0241D8
:10D140006D1842EB1242AD1842F10002EC0844EABD
:10D150004274D10804EB8402A6EB4205EDB2092D1E
:10D160000CD90134A5F10A0541F10001EDB212E03C
:10D17000E40844EA417406F00705C908303554EA6A
:10D18000010200F8015BBCD1F0BD240944EA01743E
:10D1900006F00F050909092D84BFED19EDB2EDE781
:10D1A000D1E9043293421EBF5A1C0A6118707047BD
:10D1B00071230000000000000000000038D20000D1
:10D1C00035790000000000000000000070D200006F
:10D1D0000000000054D2000000000000A8D20000AF
:10D1E000000000008CD2000000000000C4D200004B
:10D1F0006D5D000000000000FD6A000000000000FE
:10D20000CD0B0000000000007D21000000000000A8
:10D2100000000000E0D2000000000000FCD200008E
:10D2200071300000000000009123000000000000A9
:08D230004905000000000000A8
:10D2380061EF0000D0D70000C4D40000180400201B
:10D2480034110020055B0000000000008AEF000098
:10D25800E8D70000A0D400001A040020881100209C
:10D268008D5F00000000000098EF0000FCD7000070
:10D27800A0D400001C040020941100208D5F000041
:10D2880000000000EAEC000044D70000E0D40000F1
:10D298001404002030000020B13F0000000000000E
:10D2A800CAF0000018D8000034D50000200400207F
:10D2B80044030020A3BF000000000000D8F00000D5
:10D2C80070D8000034D5000022040020700300202C
:10D2D800C1BF0000000000003BEF0000ACD7000019
:10D2E80068D700001604002090020020894C000036
:10D2F8000000000092F0000010D8000000000000BC
:10D308001E040020A0110020196200000000000087
:10D318008BC70000ABC00000000000000DA9000092
:10D32800C4D20000FDBE0000000000000DA90000EE
:10D33800000000000DA90000000000000DA9000079
:10D34800640100200FBD0000000000000DA90000CE
:10D35800000000000DA90000000000000DA9000059
:10D36800000000000DA90000000000000DA9000049
:10D37800000000000DA90000000000000DA9000039
:10D38800000000000DA90000000000000DA9000029
:10D39800000000000DA9000000000000F56B00006F
:10D3A800000000000DA90000000000000DA9000009
:10D3B800000000000DA90000000000000DA90000F9
:10D3C800000000000DA90000000000000DA90000E9
:10D3D800000000000DA90000000000000DA90000D9
:10D3E800000000000DA90000000000000DA90000C9
:10D3F800000000000DA90000000000000DA90000B9
:10D40800000000000DA90000000000000DA90000A8
:10D41800000000000DA90000000000000DA9000098
:10D42800000000000DA90000000000000DA9000088
:10D43800000000000DA90000000000000DA9000078
:10D44800000000000DA90000B1530000ABC00000AF
:10D45800A8D20000FDBE0000000000000DA90000D9
:10D46800000000000DA90000000000000DA9000048
:10D47800000000000DA90000000000000DA9000038
:10D48800000000000DA90000000000000DA9000028
:04D4980075790000A2
:04D49C0001910000FA
:10D4A000BD5D000063BC000071BC000089BC0000D1
:10D4B00095BC0000A1BC0000C95F0000BBBC00001F
:10D4C000000000005D5B0000D1BB000035BC000027
:10D4D000000000006DBB0000000000000000000024
:10D4E0009FB20000FD3D00000000000053B20000AC
:10D4F000C9B200000D440000553D00008544000005
:10D500008FB30000F5B10000D544000085B30000E2
:10D51000000000000DB2000000000000000000004C
:10D5200015B20000A5B3000027B20000FD3F0000C7
:10D530002FB2000095BD00005167000087BD0000BC
:10D54000F965000077BD0000DFBF0000BBBD000033
:10D55000E3BD000019BE00002DBE00005BBE000050
:10D560006FBE00002DBE00004BBE000083BE000059
:10D5700091BE00009FBE000000000000D1BE000070
:08D580000000000000000000A3
:10D5880024DD0000030000007CEF00000300000021
:10D59800B2DB00000300000048DD000003000000CB
:10D5A8004CDD00000300000051DE00000300000015
:10D5B80082E2000003000000E1E200000300000036
:10D5C800E9E200000300000051EF00000300000042
:10D5D800CCF100000300000036DC0000030000006E
:10D5E800F8E200000300000035DD00000300000041
:10D5F8009FF0000003000000E6F0000003000000B8
:10D60800CAED00000300000049EF0000030000001D
:10D6180002ED000003000000E3E800000300000042
:10D62800F4E5000003000000B3E900000300000077
:10D63800CAE6000003000000D6E300000300000073
:10D64800CDE30000030000005BEA000003000000D7
:10D658000CEA0000030000007EE700000300000061
:08D6680063EA0000030000006A
:10D67000FCD600004C01002040DE0000010000004C
:10D680000338FDD87047000070D200001800070072
:10D6900070D20000100000003006002000010000E1
:10D6A00059A60000FBA500000200000009A8000028
:10D6B000000000000000000000000000000000006A
:10D6C00020DE000028DE0000000000000000000056
:10D6D0000000000030DE000034DE000038DE000014
:10D6E0003CDE0000ECD600001C0E0020BD15000042
:10D6F000340E00204652002001000000C9A800009E
:10D70000BFA800008DA8000081A800000000000054
:10D7100075A80000000000000000002000000000CC
:10D7200000000B06020000002CD7000000000000E3
:10D73000D2E200002600020600000020DAE200002B
:10D7400022000B111C02002000000000CF0300206B
:10D750003002002000000000B8D700007C04002048
:10D76000000000000000000000000000094E000062
:10D77000454C0000454A0000314E0000000000000A
:10D78000E5490000514E000051580000254C0000B2
:10D7900000000000C9580000715200003D4B00001D
:10D7A0001D4B000019BB000011BB00000000000071
:10D7B000010000009D4B000041BB00000000000084
:10D7C00029BB0000C15A0000915A0000000000006F
:10D7D0000D5C00008D5B000070EF00005FBC00007E
:10D7E0005BBC000076EF0000FFFF0000000300506C
:10D7F000640100200000000001000000FFFFFFFFA7
:10D800000000005064010020000000000000000043
:10D810008CD20000A8D2000000800240010000006D
:10D820000000000034D800000024F4005152002011
:10D83000505200200080024040D80000020000004A
:10D8400060D800000400000050D80000040100006F
:10D85000258000002480000127800002268000032C
:10D86000250000002400000127000002260000031C
:10D870000020004001000000000000008CD80000E3
:10D880000024F40073520020725200200020004057
:10D8900098D8000002000000B0D80000020000008C
:10D8A000A8D80000020100000680000008800001E6
:10D8B000060000000800000108000000030000004E
:10D8C0007DF100008BF100009FF10000AEF100003F
:10D8D000BAF10000B0D10000B8D10000F8D10000CA
:10D8E00000D2000030D2000038D20000CFF100009A
:10D8F00000010000000000000904646F776E6C6F87
:10D9000061640064656173736572746564006E6F51
:10D91000726D616C0072656C65617365640046616F
:10D92000696C656420746F20726561642044545290
:10D93000202865727220256429004661696C65643F
:10D9400020746F20726561642052545320286572E0
:10D95000722025642900445452202573202D3E2036
:10D96000455350424F4F54202573005254532025A5
:10D9700073202D3E20455350454E202573004553BE
:10D9800050424F4F54204750494F206E6F742072C1
:10D990006561647900455350454E204750494F20FA
:10D9A0006E6F74207265616479004661696C6564AC
:10D9B00020746F20636F6E666967757265204553CA
:10D9C00050424F4F5420286572722025642900462A
:10D9D00061696C656420746F20636F6E666967753A
:10D9E000726520455350454E20286572722025648B
:10D9F0002900455350333220636F6E74726F6C2070
:10DA00004750494F7320726561647920286E6F72A8
:10DA10006D616C20626F6F742C2072756E6E696E12
:10DA20006729004661696C656420746F20616464D5
:10DA3000206C616E677561676520646573637269E8
:10DA400070746F7220286572722025642900466107
:10DA5000696C656420746F20616464206D616E750B
:10DA60006661637475726572206465736372697050
:10DA7000746F7220286572722025642900466169DE
:10DA80006C656420746F206164642070726F6475CB
:10DA900063742064657363726970746F72202865A3
:10DAA000727220256429004661696C656420746F78
:10DAB000206164642046756C6C2D5370656564202C
:10DAC000636F6E66696775726174696F6E20286531
:10DAD000727220256429004661696C656420746F48
:10DAE0002072656769737465722055534220636CB8
:10DAF000617373657320286572722025642900465E
:10DB000061696C656420746F207265676973746500
:10DB1000722055534244206D6573736167652063BD
:10DB2000616C6C6261636B202865727220256429C8
:10DB3000004661696C656420746F20696E69746960
:10DB4000616C697A65205553422064657669636526
:10DB500020737570706F727420286572722025644E
:10DB600029004661696C656420746F20656E61628E
:10DB70006C65205553422064657669636520737532
:10DB800070706F72742028657272202564290045B8
:10DB90005350333220706173737468726F756768A5
:10DBA0002072656164790065737033325F757362EA
:10DBB000640065737033325F706173737468726F81
:10DBC000756768006865617020636F727275707444
:10DBD000696F6E20286E6F7420696E207573653FC3
:10DBE00029206174202570006865617020636F7260
:10DBF00072757074696F6E20286275666665722032
:10DC00006F766572666C6F773F292061742025708E
:10DC1000006865617020636F7272757074696F6EF1
:10DC20002028646F75626C6520667265653F2920E7
:10DC30006174202570006F735F68656170002A2A27
:10DC40002A20426F6F74696E67205A657068797216
:10DC5000204F53206275696C642076342E342E3048
:10DC60002D31303335352D67663262356563643862
:10DC700036366630202A2A2A0A00286E756C6C29EE
:10DC80000028756E7369676E656429206368617228
:10DC9000202A207573656420666F72202525702008
:10DCA000617267756D656E742E20497427732072DA
:10DCB00065636F6D6D656E64656420746F2063616C
:10DCC000737420697420746F20766F6964202A2031
:10DCD00062656361757365206974206D6179206385
:10DCE00061757365206D69736265686176696F72CD
:10DCF00020696E206365727461696E20636F6E6661
:10DD0000696775726174696F6E732E2053747269DE
:10DD10006E673A2225732220617267756D656E7495
:10DD20003A25640063627072696E74665F70616345
:10DD30006B616765007379735F6765746F707400FA
:10DD40006C6F6767696E67006C6F67006C6F675F09
:10DD50006D676D74004D65737361676520282225BA
:10DD60007322292064726F7070656420626563613C
:10DD700075736520697420657863656564732073C5
:10DD8000697A65206C696D69746174696F6E2028A9
:10DD9000257529004D6573736167652064726F7026
:10DDA00070656420626563617573652069742065C0
:10DDB0007863656564732073697A65206C696D6941
:10DDC000746174696F6E2028257529000D0A001B87
:10DDD0005B306D0025732E0025733A2000257320DB
:10DDE000005B253031306C755D20005B253032756D
:10DDF0003A253032753A253032752E253033752C60
:10DE0000253033755D20003C25733E200025732F9F
:10DE100000253032782000202020007C002563007F
:10DE20001B5B313B33316D001B5B313B33336D008A
:10DE30006572720077726E00696E660064626700D8
:10DE40006C6F675F6261636B656E645F756172744E
:10DE5000006C6F675F756172740072302F61313AC8
:10DE60002020307825303878202072312F61323AE6
:10DE70002020307825303878202072322F61333AD4
:10DE800020203078253038780072332F61343A20E2
:10DE900020307825303878207231322F69703A205E
:10DEA00020307825303878207231342F6C723A2047
:10DEB000203078253038780020787073723A20202E
:10DEC000307825303878004661756C74696E67204B
:10DED000696E737472756374696F6E2061646472C5
:10DEE00065737320287231352F7063293A2030789A
:10DEF0002530387800556E68616E646C6564204921
:10DF000052516E3A202564002A2A2A2A2A20555383
:10DF1000414745204641554C54202A2A2A2A2A00A6
:10DF200020204469766973696F6E206279207A6572
:10DF3000726F002020556E616C69676E6564206D9C
:10DF4000656D6F7279206163636573730020204E85
:10DF50006F20636F70726F636573736F7220696E89
:10DF6000737472756374696F6E73002020496C6CF2
:10DF70006567616C206C6F6164206F662045584353
:10DF80005F52455455524E20696E746F20504300C5
:10DF90002020496C6C6567616C20757365206F6625
:10DFA00020746865204550535200202041747465E8
:10DFB0006D707420746F2065786563757465207565
:10DFC0006E646566696E656420696E7374727563EC
:10DFD00074696F6E002A2A2A2A2A204D505520463D
:10DFE00041554C54202A2A2A2A2A002020537461A1
:10DFF000636B696E67206572726F722028636F6E43
:10E00000746578742061726561206D696768742039
:10E010006265206E6F742076616C6964290020202F
:10E02000556E737461636B696E67206572726F728F
:10E03000002020446174612041636365737320563E
:10E04000696F6C6174696F6E0020204D4D464152BE
:10E0500020416464726573733A203078257800201B
:10E0600020496E737472756374696F6E20416363C7
:10E070006573732056696F6C6174696F6E00202040
:10E08000466C6F6174696E672D706F696E74206C79
:10E09000617A79207374617465207072657365723A
:10E0A000766174696F6E206572726F72002A2A2A17
:10E0B0002A2A20425553204641554C54202A2A2AC8
:10E0C0002A2A002020537461636B696E6720657291
:10E0D000726F7200202050726563697365206461FD
:10E0E000746120627573206572726F720020204225
:10E0F00046415220416464726573733A203078253A
:10E1000078002020496D70726563697365206461D1
:10E11000746120627573206572726F7200202049ED
:10E120006E737472756374696F6E206275732065A7
:10E1300072726F72005265736572766564204578FD
:10E1400063657074696F6E20280053707572696F13
:10E15000757320696E7465727275707420284952E7
:10E16000512000535053454C20696E2074687265ED
:10E170006164206D6F646520646F6573206E6F74D9
:10E1800020696E6469636174652050535000455383
:10E190004620636F756C64206E6F74206265207218
:10E1A00065747269657665642073756363657373FE
:10E1B00066756C6C792E205368616C6C206E657688
:10E1C0006572206F636375722E002A2A2A2A2A201C
:10E1D00048415244204641554C54202A2A2A2A2A92
:10E1E000002020427573206661756C74206F6E206C
:10E1F000766563746F72207461626C65207265610C
:10E20000640020204465627567206576656E740041
:10E2100020204661756C7420657363616C6174695C
:10E220006F6E20287365652062656C6F77290041E9
:10E230005243485F455843455054207769746820DD
:10E24000726561736F6E2025780A002A2A2A2A2AAD
:10E25000204465627567206D6F6E69746F7220650A
:10E260007863657074696F6E202A2A2A2A2A002A28
:10E270002A2A2A2A20257320256429202A2A2A2AA4
:10E280002A006D7075004661696C656420746F20AA
:10E29000616C6C6F63617465206E6577204D5055BD
:10E2A00020726567696F6E2025750A00506172746F
:10E2B0006974696F6E2025753A20636F68657265B1
:10E2C0006E636520636865636B206661696C656475
:10E2D0002E00464C4153485F30005352414D5F3051
:10E2E000006E65745F627566006E65745F62756668
:10E2F0005F73696D706C6500736F630055534220E6
:10E3000064657669636520737570706F72742069D7
:10E310007320616C726561647920696E69746961EA
:10E320006C697A656400555342206465766963655B
:10E3300020636F6E74726F6C6C6572206973206EEF
:10E340006F7420726561647900555342206465766C
:10E3500069636520737570706F7274206973206EC5
:10E360006F7420696E697469616C697A65640055BF
:10E3700053422064657669636520737570706F72AF
:10E380007420697320616C726561647920656E61C7
:10E39000626C6564004661696C656420746F206519
:10E3A0006E61626C6520636F6E74726F6C6C657207
:10E3B0000042756666657220707265616C6C6F6391
:10E3C0006174696F6E206661696C65640075736263
:10E3D000645F64657600757362645F64657363008F
:10E3E0004661696C656420746F20656E7175657532
:10E3F000652053746174757320494E20627566669A
:10E400006572004661696C656420746F20656E7189
:10E41000756575652053455455502062756666656F
:10E42000720043616E206F6E6C792068616E646C5F
:10E430006520636F6E74726F6C20726571756573A1
:10E440007473004D616C666F726D656420736574E2
:10E450007570207061636B657400556E65787065CA
:10E460006374656420627566666572206C696E6BA4
:10E47000656420746F207365747570004661696C03
:10E48000656420746F2073657420646576696365C4
:10E49000206164647265737320307825780046616A
:10E4A000696C656420746F2073657420636F6E6699
:10E4B000696775726174696F6E2025752C202564FB
:10E4C00000496E74657266616365206F7220616CCD
:10E4D0007465726E61746520646F6573206E6F740D
:10E4E00020657869737400436F6E66696775726141
:10E4F00074696F6E2064657363726970746F7220E3
:10E500002575206E6F7420666F756E6400485749DC
:10E510004E464F206E6F7420696D706C656D656E30
:10E52000746564206F7220656E61626C656400536F
:10E530006B6970706564202564206D657373616715
:10E54000657300496E6469636174696E6720657202
:10E55000726F7220766961206572726E6F206973C6
:10E5600020646570726563617465640070726F74B5
:10E570006F636F6C206572726F723A0073657475A9
:10E58000703A006E6F7420737570706F727465648A
:10E59000006E6F74207065726D69747465642069B3
:10E5A0006E206465766963652073746174652025E7
:10E5B00075004661696C656420746F20656E7175C5
:10E5C00065756520537461747573204F55542062CE
:10E5D0007566666572004661696C656420746F20BB
:10E5E000656E61626C6520544553545F4D4F4445E0
:10E5F00020257500757362645F6368390046616940
:10E600006C656420746F20676574206366675F6E55
:10E61000642C206465737069746520636F6E66692D
:10E620006775726564207374617465004661696C16
:10E63000656420746F207365742064656661756C11
:10E6400074206164647265737320616674657220FE
:10E65000627573207265736574004661696C6564E8
:10E6600020746F207365742064656661756C742016
:10E6700073746174652061667465722062757320BD
:10E6800072657365740041637475616C20646576AE
:10E690006963652073706565642025750055444382
:10E6A000206572726F72206576656E7400466169CE
:10E6B0006C656420746F20696E6974206465766986
:10E6C00063652064726976657200757362645F6366
:10E6D0006F726500456E64706F696E6720307825D3
:10E6E000303278206E6F742061737369676E656471
:10E6F000004661696C656420746F2061737369679B
:10E700006E20656E64706F696E74206164647265FA
:10E7100073736573004661696C656420746F20696A
:10E720006E697469616C697A6520636C61737320CA
:10E73000696E7374616E636500624E756D496E74C7
:10E74000657266616365732025752077546F746107
:10E750006C4C656E677468202575004661696C6550
:10E760006420746F20696E697420465320636F6E55
:10E7700066696775726174696F6E202575007573BF
:10E7800062645F696E6974004E6F20636F6E6669C4
:10E790006775726174696F6E2073657420284164B7
:10E7A00064726573732073746174653F29004661F8
:10E7B000696C656420746F20726573657420636F83
:10E7C0006E66696775726174696F6E004665617423
:10E7D000757265206E6F7420737570706F727465DA
:10E7E0006420627920636F6E74726F6C6C65720066
:10E7F000436F6E66696775726174696F6E20257507
:10E80000206E6F7420666F756E64005553422064ED
:10E81000657669636520737570706F7274206973B3
:10E8200020696E697469616C697A6564005374610A
:10E83000636B2077617320636F6D70696C65642012
:10E84000776974686F757420486967682D537065BF
:10E85000656420737570706F727400465320636F27
:10E860006E66696720616C7265616479206F6E20E5
:10E870004853206C69737400556E737570706F72B5
:10E8800074656420636F6E66696775726174696F21
:10E890006E20737065656400436F6E66696775729C
:10E8A0006174696F6E2025752072652D696E7365C0
:10E8B00072746564004661696C656420746F2061E0
:10E8C000646420636F6E66696775726174696F6EE8
:10E8D00020737472696E6720646573637269707403
:10E8E0006F7200757362645F636667005553422000
:10E8F00064657669636520636C617373202573209A
:10E900006E6F7420666F756E64004E6F20636F6E5D
:10E9100066696775726174696F6E2073657420280B
:10E920004164647265737320737461746529004374
:10E930006C61737320696E7374616E636520616CC2
:10E940007265616479207265676973746572656464
:10E9500000436C61737320726567697374657265D7
:10E960006420746F206F7468657220636F6E7465C5
:10E97000787420617420646966666572656E7420BF
:10E980007370656564004661696C656420746F200E
:10E99000726567697374657220257320746F2046F1
:10E9A0005320636F6E66696775726174696F6E205C
:10E9B000257500757362645F636C617373004E6FDD
:10E9C00020656E64706F696E74732C20736B697050
:10E9D00020696E74657266616365004661696C6585
:10E9E0006420746F2068616E646C65206F702025F0
:10E9F000642C206570203078253032782C20626DB0
:10EA0000203078253038782C2025640075736264B6
:10EA10005F69666163650064657669636520697333
:10EA20002073757370656E64656400536574206847
:10EA3000616C7420307825303278206661696C65AD
:10EA40006400436C6561722068616C7420307825C5
:10EA5000303278206661696C656400757362645F4A
:10EA6000657000757362645F6D7367005541525441
:10EA7000206465762025702073697A6520256420DE
:10EA80006C656E677468202575004661696C656405
:10EA900020746F2061646420696E746572666163BE
:10EAA0006520737472696E67206465736372697040
:10EAB000746F720052696E672062756666657220B7
:10EAC00066756C6C2C206469736361726420646188
:10EAD000746100436F6E66696775726174696F6E09
:10EAE0002064697361626C656400555342207375DC
:10EAF00070706F72742069732073757370656E64C3
:10EB0000656420284649584D453A207375626D6901
:10EB100074207277757029004661696C6564207491
:10EB20006F20656E71756575650055534220636F82
:10EB30006E66696775726174696F6E206973206EA5
:10EB40006F7420656E61626C65640055534220737A
:10EB50007570706F72742069732073757370656E51
:10EB600064656420284649584D45290072657175D1
:10EB7000657374206570203078253032782C206CD5
:10EB8000656E2025752063616E63656C6C6564003D
:10EB90007265717565737420657020307825303228
:10EBA000782C206C656E202575206661696C656423
:10EBB0000055534220636F6E6669677572617469B0
:10EBC0006F6E206973206E6F7420656E61626C6574
:10EBD00064206F722073757370656E646564005293
:10EBE000582062756666657220746F6F20736D6160
:10EBF0006C6C2C207468726F74746C6500525820B1
:10EC00007472616E7366657220616C72656164799D
:10EC100020696E2070726F67726573730046616958
:10EC20006C656420746F20656E7175657565206E06
:10EC300065745F62756620666F72203078253032A9
:10EC400078004952512063616C6C6261636B20698A
:10EC500073206E6F742073657400554152542064A4
:10EC600065762025702C206C656E2025642C207222
:10EC7000656D61696E696E672073706163652025DB
:10EC8000750074785F656E3A2074726967676572A3
:10EC9000206972715F63625F776F726B0072785F79
:10ECA000656E3A2074726967676572206972715F78
:10ECB00063625F776F726B0072785F656E3A207483
:10ECC0007269676765722072785F6669666F5F77E1
:10ECD0006F726B00436F6E66696775726174696FFE
:10ECE0006E20656E61626C6564006364635F61637E
:10ECF0006D5F7561727430006364635F61636D5F43
:10ED00003000757362645F6364635F61636D00729A
:10ED10006573756D650053707572696F7573202525
:10ED200073206576656E740065702030782530320A
:10ED30007820616C726561647920656E61626C65D2
:10ED40006400456E64706F696E74203078253032CF
:10ED5000782076616C69646174696F6E20666169A0
:10ED60006C65640065702030782530327820616CE5
:10ED700072656164792064697361626C65640065C1
:10ED80007020307825303278206973206E6F7420BF
:10ED900068616C7465647C64697361626C6564004D
:10EDA0004661696C656420746F20616C6C6F63618F
:10EDB0007465206E65745F62756620257A642C2008
:10EDC0006570203078253032780075646300736890
:10EDD0007574646F776E00496E697469616C697AE5
:10EDE000656400556E6B6E6F776E20706F7765721D
:10EDF000206576656E7420256400507265696E69C1
:10EE000074007564635F6E726678004661696C6554
:10EE10006420746F20726567697374657220656E13
:10EE200064706F696E740053555350454E4420739F
:10EE3000746174652064657465637465640052452B
:10EE400053554D494E472066726F6D207375737030
:10EE5000656E640052656D6F74652077616B6575D2
:10EE60007020696E69746961746564006570203032
:10EE70007825303278207175657565206973206555
:10EE80006D70747900657020307825303278206F8D
:10EE90006B2C20717565756520697320656D7074C4
:10EEA00079004661696C656420746F2064697361E0
:10EEB000626C6520636F6E74726F6C20656E647037
:10EEC0006F696E74004661696C656420746F2073AD
:10EED000746F70204846584F202564005265736552
:10EEE000740062756666657220746F6F20736D6161
:10EEF0006C6C3A20723A2025752C206C3A202575CE
:10EF0000004661696C656420746F20656E61626C97
:10EF10006520636F6E74726F6C20656E64706F69CC
:10EF20006E74004661696C656420746F207374614F
:10EF30007274204846584F202564007573626440FF
:10EF40003430303237303030007564635F6E726653
:10EF5000006E72665F757362645F636F6D6D6F6E76
:10EF600000636C6F636B40343030303030303000D1
:10EF70006866636C6B006C66636C6B00636C6F63DC
:10EF80006B5F636F6E74726F6C006770696F403592
:10EF900030303030333030006770696F403530309A
:10EFA00030303030300025733A2072696E675F620E
:10EFB00075662066756C6C0025733A207278206542
:10EFC00072726F723A2025640025733A2072696E5E
:10EFD000675F6275665F7075745F66696E69736896
:10EFE000206572726F723A2025640025733A20748E
:10EFF00078206572726F723A2025640072696E67BC
:10F000005F6275665F6765745F66696E69736820C5
:10F010006572726F723A2025640025733A2066612A
:10F02000696C656420746F2067657420746865205E
:10F030007561727420636F6E6669673A202564009B
:10F0400025733A206661696C656420746F2073656E
:10F050007420746865207561727420636F6E6669D0
:10F06000673A202564007561727420736574746951
:10F070006E67733A2062617564726174653D2564E0
:10F08000207061726974793D2564206465763D2540
:10F090007300756172742D62726964676530007502
:10F0A0006172745F627269646765004661696C656C
:10F0B0006420746F20616C6C6F63617465205050C4
:10F0C00049204368616E6E656C00756172744034EE
:10F0D0003030323830303000756172744034303046
:10F0E000303230303000756172745F6E7266785FF6
:10F0F00075617274650048616C74696E672073791C
:10F100007374656D0A00556E6B6E6F776E20657255
:10F11000726F7200756E6B6E6F776E003E3E3E20B2
:10F120005A455048595220464154414C204552526C
:10F130004F522025643A202573206F6E204350558E
:10F14000202564004661756C7420647572696E6771
:10F1500020696E746572727570742068616E646C7B
:10F16000696E670A0043757272656E742074687206
:10F170006561643A20257020282573290043505585
:10F1800020657863657074696F6E00556E68616E96
:10F19000646C656420696E74657272757074005376
:10F1A0007461636B206F766572666C6F77004B6578
:10F1B000726E656C206F6F7073004B65726E656C5C
:10F1C0002070616E6963006D61696E006F7300731A
:10F1D0007973776F726B71002A666C6F61742A00A5
:10F1E000465320436F6E66696775726174696F6E0E
:10F1F00000455350333220506173737468726F75D9
:10F200006768005A65706879722050726F6A65632A
:10F210007400206D657373616765732064726F702D
:10F22000706564202D2D2D0D0A1B5B306D001B5B5E
:10F23000313B33316D2D2D2D2000000000000130B9
:10F24000313233343536373839414243444546004C
:10F250000001020304050607002030303030303052
:0CF2600030303030303030300001000021
:10F26C0000000000613C00000000000000010000F4
:10F27C000000000000000000000000000000000082
:10F28C000000000000000000000000000000000072
:10F29C008CD2000000C20100000008000000000039
:10F2AC000000000000000000000000000000000052
:10F2BC000000000000000000000000000000000042
:10F2CC000000000000000000080200200000000008
:10F2DC00F40100200000000000000000000000000D
:10F2EC000000000000000000000000000000000012
:10F2FC000000000000000000000000000000000002
:10F30C0000000000000000000000000000000000F1
:10F31C00000000000000000000000000BC00002005
:10F32C00BC000020000000000100000000000000F4
:10F33C0000000000B4030020E400002000000000E6
:10F34C0000000000000000000000000000040100AC
:10F35C0000000000E0F100002203000000000000AB
:10F36C00000000000002010000000000F1F10000AC
:10F37C002403000000000000000000000001010058
:10F38C000000000003F200001E030000000000005B
:10F39C00000000000000000000000000F8D8000091
:10F3AC0004030000999D00001BA60000E4D6000099
:10F3BC0000000000000000006FA900000000000029
:10F3CC000000000000600040000000000000000091
:10F3DC000000000000000000000000000000000021
:10F3EC000000000000000000000000000000000011
:10F3FC000000000000000000000000000000000001
:10F40C0000000000000000000000000000000000F0
:10F41C0000000000000000000000000000000000E0
:10F42C0000000000000000000000000000000000D0
:10F43C0000000000000000000000000000000000C0
:10F44C0000000000000000000000000000000000B0
:10F45C0000000000107400200000000000000000FC
:10F46C0000000000000400001078002000000000E4
:10F47C00000000000000000000040000F8EC000098
:10F48C00000000005C020020000000008CD2000094
:10F49C00CF030020D7030020E0030020E503002069
:10F4AC00EA030020EE030020F3030020FA030020FF
:10F4BC00030400200A0400201104002000000000B6
:10F4CC009FB10000D7B2000035B300000541000029
:10F4DC007FB2000099B3000000000000414500001D
:10F4EC00893E0000B13D000000000000A1B1000009
:10F4FC000000000000000000000000000000000000
:10F50C0000000000000000000000000000000000EF
:10F51C0000000000000000000000000000000000DF
:10F52C0000000000000000000000000000000000CF
:10F53C0000000000000000000000000000000000BF
:10F54C0000000000000000000000000000000000AF
:10F55C00000000000000000000000000000000009F
:10F56C00000000000000000000000000000000008F
:10F57C000000000014030020140300200000000011
:10F58C00000000000E000000000000000000000061
:10F59C00000000000000000000000000000000005F
:10F5AC000000000000100E00000103005C030020AE
:10F5BC00000000000000000000000000000000003F
:10F5CC00000000005252002020000000000000004B
:10F5DC0000C20100000103008803002000000000AD
:10F5EC00000000000000000000000000000000000F
:10F5FC007452002020000000000000000090D00396
:10F60C00FF00000090020000A8030020A8030020C7
:10F61C00FFFFFFFF09020000000100C07D12010086
:10F62C0002EF020140E32F05000404000000000873
:10F63C000B0002020200000904000001020200009B
:10F64C0005240010010524010001042402020524F4
:10F65C000600010705810310000A09040100020AD3
:10F66C00000000070582024000000705010240006F
:03F67C000000008B
:10F67F00000000000000000000000000000000007B
:01F68F00007A
:10F69000000000000000000000000000000000006A
:10F6A000000000000000000000000000000000005A
:10F6B000000000000000000000000000000000004A
:08F6C000000000000000000042
:04F6C800000000003E
:10F6CC006004002060040020506D00200000000049
:0CF6DC000800000010000000000000000A
:10F6E80000000000D06D00200004000000000000B1
:04F6F800000000000E
:10F6FC0090040020900400200C0000000A00000080
:10F70C00D86C0020506D0020D86C0020D86C0020E4
:08F71C000000000000000000E5
:10F72400B8040020B804002001000000010000001B
:10F73400C8040020C80400200000000001000000EC
:0CF74400D8040020D804002000000000C1
:08F75000E4040020E4040020A1
:10F758000000000000000000F4040020F404002071
:10F76800100010000A000000E9B3000058D700009C
:04F77800D07100202C
:10F77C00A7DB0000000000000000000000000000FB
:10F78C000000000000000000E0D2000000000000BB
:10F79C00000000000000000000000000000000005D
:10F7AC00000000000000000000000000000000004D
:10F7BC00000000000000000000000000000000003D
:10F7CC00000000000000000000000000000000002D
:10F7DC00000000000000000000000000000000001D
:0CF7EC00BD030020000000000000000031
:10F7F800000000001C0200200000000000000000C3
:08F808000000000000000000F8
:04F8100015E015E00A
:0400000300001BC915
:00000001FF
