:10000000380901204D4A00002F410300394A000001
:10001000394A0000394A0000394A00000000000057
:10002000000000000000000000000000854A000001
:10003000394A0000000000006D4C0000394A000001
:10004000DD4C00006F410300DD4C0000DD4C000082
:10005000DD4C0000DD4C0000DD4C0000DD4C0000FC
:10006000DD4C0000DD4C0000DD4C0000DD4C0000EC
:10007000DD4C0000DD4C0000DD4C0000DD4C0000DC
:10008000DD4C0000DD4C0000DD4C0000DD4C0000CC
:10009000DD4C0000DD4C0000DD4C0000DD4C0000BC
:1000A000DD4C0000DD4C0000DD4C0000DD4C0000AC
:1000B000DD4C0000DD4C0000DD4C0000DD4C00009C
:1000C000DD4C0000DD4C0000DD4C0000DD4C00008C
:1000D000DD4C0000DD4C0000DD4C0000DD4C00007C
:1000E000DD4C0000DD4C0000DD4C0000DD4C00006C
:1000F000DD4C0000DD4C0000DD4C0000DD4C00005C
:100100007BB972B90029BEBF00204FF0004106E064
:1001100008BF00281CBF6FF000414FF0FF3000F017
:1001200057B8ADF1080C6DE904CE002909DB002BAE
:100130001ADB00F069F8DDF804E0DDE9022304B021
:100140007047404261EB4101002B1BDB00F05CF883
:10015000DDF804E0DDE9022304B0404261EB410137
:10016000524263EB43037047524263EB430300F098
:100170004BF8DDF804E0DDE9022304B0404261EB16
:1001800041017047524263EB430300F03DF8DDF854
:1001900004E0DDE9022304B0524263EB43037047FD
:1001A00053B94AB9002908BF00281CBF4FF0FF31DE
:1001B0004FF0FF3000F00CB8ADF1080C6DE904CE43
:1001C00000F022F8DDF804E0DDE9022304B0704716
:1001D000704700BF10F8012B11F8013B012A28BF1E
:1001E0009A42F7D0D01A7047034611F8012B03F852
:1001F000012B002AF9D17047034613F8012B002A7E
:10020000FBD1181A013870472DE9F0478C468E460D
:10021000089E154604461946002B40F0D0807245D2
:1002200047D9B2FA82F74FB1C7F120030EFA07FCA3
:1002300020FA03F3BD4043EA0C0CBC404FEA154ED4
:10024000A8B2BCFBFEF8230C0EFB18CC08FB00F98F
:1002500043EA0C43994528D9EB1808F1FF3204D240
:10026000994502D9A8F102022B44A3EB0903A4B2D9
:10027000B3FBFEFC0EFB1C330CFB00F044EA034412
:10028000A04214D92C190CF1FF3304D2A04202D998
:10029000ACF102032C44241A43EA02401EB1FC4094
:1002A000002334607360BDE8F0874246DDE76346B3
:1002B000F1E7002A79D0B2FA82F3002B3FD0194639
:1002C000C1F1200302FA01F52EFA03F20EFA01FE43
:1002D00020FA03F343EA0E034FEA154E00FA01F445
:1002E000B2FBFEFCAFB20EFB1C201A0C0CFB07F895
:1002F00042EA004290455AD9AA180CF1FF3004D2C4
:10030000904502D9ACF102002A44A2EB08029BB24C
:10031000B2FBFEFC0EFB1C220CFB07F743EA024378
:100320009F4246D9EB180CF1FF3204D29F4202D90A
:10033000ACF102022B44DB1B42EA004202E0AEEBCE
:10034000020301224FEA154EAFB2B3FBFEFC200CB4
:100350000EFB1C330CFB07F840EA034398452AD9EF
:10036000EB180CF1FF3004D2984502D9ACF1020031
:100370002B44A3EB0803A4B2B3FBFEFC0EFB1C331F
:100380000CFB07F744EA0344A74216D92C190CF1D9
:10039000FF3304D2A74202D9ACF102032C44E41B80
:1003A00043EA00400F46114678E71F2188E7604680
:1003B000ABE76246BFE76046DBE76346EFE77345BE
:1003C00006D916B9002108466DE7C6E9000EF9E71F
:1003D000B3FA83F787B9734501D3824207D8841AE9
:1003E0006EEB030301209C461EB900215BE73846F3
:1003F000FAE7C6E9004CF8E7C7F1200CBB4022FA47
:100400000CF51D4320FA0CF12EFA0CF30EFA07FE40
:1004100041EA0E014FEA154900FA07F4B3FBF9F877
:100420001FFA85FE09FB18300B0C08FB0EFA43EA95
:1004300000439A4502FA07F240D9EB1808F1FF3061
:1004400004D29A4502D9A8F102002B44A3EB0A0377
:1004500089B2B3FBF9F809FB183308FB0EFE41EA39
:1004600003418E452CD9691808F1FF3304D28E451B
:1004700002D9A8F10203294443EA0040A0FB0298F4
:10048000A1EB0E014145CE46434602D306D14C4571
:1004900004D2B9EB020E68EB05030138002EA4D09C
:1004A000B4EB0E0261EB030101FA0CFC22FA07F334
:1004B0004CEA0303F940C6E9003196E74046C5E738
:1004C0004346D9E7000000002DE9F843D0E907389A
:1004D000856903EB08042F34A5420F46164619D848
:1004E000DFF86C80A3FB080117A3D3E90023FFF713
:1004F00057FE0346601BA0FB080123F07F4412A3B4
:10050000D3E90023FFF74CFE20F07F403C603060D1
:10051000BDE8F883DFF838900BA3D3E90023A5FBEF
:100520000901FFF73DFE20F07F440A480A2106A397
:10053000D3E90023E8FB0901FFF732FE20F07F40FA
:100540003C603060BDE8F8838D49FD1A070000006B
:1005500000CA9A3B00166BF1002800F03E812DE99D
:10056000F04FC54C94F85E30DA078DB000F1318160
:10057000627F94F8293004EB820204EB8303166A4D
:10058000D3F82C800EB3354615F8020BC0F380105B
:100590000DF0DCFC0368C6F802308388AB8033784A
:1005A0005B0606D5062128460CF050F9002800F01D
:1005B0004681454615F8020BC0F380100DF0C6FCCD
:1005C0000368C8F802308388AB80337813F00E0FCD
:1005D00040F08B8063691BB10C200DB0BDE8F08F3B
:1005E0000EF034F98146002800F032810EF03AF91D
:1005F0008246002800F0298110F024FB05460028DF
:1006000000F02C81C06E4FF6FF73AB8405F1100B28
:10061000002800F01F8105F1600205F15C010CF07B
:1006200021F9B5F8583023F4EF6323F0070343F4BE
:100630008C7343F00103A5F8583095F8373003F078
:100640003F0363F07F0385F8373095F8723023F06D
:10065000070385F8723095F83C3023F00F0300272C
:1006600085F83C304FF4C023C5F86E312846C5E903
:100670001277EF66A5F8707085F839706F85C5F848
:100680002E702F65A5F84071A5F87471A5F86A71F0
:1006900011F058FF85F84471C5F8489110F046FDF7
:1006A00095F87C3160F3020385F87C3110F044FD4D
:1006B00095F87C3160F3C50385F87C3195F84231BB
:1006C00067F3410385F8423105F1C40011F074FD70
:1006D000C4E9159AC4F814B0C5E902772F702D61EA
:1006E00015F00EF9002840F0AC80237E0121C3F301
:1006F00042030DF12B008DF82B300CF055FA024619
:1007000000286CD0414630460FF0C6FE5B4A5C4B79
:10071000B4F85C800721E0FB023100251846C4E9EB
:10072000025553A3D3E900232570FFF739FD60601C
:100730000DF0D0FB00F10907B8F1000F07D13578B3
:1007400005F00F05A5F10105B5FA85F56D09207EC7
:10075000636865F3000010F00105207646D0494A31
:100760000992002010600225474ADFF82081049397
:100770000BAE019305920321CDE90200069400908F
:100780003B46CDF81C8008962A460B950DF0C6FA1C
:1007900031460EF0F1F810BB3D4905914AF2D833CD
:1007A0000093CDE90300CDE90100CDF81C80089647
:1007B00006943B46012203210B950DF093FA314636
:1007C0000EF0DAF858B994F85E3043F0010384F87B
:1007D0005E3000200DB0BDE8F08F0FF0F7BD63690B
:1007E000002B3FF4F9AE0FF0C7FDF5E6254A294886
:1007F000049303F247130694029591211360A8FB1A
:10080000000301FB0831214B07931F4B05934FF663
:10081000FF7309924FF0020803930BAE14A3D3E9C0
:100820000023CDF82C800896FFF7BAFC3B46CDE9B3
:1008300000504246284603210DF070FABFE712200F
:10084000CBE60FF099FD0320C7E648460EF004F80A
:100850000720C2E605F16400E866DCE650460EF0CB
:1008600007F848460DF0F8FFF2E700BFAFF300804D
:100870008D49FD1A070000001889002000CA9A3B24
:100880008C49FD1A0C89002011050100D1DF000000
:1008900035020100002AE78470B5037E8AB0C3F3F5
:1008A00042030D46044601210DF1230016468DF842
:1008B00023300CF079F93146024628460FF0ECFD62
:1008C0001D4A1E4B0721E0FB0231184618A3D3E94D
:1008D0000023FFF765FC63689842054621D21B1A86
:1008E00000220192164A0293164BA21AA3FB02326F
:1008F0000221920900230A4409AE09911249059187
:10090000CDE9033303210696D2B2009318460DF0C9
:100910005BFA31460EF030F838B9656000200AB055
:1009200070BDFBD9C21A0023DBE70C200AB070BDF2
:100930008D49FD1A0700000000CA9A3B8C49FD1A38
:1009400018890020ABAAAAAAD1DF0000000000008D
:100950002DE9F04F05468BB08B46012002219946C8
:10096000144616F05FFC00220221824601200BF0A3
:10097000CDFF2F494FF4C07228460BF053FFC61C21
:100980002C4B0093F6B201954B46324601210020D4
:100990000DF068FA10F0FD0F42D1274BA4FB03487D
:1009A000204621A3D3E900234146FFF7F9FB089530
:1009B00006956B680493214B20F07F47A7FB03311A
:1009C000E01A1F4B07934FF007021E4B059302FBE3
:1009D00007114FF6FE7368EB010103934FF47A722F
:1009E0000023FFF7DDFBCDF800B0CDE901704B46E9
:1009F0003246012100200DF075F910F0FD0F0DD1E8
:100A0000BAF1000F02D10BB0BDE8F08F0122022134
:100A100010460BB0BDE8F04F0BF078BF00DEEFE7FB
:100A200000DEBAE7AFF300808D49FD1A0700000031
:100A3000202000201D0B010000CA9A3B8D49FD1AA1
:100A4000050B0100494B01002DE9F0418468A28C9F
:100A50004FF6FF739A428CB000F0DA8005462046CC
:100A600011F0C2FF2B7D012B00F00081022B00F062
:100A7000D28033B994F8723003F01803182B00F0C9
:100A8000378194F84471002F40F0C8802B8AE68D9E
:100A900094F93720CDE90A77002B00F0C680002AB0
:100AA000C0F23C810023A4F87031AB7CA28D03F02E
:100AB0000303551C012BADB200F0D480B4F874319F
:100AC000002B00F0D980AB4240F252815B1B9BB2FD
:100AD000062BA4F874314FF000028CBF00230123D1
:100AE000E2851F4694F83C2063F3820284F83C20A0
:100AF00029460DF12702204611F060FD743000F008
:100B00003181B4F86E312BB1AB4240F2DA805B1B1D
:100B1000A4F86E31B4F86A312BB1AB4240F2E180F7
:100B20005B1BA4F86A31E58D17B9AE4200F0C780AF
:100B30000135ADB294F8B53013F001060AD1DDE904
:100B40000AC3002B4FD1BCF1000F00F003811E46F9
:100B5000194649E094F9372023F00103002A84F86C
:100B6000B530C0F2A38094F85800C0F3C00100F083
:100B7000070014F047FD014694F8583094F8596086
:100B800003F003022832C3F34003D200DA40E38BC0
:100B900003F23F10B2F5A07F2CBF801800F5A070C3
:100BA00006F003022832D200C6F34006F240B2F546
:100BB000A07F2CBF831800F5A07358188E4A8F4B66
:100BC0000721E0FB0231184689A3D3E90023FFF790
:100BD000E7FA616820F07F408142DDE90AC380F0D6
:100BE000B380461A60600021A28C24690694CDE986
:100BF00003570332824D0291CDE900C6D2B20121E2
:100C0000002005950DF0E0F810F0FD0F40F0B580E4
:100C10000CB0BDE8F0813D2784F844713946204688
:100C20000CB0BDE8F04110F041BB002AB8BF84F819
:100C3000B970AB7CA28D03F00303551C012BADB240
:100C400010D0B4F87031002B3FF438AFAB4240F213
:100C50009B805B1BA4F87031B4F87431002B7FF4D7
:100C600032AF3FE70023A4F874313BE70023A4F838
:100C70006E31A4F86A3104E7E38C052B8BBF40F298
:100C8000E2424FF4FA725A4303FB0222B4F8723183
:100C900042F2107101FB0323013BB3FBF2F39BB261
:100CA000A4F87431002B7FF40EAF1BE794F85900C1
:100CB000012100F0070014F0A7FC01465CE73D4667
:100CC00038E70DF015FE0146002864D00023A4F893
:100CD0006E31A38CC3801B23037100680DF0DAFD15
:100CE00018E70023A4F86A31204611F0F9FC1AE74E
:100CF000218DB4F86C218B1D9A42C4BF931F5B1ADF
:100D0000B4F86811CCBF9BB21346994256D0A4F8F0
:100D10006831A4F86A31A4F86E21B2E694F8B930CB
:100D2000002B3CD0013B84F8B93004F1C4084046A4
:100D300011F084FA002855D0404611F07FFA0028BF
:100D400042D00023E385ADE6091A6060A3BB51EAF7
:100D50000C021ED115B9002F3FF45AAF00263146C0
:100D6000334641E79DF82710204610F09FFA4FE7E1
:100D70000821204610F09AFA4AE70DF027FE844237
:100D80003FF446AF00DE43E73E21204610F08EFAE6
:100D90003EE71E4628E70123A4F86E31BAE60AAA08
:100DA0000BA92846FFF790FBDDE90A231343BCD0CB
:100DB000237884F8B930B8E7002615E7B4F86E1147
:100DC00000297FF45EAEA4E70246D4E917010BF0D8
:100DD00061FD0028B5D194F83C301B0744BF238D3A
:100DE000E3855FE6FF2010F023FAA5E7AFF300806C
:100DF0008D49FD1A0700000000CA9A3B8C49FD1A74
:100E00005D0B0100000000002DE9F04F87B0B0F845
:100E10004071BDF84C900091CDE90423B0F8043145
:100E2000BDF840A01F44BFB20446A7EB090390F8E9
:100E30005800D4F8FC809EB2BDF844300193C0F352
:100E4000C001BDF84830039600F00700029314F08B
:100E5000D9FBE58C052D40F2BE8015FB06F5ADB241
:100E600040F2E24BBAF1050F40F2A98094F8592004
:100E700094F8581002F003032833C2F34002DB0059
:100E8000D34001F003022832B3F5A47FC1F340013F
:100E90004FEAC20222FA01F238BF4FF4A473B2F54E
:100EA000A47F2CBF9B1803F5A47303F2D513184439
:100EB000774A784B0721E0FB023118464FF0961332
:100EC000E3619623238470A3D3E90023FFF768F935
:100ED000564620F07F4040F2E2430BFB05F103FB56
:100EE00006F64B1E3344B3FBF6F31FFA83FB06FBF7
:100EF0000BF3994260605D4653D26548591AA1FBD5
:100F0000000161A3D3E90023FFF74AF920F07F40F5
:100F10008044B4F80421B4F84031A9EB07094D44EA
:100F2000ADB213442B44A4F84031638D13441D44E7
:100F300094F837306585DB0955D100DE002735464A
:100F4000019B2385029BA4F8723131462046A4F808
:100F500026A011F05FFB504B218D3344881DB3FB5D
:100F6000F6F39AB29042A4F86C2104D2C1F57F4105
:100F7000FA310A4492B2009BA4F8682113B100230D
:100F8000A4F8743143462A4639462046FFF7E0FC70
:100F900094F8423143F0010384F8423107B0BDE8D0
:100FA000F08F3B48C91AA1FB000137A3D3E9002306
:100FB000FFF7F6F820F07F40A8EB0008A9E74FF014
:100FC00096130AF10106E36196232384B6B20A2040
:100FD0004FF4FA7381E7039B013515FB03F5ADB2BE
:100FE0004FF4FA7B3EE7216CA36C294F01FB0233DF
:100FF000039A01FB1233A3640023C4F8C03014F039
:10100000D1FC054694F8B800C0F3420014F0CCFCC3
:10101000054406FB05F5214B1E4805F5742505F230
:101020003F25A3FB0535AD0CA36C25640BFB05FB2D
:1010300072085B44963A934228BF1346C4E91123D1
:10104000049B40F2E24909FB03F307212365EBFB14
:1010500007010DA3D3E90023FFF7A2F8104B059A6F
:10106000A8EB0008A3FB0230800A09FB00F0A0FBFC
:10107000070105A3D3E90023FFF792F8751B20F0C1
:101080007F475DE7AFF300808D49FD1A0700000040
:1010900000CA9A3B8C49FD1A7FC3C90183DE1B43FA
:1010A0005917B7D1000000002DE9F04F0D4609682F
:1010B000B0F82EE0D1F800900146144651F82EAB5E
:1010C00052F8086B91F802C0834691B0D0F81E0028
:1010D000BBF822109BF81C70A4F808E082F802C04C
:1010E000DBF82A206260DBF83A20C4F82220ADF851
:1010F0003C109BF83E100E9084F8261010AB13E9BC
:10110000030004F122020C90ADF8341010460521C2
:101110000BF04AFD94F8272000F03F0060F3050231
:1011200084F827209BF83F20C2F3040184F828109C
:10113000BBF83410E1820128C7F380170DD902F003
:101140001F021B3202F01F020B2A06D889B2063991
:1011500089B240F67A42914219D90021C9F80810A3
:1011600094F82C2061F3000284F82C200125DBF890
:101170000C408BF80450504659460DF07FFB206818
:101180002571214611B0BDE8F04F0DF083BB2A68F0
:1011900000215160BBF836202283B4F81680BBF8DA
:1011A00032300A9340F2E242304602FB08F811F076
:1011B00045FA9BF83F1096F8B800490961F34300DF
:1011C00086F8B80014F0EEFB0B9096F8B800C0F368
:1011D000420014F0E9FB0B99084408FB00F0A64913
:1011E00000F5742000F23F20A1FB00104FEA5801E7
:1011F000800C9639206361639BF8311040F2E24223
:1012000001FB02F26264BBF83820A6F87221414665
:10121000304611F0FFF9994A9949C6F878114244CD
:10122000B2FBF8F290B2A6F86C01218B01F1060C2A
:10123000604504DDC1F57F41FA31014488B2594669
:10124000A6F8680111F81C2FC907C2F3401200F17B
:101250000381BDF83410ABF823100C988BF81E7086
:101260004FF48071CBF81F00ABF81C10E18AABF88B
:101270002610218BABF82810B6F87211ABF82A10A3
:1012800096F8B8100B92C1F342018BF82C1030463F
:101290000FF0E4FC5946A082ABF8060050466F6898
:1012A0000DF0ECFA0B9AA18AD7F800A0F9801C2364
:1012B0003B71002A40F0BC803A77394650460DF029
:1012C000E9FA94F849A094F848200AF0070A02F0D5
:1012D0000702012150460B9214F096F90B9A02F086
:1012E00003032833C2F34002DB00D3400AF00302B9
:1012F0002832B3F5A47FCAF3400A4FEAC20238BFCE
:101300004FF4A47322FA0AF2B2F5A47F2CBF9B1803
:1013100003F5A47303F2D513DFF868A1074603446D
:1013200059480721E3FB0A014FF09613C4E9033340
:101330004FA3D3E90023FEF733FF20F07F40706016
:10134000EB680A98226B40F2E24101FB003404F2A0
:10135000B3440221A41A0120A8EB020800220BF0DA
:10136000D5FA48460FF064FAE41B41A3D3E9002301
:101370000746A4FB0A01FEF713FFCDF80490AB6803
:101380004249009120F07F4ABA1C363BD2B2534406
:10139000012100200CF066FD01285FD099F818307B
:1013A000DB0751D430460FF059FC364CA8FB0448FB
:1013B0002FA3D3E90023834641462046FEF7F0FEE3
:1013C000AB68334A0792A3F13609324B069620F0F8
:1013D0007F47A7FB0331E01A2F4B05934FF4F873B7
:1013E0000893736804934FF0070303FB071168EB3E
:1013F000010100244FF47A7200230394FEF7D0FE1B
:101400000BF10305EDB2CDE90170CDF800A04B461C
:101410002A46012120460CF065FC10F0FD0F23D177
:1014200001220221104611B0BDE8F04F0BF06EBA58
:1014300094F8273043F0400384F82730201D13F040
:1014400071FC0122208537E7002301220093184612
:1014500011460CF0D1FCA5E700DEFAE60DF0B6FA75
:1014600081459BD000DE99E700DED9E7AFF300802D
:101470008D49FD1A0700000083DE1B437FC3C901AD
:10148000404B4C0000CA9A3B8C49FD1AD14B0100DD
:10149000214B01008D49FD1A494B0100000000005D
:1014A0002DE9F04F8DB0484E484D82460CF012FDAC
:1014B000F16807460CF010FD7168F76040A3D3E9AE
:1014C00000230446A1FB0501FEF76AFE20F07F43DE
:1014D0009C4257D30DF12F010DF12E000DF038FA7B
:1014E000DFF8E8803568A5FB085935A3D3E9002368
:1014F00028464946FEF754FECDF818A00446706809
:10150000334B0593A0FB08012DA3D3E900234FF033
:101510000008CDE90788FEF743FE2E4BCDF80C807E
:1015200024F07F44A4FB033120F07F40072202FB1C
:1015300004110490E81A69EB01014FF47A72002358
:10154000FEF72EFE9DF82FB09DF82EA0CDF800805E
:10155000CDE901403B465A46504603210CF0C2FB00
:1015600010F0FD0404D06FF08B000DB0BDE8F08FDB
:1015700019481A4A002325F04FFB90B930690DB085
:10158000BDE8F08F30680EA3D3E90023A0FB05016E
:10159000FEF706FE20F07F4138460CF09DFC074622
:1015A00098E79DF82F209DF82E00009423460321F4
:1015B0000CF022FC6FF07300D7E700BFAFF30080A0
:1015C0008D49FD1A07000000B021002000CA9A3B97
:1015D000114F01008D49FD1A648C0020447B0B00E3
:1015E00038B50F4D04460CF075FCA9680CF074FC7E
:1015F000696803460B48B3FBF4F4A1FB00011C44EB
:1016000005A3D3E90023FEF7CBFD20F07F40844201
:1016100094BF0020012038BD8D49FD1A070000004D
:10162000B021002000CA9A3BF0B5C468636883B05B
:101630000546002B40D115F0F1F9002015F012FA03
:101640000021084615F000FA00222521082015F097
:1016500067FA374B019301A815F04EFA354940F26D
:101660005B6015F0FFFA237AC3F3420262F30613BC
:101670002372204614F01CFB27682E68384613F0AE
:101680007BFF06446A6806F10901012015F012FC8F
:1016900015F0D0FC20460FF0D7F8811C3246C9B2B5
:1016A000384613F06BFF054698B9204613F040FF0B
:1016B00068B9002003B0F0BD93F82C309B07BAD076
:1016C0001D48214615F07EF915F076FAF1E700DEA7
:1016D000EFE71A4A1A491B4840F2114331F0EFFA7A
:1016E000194B0721A5FB030301FB05310EA3D3E929
:1016F0000023FEF755FD15490246154831F0DFFA83
:10170000002585F31188BFF36F8F0323184602DF8E
:101710001048214615F056F915F04EFA6FF08B007F
:10172000C8E700BFAFF3008000CA9A3B000000008A
:10173000D6BE898E55555500B95601002CAB040014
:1017400078AB0400D0AA04008D49FD1AC4AC040093
:101750007CAB0400B55901002DE9F043C468A28AAE
:101760004FF6FF739A4283B000F0FD80064614F0F6
:10177000C5FC3389628B208C94F82710A3831A440C
:1017800092B2104480B2431C23840023638301F08F
:101790003F034906E28300F1A48094F828100093E7
:1017A00004F1290004F1220313F07EFA0546D4E97E
:1017B0000C31A26BA08BA36303FB0022E36B8A4274
:1017C00094BF9B185B188B4228BF0B46626CE36387
:1017D000236C94F849101A4494F82C3061F30613E2
:1017E0000021C4E9101294F8622084F82C3012F021
:1017F000040200F0898015F011F9002015F032F98B
:10180000201D15F079F92389A17A40F25B6043EA43
:10181000014115F027FA284613F0C0FE214658482A
:1018200015F0D0F8A08915F039FB94F8482094F809
:101830004900C2F3C003002102F0070200F00700D4
:1018400015F076FA204614F0F3FCD4F800803768DF
:10185000404613F091FE0744726807F10901002029
:1018600015F028FB814615F0B9FB002015F0D0FBE0
:10187000E36B94F8490003F12F02636C012100F03F
:10188000070003EB420515F089F94D44054494F82F
:10189000490000F00700022834D004280CBF4FF4A0
:1018A000BC73282301211D4415F07AF9284415F052
:1018B00087FBA18A03313A46C9B2404613F05EFE67
:1018C0000546A8B1B37A13F002062BD000252D48A7
:1018D000214615F077F815F06FF9284603B0BDE8FA
:1018E000F083218D04F1220213F020FA05465EE711
:1018F000204613F01DFE00283CD10025284603B0E9
:10190000BDE8F0831823CDE7D4E913010AF0C2FF44
:1019100000287FF470AF94F8623043F0040384F839
:10192000623068E7184A194919484FF4AC7331F02E
:10193000C6F918480721A5FB000301FB05310EA3DA
:10194000D3E90023FEF72CFC13490246134831F07B
:10195000B6F986F31188BFF36F8F0323184602DFB1
:101960006FF08B05B3E70E48214615F02BF815F004
:1019700023F9C2E700DEC0E700CA9A3B000000007E
:101980004964010099560100A8AB040078AB04003B
:10199000D0AA04008D49FD1AD0AC04007CAB040031
:1019A000B95601000346024A0248012130F0BCBD8D
:1019B00092BC0400E0A2040008B521B1BDE80840D3
:1019C0000846FFF7EFBF33F0D0FE064B1860064B1A
:1019D00001221A70054A0648BDE80840032130F08C
:1019E000A5BD00BF847A00208BA90020B1BC0400F3
:1019F000E0A204002DE9F04100AF23F0B9FD8046DC
:101A00003FF09EFE6D4604463FF09FFE88B06A465A
:101A10001F4B4FF40076CDE905301E4BADF81C602E
:101A20001D4842F8103F4FF4E65130F081FD012C83
:101A3000AD4626D0A31EDBB2022B27D840463FF08E
:101A400086FEDFF85880C8F8000020463FF07DFE93
:101A50008AB0D8F800306A4611490793114BADF8A7
:101A60002060CDE9051042F8103F0B484FF41351A8
:101A700030F05EFD0123AD460B4A1370BD46BDE854
:101A8000F0810A4A0448022130F050FD0023F3E7B8
:101A9000C3BC040003000001E0A20400687A002037
:101AA000DBBC0400040000018AA900201CBD040066
:101AB000B0B588B002AF14220021381D48F009F8F3
:101AC00003223023C7E90223012560233B61134928
:101AD000134B00950222381D07F062FA044648B104
:101AE000104A03462946104830F01EFD204618379C
:101AF000BD46B0BD6D4688B002AA0C4B53610C4B7D
:101B000093614FF4007393830A4B42F8103F0648E9
:101B10004FF4E65130F00CFDAD46E7E768A3040052
:101B200060A3040052BD0400E0A2040077BD0400DD
:101B300093BD04000300000110B50B460A4C0B488E
:101B40000B4A032130F0F0FC206818B107F0FCFDCF
:101B500000232360074A00231370074A1370BDE86F
:101B60001040FFF7A5BF00BF847A0020E0A2040068
:101B70009FBD04008BA900208CA9002080B50129FD
:101B80000E4B0CBF012200221A700D4A0D4B00AF04
:101B900088B008BF13466A460B490C48CDE90513C7
:101BA0004FF40073ADF81C30094B42F8103F4FF46E
:101BB000E65130F0BDFCBD4680BD00BF8CA90020C1
:101BC000C4BD0400D2BD0400E4BD0400E0A20400D2
:101BD0000300000113B50A4B187870B109488368F7
:101BE00004695B6801A9984720B9236801985840A7
:101BF000C0F3C020431E5842584102B010BD00BF80
:101C000096A90020A49D04002DE9F041054688B066
:101C10000E46174698464FF0FF324FF0FF330E48FE
:101C200024F0C8FE0D4B186859681B7A05AC03C434
:101C30002370094824F030FF0923029305AB019378
:101C4000BDF8383000933A4643463146284634F0D2
:101C500059FC08B0BDE8F081D01000208DA900200B
:101C600070B5174A07CA86B003AB83E807001E4663
:101C7000002556F8044B20683CF05BFE50B9114A31
:101C800011482B46012130F04FFC6FF01204204622
:101C900006B070BDE2882068217942F4B01230F0BD
:101CA00028FC044638B1094A00902B460648012119
:101CB00032F014F8EBE70135032DDAD1E7E700BF86
:101CC00000A3040007BE0400E0A2040024BE040038
:101CD0002DE9F041FFF7C4FF044650BB164E174FE5
:101CE0003378EBB9164B174D93F800801648002156
:101CF00030F026FC3078134B0021884208BF3B4669
:101D0000184630F01DFCB8F1000F0ED00121284616
:101D100030F016FC43F23430002130F024FCDFE7D1
:101D20000A4B3D4693F80080E0E784F00104214629
:101D3000EDE7BDE8F08100BF97A9002050A30400A3
:101D40008BA9002048A3040058A304008AA90020FE
:101D50002DE9F04F91B002AF4FF0FF324FF0FF335B
:101D6000B34824F059FFDFF8CC8240463CF0E1FD57
:101D700060B9B14AB148012130F0D8FB6FF01203CD
:101D8000AF4AAE48012130F0CFFB08E0D8F8083068
:101D9000AC491B684046984703460028F0D1DFF85D
:101DA000A8B2AA4A9BF80010A94B6C468AB0002939
:101DB00008BF134602AAA74951610521C2E90613CB
:101DC00040F201331384A44B42F8103F9B48DFF8E4
:101DD0008CA24FF4135130F0ABFB0026A5464FF414
:101DE0002030002130F0BFFB9C483CF0A2FD0028D1
:101DF00074D19B4A9148012130F098FB00240021C6
:101E0000142207F12000F98147F063FE01237B6271
:101E100007F10E03BB6202250C23FD6287F8303008
:101E2000D8F8083083485B6807F12001984707F12C
:101E300010090346002877D08A4A8048294630F0A6
:101E400073FB002501364FF0FF324FF0FF33864819
:101E500024F0B0FD854B864A1C805D805E6018686A
:101E6000596892F800C083F808C04A4603C282F855
:101E700000C07D4824F010FE002C4FF0640394FB5A
:101E8000F3F2B4BF644203FB124411B2AEBF23B2FB
:101E9000B4FBF3F203FB12436C468AB002AA754806
:101EA00055620625C2E90713C2E905064FF44351FE
:101EB00042F8105F614830F03BFB9BF80030A546CC
:101EC000002B40F094806C4A1278002A5CD16B4A57
:101ED0005A483346032130F027FB80E7DAF8084000
:101EE0004E21E36850469847034628B1644A534858
:101EF000012130F019FB81E70C21236907F1200251
:101F000050469847034608B15E4AF0E73B6A7C6A50
:101F100003EB830303EB830342F2107294FBF2F4AE
:101F200004EB830424B26AE7B7F90E204FF416736A
:101F300082FB03234946C7E904231BF05DFA0346ED
:101F400000BBD7E90421120B42EA01520913C7E989
:101F500004214FF0FF3012F1004241F100019042A4
:101F600073EB010102D2484830F0A9FE3D69002D13
:101F70007FF767AF4FF6FE739D42D4BFADB24FF609
:101F8000FF755FE7414A58E71946182207F120001C
:101F90007B6047F09EFD3E4A7B68C7E9092907F14F
:101FA000200109221846BA850AF05CFA38B1394A8C
:101FB000009033462148022131F090FE0FE78AB0AD
:101FC00097F818C07869B7F910107B8A02AADFF871
:101FD000C8E05362C2E90701C2E905EC42F8105FAC
:101FE0004FF44351154830F0A3FAA546F7E62B4BC2
:101FF00018680028FFF6F3AE294A1368013313600E
:1020000018230193274B009309220023494615F01A
:102010003DFA254B002818607B694DDA02F070FE0E
:10202000224A234912580A600092224AC2E700BF9E
:10203000901100204C9E04005FBE0400E0A204004A
:1020400076BE0400F0BB040097A90020C2C20400C1
:102050004FBE0400B1BE040004000001D89E04007D
:10206000DFBE040053BF0400D01000208DA9002063
:1020700098A90020C7BF04008CA90020EDBF040070
:1020800000BF04002ABF040071BF040095BF040014
:10209000A0A304001BC0040041C004001C030020D6
:1020A000647A00206C7A00205C7A00200C0000002A
:1020B000587A002078C004000F493D7E0A68B7F9BD
:1020C000100001328EB00A60798A02AAC2E9073094
:1020D0000A4B936241F29203D362DFF824C051624B
:1020E00040F204631386074BC2E905C544F2C041C0
:1020F00042F8103F76E700BF607A0020EDC0040090
:10210000ACC00400080000012DE9F04786B002AF22
:10211000FFF7A6FDB0483CF00CFCD8B9AF4AB04878
:10212000012130F003FA0024C7E901440821381DD9
:102130003AF0E2FE002819DB391D2246234682428E
:102140007AD1A8490B70A64800920321A64A31F023
:10215000C5FD13E0A54AA0480B2130F0CAF908B12B
:10216000A34ADCE7A34B01221A70DCE7A24A03462C
:1021700002219B4830F0D8F99A4B1C709F4DA04823
:10218000A8623CF0D6FB00285BD19E4A944801210E
:1021900030F0CCF96FF012049B4A9148234601219C
:1021A00030F0C2F90024994B1C7000237B609848E2
:1021B0003CF0BFFB002840F08C81964B964D6E465C
:1021C00088B0002C08BF1D4602AA944B8448C2E97F
:1021D00005354FF400739383914B42F8103F4FF451
:1021E000E65130F0A5F9B546002C40F0818120463B
:1021F00006F038FA0446002800F06E81894A03464A
:102200007748012130F090F96E468AB002AA864BD9
:10221000D461C2E905354FF400731384834B42F84F
:10222000103F6F484FF4115130F082F9B54600204D
:102230001037BD46BDE8F08711F8014B013263400D
:102240007DE74FF47821A86A29603A1D3AF0E9FB4E
:10225000044630B1764A03460121614830F064F902
:102260009AE7BB68EB60284602232B8200F00AFE47
:102270000446002890D101233A1D1946284631F022
:102280006FFC012802D13C79012C0CD9694A5448D1
:10229000032130F04BF90123002458483C713A1DCA
:1022A000194600F099FFFFF795FC00283FF47BAF3B
:1022B00084F00108002C54D1564B574D6E468AB01D
:1022C00002AA5D49D561C2E905135C4B13625C4B00
:1022D00042F8103F42484FF4235130F029F9B546F7
:1022E000002C41D0574EDFF86091584825F022F875
:1022F0005748002130F024F95248002130F020F9ED
:102300005148002130F01CF94FF0040A01213046F9
:1023100030F016F9002141F69A1030F024F9FFF759
:1023200059FC014620BB304630F00AF9474825F0F9
:1023300021F8384A384B6D4688B0002C08BF134648
:1023400002AA4449C2E905134FF400739383344B46
:1023500042F8103F4FF4E651214830F0E9F8AD461D
:1023600021E72D4B2B4DA9E7374EDFF8D890BCE77E
:102370000021304630F0E4F841F69A10002130F0A8
:10238000F2F8FFF727FC0028D0D0BAF1010ABDD13E
:10239000FFF720FC002861D10123184887F804804A
:1023A0003A1D194600F018FF00286ADA194A1A4B3C
:1023B0006D468AB0002C08BF134602AA2649D36195
:1023C00040F201331384194BC2E9051042F8103F63
:1023D0004FF41151C0E700BFA49D0400F8C00400F1
:1023E000E0A2040098A90020A4C10400110001008B
:1023F0002BC1040096A9002067C10400887A002040
:10240000689E0400DDC1040044C2040097A90020B6
:10241000C09D0400C2C204004FBE04007DC304007E
:10242000030000018BC304001FC504000400000169
:1024300006C2040095C20400CFC2040000020103DA
:102440000400000250A3040048A3040098150020D3
:1024500058A3040055C30400FDC2040048460121EE
:1024600030F06EF841F69A10002130F07CF84846C2
:10247000002130F065F841F69A10002130F073F831
:1024800086E76C4688B002AA634B6448C2E905350A
:102490004FF400739383624B42F8103F4FF4E651C0
:1024A00030F046F80120A54600F084FBB3689B6C31
:1024B0001BB13A1D04213046984740F6CD4000211B
:1024C00030F051F87B68002B7FF477AE013DEDD101
:1024D00073E6544E1F25F5E7534A5048032130F068
:1024E00025F8FFF7E5FA0446002C00F091808BE612
:1024F00008238AB07B600DEB03024C4B53614FF60F
:10250000ED610F23C2E90613494B136240F2024307
:102510009384484B42F8103F4FF433513F4830F01A
:1025200007F84548B54623F04FF823F0B9F80446BC
:1025300010B1424A034663E6414A384803212FF06E
:10254000F5FF02211122084614F06EFF3D4E0028CF
:1025500030600CDA02F0D4FB3B4E044683593B4A10
:102560002E4801212FF0E0FFA4596442BCE7042368
:1025700000931222FB18292114F0BEFF40B102F093
:10258000BFFB314B1B58324A244802212FF0CCFFAD
:10259000142200212F4847F09CFA2E4A2E4B42F875
:1025A000043C2E4C0220214634F010F901281AD0A8
:1025B000E84688B002AA2A4B1848C2E905344FF40D
:1025C00000739383164B42F8103F4FF4E2512FF003
:1025D000AFFFC546306834F0F7F84FF0FF33336093
:1025E0006FF0150410E66D468AB002AA1D4B0B4829
:1025F000C2E9053441F29203D3614FF400731384AE
:10260000194B42F8103F4FF413512FF091FFAD4694
:10261000164824F0C5FA0AE630C30400E0A204001C
:1026200003000001C09D0400AAC30400C0C304004D
:10263000FFC30400050000011003002009C40400CA
:1026400045C404001C0300200C00000070C40400FA
:1026500097C40400707A002002001092EDC00400BC
:10266000D5C40400FCC40400040000019011002043
:102670002DE9F84F8A4600AF002974D004680E1F78
:10268000361BF50826F0070604EB0608B8F802B07A
:102690001BF0010B16D1E94688B06A46334BCDE9F1
:1026A0000531032342F8103F31485B464FF4C251D5
:1026B00001F076F9CD468BF31188BFF36F8F0423B9
:1026C000184602DF294620462FF04FFF284434F8F1
:1026D0003030C01A854217D0E94688B06A46254B8B
:1026E000CDE9053A032342F8103F214800234FF477
:1026F000C25101F055F90023CD4683F31188BFF391
:102700006F8F0423184602DFB8F8023023F001036C
:10271000A8F80230294620462FF027FF05EB0008D5
:1027200004EBC8035B88DA0708D4414620462FF043
:1027300065FF4246294620462FF0A5FFA65BAE1B4B
:1027400004EBC6035B88DB0709D4314620462FF033
:1027500055FF2A46314620462FF095FF354629463B
:1027600020462FF007FFBD46BDE8F88FB1C5040035
:1027700030A2040088C5040008B5024830F092FA7F
:10278000002008BDDEC504000E4A9042034602D375
:102790000D4A904211D30D4A22B1934202D30C4A02
:1027A00093420AD30B4A52B10B48834234BF0120F3
:1027B0000020934238BF0020704701207047104628
:1027C000704700BF6C9C040050FD04000000000036
:1027D0000000000000000000000000002DE9F04FA4
:1027E0009BB000AF0446D7F890A0FA637B638B469A
:1027F00049B903784678807800EB830020445E4531
:1028000022D8A0EB040B0AF0010394F80280FB62CB
:10281000E3783B63B8F1000F0CBF4FF000090AF0FA
:10282000010913B11AF0020F17D1B9F1000F14D139
:10283000FB6B1BB17A6B5946204698475D4628468C
:102840006C37BD46BDE8F08F451C2846FDF7D4FC2B
:10285000013028440BF1010BD1E7CAF3C003FB613F
:102860002378BB629B00BB6163683B62BB6A04EB7D
:102870008301FB6B002B7DD15D468844B9F1000FCD
:102880001DD0A94E8B4699461BF8013B54F82300F6
:10289000002808BF3046FDF7AFFCD7F89430013070
:1028A0004BB1D7F898304B4582BFD7F8943023F816
:1028B000190009F10109C3450544E5D1D8461AF0CC
:1028C000050F0AF002030CBF4FF0020B4FF0010B93
:1028D0000026FB633B6B9E42B1D298F8013054F85E
:1028E00023A05046FFF750FFFA6908F1020803469B
:1028F00002B3B86318F8021C386A30F0B2F9BB6B47
:10290000C0B1EA468AB06A46884B05933B6ACDE976
:1029100006314FF40073ADF82030854B42F8103F7C
:10292000844800234FF4125101F03AF8023DD54695
:102930000136CFE723B1FB6A2BB9A5EB0B05F7E70F
:10294000FB6B002BF4D07848BAF1000F18BF50464B
:10295000FDF752FCD7F8943053B1D7F89830994529
:102960003FBFD7F89420431C22F8193009F1010920
:102970000544DDE7B9F1000F6CD04346102B28BFAA
:102980001023BB6397F8389007F148000026BA6B14
:10299000796247F077F8796A00227A620AF00202D7
:1029A00001EB08033A610AF004027B61FA6002332A
:1029B0007A6A396B8A4266D36378F96A7B621AF065
:1029C000020F4B44DBB20CBF72080022002940F01A
:1029D000A9801AF0040F14BF314600216370A17062
:1029E000E270B9697A6BFB6B20469847051EFFF6CB
:1029F00026AFBB6A23707B6A63703B6BE370314622
:102A00007A6BFB6B84F8028007F158009847061E2A
:102A1000C0F2C4803A6BBB69386B03EB4203ABEB8B
:102A20000301D7E90D23C91A7B6903EB4000FB6B57
:102A300098470028C0F2B4802E4435184FF00008A3
:102A400007F1480AC84577D300217A6BFB6B08462B
:102A50009847F4E6B8F1000F0CD01AF0040F0ED02E
:102A60004346102B28BF1023BB6397F8386007F14B
:102A700058008CE7C7F838804646C1468CE7C7F84F
:102A800038804E4688E713F8015C13F8021C54F8AE
:102A90002500BB60FFF778FE0246F869BB6838B1D5
:102AA000386AC7E9013230F0DCF8D7E90132F0B911
:102AB00012B3FA6A72B1B9F10F0F18D809F12801EF
:102AC00007F14000014409F1010201F8205C5FFABE
:102AD00082F90CE0FA6852B10F2E08D806F12801ED
:102AE00007F14000721C0E1806F8105CD6B27A6A24
:102AF00001327A6202335BE73A69002ADBD10F2E9A
:102B0000F5D806F1280007F1400C6044721C00F86B
:102B1000101C07F1680151FA82F20236F6B202F88F
:102B2000105CE4E7002159E71AC6040021C604003E
:102B300004000001B0A1040018F80A3087F84730FB
:102B400054F823B0D7F8943033B3D7F89830984579
:102B500022D2D7F8943033F818607A6BFB6B0121DE
:102B600007F14700984700281ADB0E4B0544BBF1DC
:102B7000000F08BF9B4626B95846FDF73DFB461C93
:102B8000B6B27A6BFB6B314658469847002807DB94
:102B9000054408F1010855E70026DEE735464EE614
:102BA00005464CE61AC60400014B1860704700BF8A
:102BB0004003002008B50446EFF31183202383F37C
:102BC0001288BFF36F8F1DF079FC204602F09CFC49
:102BD000024830F067F831F0DFFAFCE7D5C60400B0
:102BE0002DE9F047858B0446280717460CD50129A7
:102BF0000CBF45F0100545F02005A58387F311882B
:102C0000BFF36F8FBDE8F087022905F0070540F09C
:102C10009480204630F0E6FA052864D801A353F8E2
:102C200020F000BFFD2B00003B2D0000E72C000032
:102C3000A92C0000C32C0000D52C000001F00703D4
:102C40005A1F012A1FD8002221F00701062BD4F8B1
:102C5000008089B2C4E9002209D1434603E0E28B37
:102C60000132E2831B68002BF9D141F00201A183FC
:102C7000204630F0B7FA4FF0000900286DD041F03F
:102C80002001A18369E0042B0AD121F0070189B258
:102C9000A183204630F0A6FA10B141F02001A183B3
:102CA0004FF00008C14658E02369D3F80090A38B89
:102CB00023F0070343F00603A3834FF000084646C2
:102CC0004BE02369D3F80490A38B23F0070343F070
:102CD0000403F1E72369D3F80890A38B23F00703DB
:102CE00043F00503E8E74FF00008C146E7E701229B
:102CF00043F00803A38387F31188BFF36F8F002A83
:102D00003BD1B8F1000F4AD1B9F1000F02D02D49E3
:102D10002046C847EFF31187202383F31288BFF3BF
:102D20006F8FA38B23F008039BB2A383D9063FD5F3
:102D300023F01002A28303F00705A669A18B002EE1
:102D4000BFF67CAF0023D4F8008021F00701C4E96E
:102D5000003341F00101A1839946A38B03F0070AD8
:102D6000AA4502D0A268002AC1D1B8F1000F02D151
:102D7000B9F1000FDAD00022BAE7A1680029C0D06B
:102D80000D680029BDD04F68334652462046B847EB
:102D90001DB12B6829461D46F3E72B46FAE741464D
:102DA000334652462046D8F8008030F047FAA8E76C
:102DB0009A067FF523AF23F02002A28303F00705D4
:102DC00027E700BF6932030037B504460821C06A0F
:102DD000124D30F0C1FC00234FF6FF72ADF8043005
:102DE0006368ADF800208DF80620E26819182B40C2
:102DF0001344181A60606846ADF8021030F004FC05
:102E00006946204630F0C7FC211D204630F0D4FB37
:102E100063682B40A36003B030BD00BF0000FFFF1C
:102E20002DE9F7430F4681460821C06A144D30F062
:102E300093FC3C68241A80463C6004EA0506B442D0
:102E40001CD3A0B210B903B0BDE8F08308236A46D2
:102E50002146484630F077FB0028F4D16946A0B2FD
:102E600030F066FC38B1BDF80230BDF804203C609B
:102E70002E4013441E44A4EB0804E0E70020E2E7E0
:102E80000000FFFF2DE9F04704468AB000F1140767
:102E900038463BF04AFEA06A8368DB689847E062E8
:102EA00050B99F4A9F48012130F093FB6FF0150500
:102EB00028460AB0BDE8F087A06A8368DB689847B7
:102EC0000368013B1F2B01D9974AEBE7E368B3F591
:102ED000803F08D94FF4803200929248934A0121F2
:102EE00030F0FCFEE2E7A06A216807AA39F099FDFC
:102EF00008B18F4AD6E7E5682DB1089BB5FBF3F220
:102F000003FB12550DB18B4ACCE7238A012B01D864
:102F1000894AC7E7E36A029593F805804FF0FF33CB
:102F20004FF0FF32384623F045FDE06A082130F0CB
:102F300013FCA9460646238A1FFA85FA534544D84E
:102F4000238A4B4500F02D8153450BD1029908236C
:102F50004246891B204630F004FB18B902A92046DE
:102F600030F02AFB02A92046FFF75AFF0546002849
:102F700040F0B280029961604FEA11494FEA094975
:102F8000C4F80890A3688B420DD8082303AA2046F2
:102F900030F0D9FAB8B903AB13F8012B904532D110
:102FA00001300828F8D1636802A96FF30F032046A7
:102FB000029330F001FBE36802994246204630F06C
:102FC000D0FA00283CDA054686E0E1682B04891B2C
:102FD00013FA81F1424608232046029130F0C1FAEB
:102FE00078B102A9204630F0E7FA09F10109029907
:102FF0000823424620461FFA89F930F0B2FA002829
:103000009ED0013597E7A08803A930F091FB626854
:1030100010B9911B6160B5E7BDF810A0BDF80E10A6
:10302000E06AC4F80890514430F096FB484482426C
:10303000A060EED1BAF1000FEBD06FF01C054BE0B1
:1030400000F08B8063684FF6FF7906EB0308E368B6
:10305000CDF808801FFA88F29B1B9A4223D3374A87
:103060003048032130F0B5FA6168204630F0B3FAF9
:10307000014680BB6368324AE06813400344A3EB17
:10308000460363601340A360204630F025FC00280F
:1030900099D1E368A288A3EB46039A421CD120464B
:1030A00030F096FB8FE7082305AA4146204630F012
:1030B0004AFA002887D105A91FFA88F030F038FBBA
:1030C00038B1BDF814304B4503D1BDF81830002B92
:1030D0006AD0B044BBE70D46384623F0DDFC002D36
:1030E0007FF4E6AE0123A374E268238A0D480092C0
:1030F0000321144A30F0F2FD63689AB20092094845
:10310000114A1B0C032130F0E9FDA3689AB200922A
:1031100004480E4A1B0C032130F0E0FDC8E600BF56
:103120001DC70400D8A104003FC704005CC7040009
:1031300085C704009DC70400B1C7040023C804006C
:103140000000FFFFD4C70400EBC70400FDC7040064
:10315000E26AA36812681344A360D4E901318B4288
:1031600008D95B1A4246204630F0FBF90028FFF6EA
:103170002AAFEDD16168E36801EB46029A4288D13B
:10318000124BA06801EA0302904282D0204630F040
:1031900022FA00287FF417AF62680C4B1A40A26035
:1031A00077E76FF02C0597E7094A0A48032130F0CA
:1031B00010FA636802A96FF30F032046029330F000
:1031C000FBF90299204630F006FA60E70000FFFFA5
:1031D0000EC80400D8A104002DE9F04F1E46837CE0
:1031E00095B004468946904653B96B4A6B48012115
:1031F00030F0EFF96FF00C05284615B0BDE8F08F00
:10320000C26A0821104630F0A7FAB1B20190104608
:1032100030F0A2FAE368019AA3EB820383420746E7
:10322000C0F0B6801EB1B8F1000F00F0B180D4F844
:1032300004A0CDF810A005AA04A9204630F002FB96
:1032400005460028D8D1BDF814304B4507D0DDF82D
:1032500010A063685345EED1002E39D1CCE705A903
:103260001FFA8AF030F064FA0028F0D0BDF8183068
:1032700066B3B3422CD14FEA1A43BDF816A0CDF87D
:1032800000801B049A44E36A1B685B4203F020033E
:103290000293B346029B5B4528BF5B460CAA51468E
:1032A0002046039330F04FF900284DD1039B00983E
:1032B0001A460CA946F025FC50B9039B009ABBEBBB
:1032C000030B1A449A440092E4D195E7002B93D063
:1032D000002F3CD1BA4604F1140B4FF0FF324FF0EF
:1032E000FF33584623F066FB238A9D424DD0D4E934
:1032F00001320AEB02018B422ED39BB263B3FF2350
:10330000ADF81E20002118220CA88DF82230ADF84F
:103310001C90ADF8206046F0DCFB0CA92046CDE9FE
:103320000E8630F023FA074648B907A830F06CF94A
:1033300007A9204630F02FFA074600B9374658460D
:1033400023F0AAFB3D4657E7C2DC054654E7019B44
:103350001F441FFA87FABEE72046FFF735FD3DB947
:10336000ADF82490CDF82880ADF82C608DF82E5063
:1033700009A9204630F0B0FA07460028DFD19DF8B1
:103380002E300135002BAFD0D8E76FF01B07D6E702
:103390006FF0150530E700BF09C70400D8A104008D
:1033A0002DE9FF471E46837CBDF8309004460F464A
:1033B00090464BB92848294A012130F00AF96FF0AC
:1033C0000C0004B0BDE8F087C06A082130F0C4F9F1
:1033D000E368A3EB4003B3423AD3656801954FF02D
:1033E000000A02AA01A9204630F02CFA0028E8D1F0
:1033F000BDF80830BB4206D102A9A8B230F098F956
:1034000050441FFA80FA019B62689A4219D0CA455B
:1034100015D9BDF80C30C3B1CA4516D3BDF80A1092
:10342000B3426FF30F0528BF334642462944204676
:1034300030F089F80028C4D1BDF80C00C1E71D4662
:10344000CFE7BDF80830BB42E3D06FF00100B8E72A
:103450006FF01500B5E700BFD8A1040009C704004C
:103460002DE9F047DFF85480044607464FF0010984
:1034700094FAA4F5B5FA85F509FA05F32E0108EBDF
:1034800005156FEA030A24EA03042B7B63B158F89D
:1034900006301B696BB946440422736828461968D4
:1034A00007EA0A0730F097FB002CE1D13846BDE867
:1034B000F087284698470028F6D1ECE7E8A20400F8
:1034C00010B50F490F4888B000223BF075FF00226D
:1034D0000023CDE9062300240E23CDE90334CDE9F2
:1034E0000144094B094900944FF44072084823F005
:1034F00083FF084906483BF0A2FD204608B010BDF6
:1035000019350000B01A00204938000058C50020C5
:103510002016002051C80400014823F041BB00BF21
:10352000481100202DE9F047804621480F4630F031
:1035300032FB0646002833D000252846BDE8F08738
:10354000237B83B12368DB680BB12046984763680F
:1035500083F8069023681B69D3B96368042219684D
:10356000204630F038FB013610345445E8D3B8F12A
:10357000000FE2D0002DDFD02846FFF771FF05468F
:10358000002FF7D000214FF4A4703BF05AFEF1E772
:10359000204698470028E0D009FA06F31D43E2E7E9
:1035A000044CDFF814A005464FF00109DDE700BF29
:1035B000C87A0020E8A20400F8A20400014B53F8E6
:1035C00020007047DCA3040008B5034608462BB171
:1035D000044A136000F056FC002008BD6FF015008F
:1035E000FBE700BF4403002010B5044C237813B957
:1035F000034823F0D5FA0123237010BD99A90020B8
:103600004811002010B504460B4830F0C4FA5CB1F4
:10361000BFF35B8F094B53E8001F013943E80012E9
:10362000002AF8D1BFF35B8F054824F023FD05483D
:10363000BDE8104023F0B4BAC07A0020C47A00205C
:10364000B01A002048110020064BBFF35B8F002208
:1036500053E8000F43E800210029F9D1BFF35B8F45
:10366000704700BFC07A002070B5FFF7EDFF084C2F
:10367000084E0546B44200D370BD63685B792BB138
:1036800023685B6813B12946204698471034F1E758
:10369000E8A20400F8A2040010B5044C0449204636
:1036A0002FF01AFC034B1C6010BD00BF840E0020DD
:1036B000C8A30400B87A00200D4A0E48002310B5B4
:1036C00013700D4A13600D4A4FF400411360FFF769
:1036D0007BFFFFF7E1FF0A4B0A4918468B4200D3F4
:1036E00010BD1A1A5C681211013222711033F5E70D
:1036F0009AA90020933B0300C07A0020C47A0020DE
:10370000E8A20400F8A204000146002201480023B8
:103710002FF003BC840E002001482FF09ABC00BF9C
:10372000840E0020024B014618682FF0EDBC00BF4C
:10373000B87A002001482FF022BD00BF840E00207F
:1037400070B52A4B1B78002B4ED0FFF7E5FF0446DF
:10375000002846D1264B274D1B68002B19DD3BF076
:10376000E3FD4FF47A76A0FB063206FB0121D5E992
:103770000020DB0B43EA41439B1A4FEAD13140F270
:10378000E93261EB0001934271F1000101D3FFF7CF
:103790006BFFD5E9003213F57A7342F10002C5E9F7
:1037A00000320CB3BDE87040FFF7C4BF6B685B79B3
:1037B00023B12B6821461B68284698471035B5422F
:1037C000F4D32046FFF7AEFFBFF35B8F0A4B53E8FD
:1037D000001F013943E80012002AF8D1BFF35B8FC4
:1037E000B8E7064D064EEAE7002070BD99A9002013
:1037F000C07A0020A81A0020C47A0020E8A20400A1
:10380000F8A2040070B50D4D297861B90120FFF7C9
:1038100089FE0B4C0B4EB44206D3FFF791FF0028F4
:10382000FBD101232B7070BD63685B791BB12368EA
:1038300020469B6898471034EDE700BF9AA9002006
:10384000E8A20400F8A2040000212DE9F84308468C
:10385000FFF768FE044648B340F267684FF000097E
:1038600001F04EFA1A4B1B4A1B58136033B11A4B26
:103870001B68092B02DD194823F092F9184F002527
:1038800044B12046FFF7ECFD044618B94FF0FF386D
:103890004FF0FF39FFF754FF064628B9B5B90F4876
:1038A00042464B4623F0B8F93546E9E74FF0FF387A
:1038B0004FF0FF39D4E72B689B691BB100221146FA
:1038C000284698471035BD42F5D3E8E7054DFAE79D
:1038D00008000000BC7A0020C47A002048110020B3
:1038E000F8A20400E8A2040013B5184830F053F918
:1038F000174B1B7873B1EFF31184202383F31288E5
:10390000BFF36F8FFFF71CFF84F31188BFF36F8F36
:1039100002B010BD0F4B1B68002BF9D050B900222C
:103920000023CDE900230C484FF40042002324F08B
:103930007BFBEDE70928EBD1074824F09BFB074808
:1039400002B0BDE8104023F02BB900BFC47A0020BC
:103950009AA90020BC7A0020B01A0020481100204B
:1039600010B5064B1B68044698472146A0600448E2
:103970002FF050FBBDE81040FFF7B6BF4403002016
:10398000840E0020044A054B9B1AB1EBD30F34BFC1
:1039900052F831000020704738A10400E8A204006A
:1039A0002DE9F04F8FB004AFC1F34A26B8600D4641
:1039B00090467B600C0D002E61D04FF000090A2369
:1039C0004FF0040B07F1140AFE60C7E90799C7F826
:1039D00024900093CDF808B0CDF804A007F11C03A3
:1039E000F9684A464046FEF7F9FEB0F5006F034617
:1039F0001CD36C468AB0D8F8041004AB2448C3E941
:103A0000050140F2FF71D9611A464FF40071198423
:103A1000204B42F8103F20484B464FF41251FFF71D
:103A2000BFFFA5462C37BD46BDE8F08FC0F30A06A0
:103A300004F11700184420F0070080083B60FFF7EE
:103A400063FE66F35325044680B13B68134A00F1D8
:103A50001001C7E90839F961CDE901AB0A230093E8
:103A6000F96807F11C034046FEF7B8FE66F35325DC
:103A70007B68B9682A46204630F0CDF8D2E704F1D9
:103A8000170020F007008008FFF73EFE0446EDE730
:103A900066C8040004000001E8A10400E93B03003B
:103AA0002DE9F04F87B0DDE9127ADDE9106B0546AC
:103AB000884614469946BFB11021CDF800A03B4678
:103AC0005A460020CDF814A02EF0F2FEB0F5006F9B
:103AD00001460BD3194A1A4840F2FF73022107B07E
:103AE000BDE8F04F30F0F0B83946384604F007032F
:103AF00005F00704E40044EA831444EA402444EA5D
:103B0000065406F11700084420F0070080080391CE
:103B1000FFF7FAFD054640B13FB10399CDF800A08B
:103B20003B465A4610302EF0C3FE4B4622464146D5
:103B3000284607B0BDE8F04F30F06DB8A5C80400C6
:103B4000E8A10400406820B1034BC01A40F3CF0045
:103B500070474FF0FF30704738A104000EB403B532
:103B600003AB014653F8042B0448019301F026FAF5
:103B700002B05DF804EB03B0704700BF2B3D0300BB
:103B8000CA0605D48B064CBF02490349FFF7E6BFBE
:103B9000704700BFDEC80400DDC804002DE9F04F07
:103BA0008BB09946179B0793DDE918A39DF85880C1
:103BB0001A9F069204460D460593B8F1000F00F0D7
:103BC000BF80844B13F80830089307F4807309937F
:103BD0002FF0FFFF07F0020B024600287DD07E4940
:103BE0002046FFF7BBFF0646BBF1000F08D017F0D9
:103BF000440F74D179492A462046FFF7AFFF0644A7
:103C000007F0010353B1764B764953F82820764BE1
:103C10002046002A08BF1A46FFF7A0FF07F480736A
:103C2000002B07F0080318BF4FF00009002B00F02D
:103C300082806E4B6E4953F828202046FFF78EFF96
:103C40000546069B2BB16B491A462046FFF786FFB7
:103C50000544B9F1000F0DD0089B002B6ED06649CA
:103C6000664BB8F1040F18BF19464A462046FFF7C5
:103C700075FF054462483544079B1BB161492246E4
:103C80002EF0BEFF059B002B00F09080DDF8149015
:103C90003946B9F1100F204628BF4FF01009FFF741
:103CA0006FFF0026B54252DC002633461AF8032087
:103CB00055492046FFF752FF0136102E4DD07107AF
:103CC00003D152492046FFF749FF4E453346EDD315
:103CD0004F492046FFF742FFEEE7064684E74D4B8B
:103CE000186800288BD04C4B4FF47A7B1B68B5FBCF
:103CF000F3F54FF46163B5FBF0F100FB11550BFBDD
:103D000005F54FF03C0CB1FBF3F203FB1211B5FBD0
:103D1000F0FEB1FBFCF300FB1E550CFB13110BFB7B
:103D200005F50091B5FBF0F53C49CDE901E52046EC
:103D3000FFF714FF63E707F0080582E72F4994E7D0
:103D4000B9F1010F0CBF2E483548454694E72F497D
:103D50002046FFF703FF0136A4E73249204600263C
:103D6000FFF7FCFE33461AF803202F49A2F1200387
:103D70005F2B28BF2E222046FFF7F0FE0136102EC3
:103D80000DD0720703D121492046FFF7E7FEB14568
:103D90003346E8D81D492046FFF7E0FEEEE7059BD5
:103DA000B3EB0903CA4405937FF470AFB8F1000F79
:103DB0000AD0FB0704D50C4A0A492046FFF7CEFE7D
:103DC00039462046FFF7DCFE20460BB0BDE8F04F39
:103DD0002FF09EBFECF80400EEC80400F2C8040007
:103DE000ECA3040027DB0400E0C8040000A40400E6
:103DF00018C904001EC90400E5C80400E9C804008D
:103E00002B3D0300BD4F000022C904002AC9040055
:103E100028C90400D07A0020CC7A0020FCC8040015
:103E2000613D03002CC904002EC9040073B542F2A1
:103E30000F738B4228BF0B4605680F4A04460521C5
:103E400068462EF065F863680C495B6806460B22ED
:103E500028462FF04FFF63683246694628465B6864
:103E60002FF048FF636806495B681B2228462FF045
:103E700041FF02B070BD00BFEAD00400E0F80400CA
:103E8000C4F80400074A00210123904206D8064ADC
:103E900001B901231360054B1860704740085B00AF
:103EA0000121F2E740420F00CC7A0020D07A0020B6
:103EB000F8B5074F0D4604464618B44201D12846CE
:103EC000F8BD14F8011BBB6801485B689847F4E72C
:103ED000C09D0400014B03600020704748A404000B
:103EE00070B5104B1C680D46B4B10F4B1968002318
:103EF0008B4202DB6FF0010070BD224612F8106B9E
:103F0000864202D001331446F2E7E0683AF011FD30
:103F100028B12C600020EFE76FF00C00ECE76FF0A9
:103F20001200E9E75003002048A4040010B588B04F
:103F3000436802938368C068CDE903320A680023AE
:103F4000CDE906230C4601AA0449059338F06DFD1E
:103F5000079808B9059B236008B010BD5B3E0300BD
:103F6000B0B582B03F49404802AF30F0EDFA0446A8
:103F7000A8B16D468AB002AA3C4B53613C4BC2E9E2
:103F800006344FF4007313843A4B42F8103F3A481A
:103F900000234FF41151FFF703FDAD4632E03749DE
:103FA000314830F0D1FA044630B16D468AB002AAE9
:103FB0002E4B5361324BE2E732492B4830F0C4FAC2
:103FC000044630B16D468AB002AA284B53612E4B8D
:103FD000D5E72E49244830F0B7FA044630B16D4693
:103FE0008AB002AA214B5361294BC8E70146294AEE
:103FF0001D4802F09DFC044638B1274A1E480121A5
:104000002FF059FE2046BD46B0BD02462349164852
:10401000012302F083FD044608B1214AEEE70123A3
:104020000093014602231048EF2230F00AFA0446BA
:104030000028E7D10C4801F0D1FA044630B16D46B2
:104040008AB002AA094B5361164B98E7064801F063
:1040500005FB04460028D5D06D468AB002AA124B53
:10406000F1E700BFC8030020741400206BC90400EE
:1040700088C9040004000001B8A10400B0030020B6
:104080009CC9040098030020B4C9040080030020E8
:10409000C7C9040054030020D5C90400F1C90400B5
:1040A000FBC9040016CA040025CA040010B5DFF8D5
:1040B00024C086B04FF42814CDE904C40824029427
:1040C00004AC0194BDF82040009432F01BFA06B015
:1040D00010BD00BF180028002DE9F0410C4B1C68F2
:1040E00005460E4617467CB100F0EEF863682046A0
:1040F000D3F8108032463B462946C047044600F0BC
:10410000EDF82046BDE8F0816FF00104F9E700BF4B
:10411000007B002000230360044B5A6812B9C3E9F6
:104120000000704710605860704700BF047B00209B
:10413000014B1860704700BF007B00201FB5CDE920
:104140000101039200F0C0F8074B1C6824B900F08D
:10415000C5F8204604B010BD636820461B6801A95D
:1041600098472468F2E700BF047B0020024B00223E
:10417000C3E90022704700BF047B0020024B0022ED
:10418000C3E90022FFF7F2BF0C7B00202DE9F743C3
:1041900007460C4609B100230B601F4DDFF87C90E9
:1041A00000264D450FD31E4B1D6885B355F8188C5E
:1041B00001AA41463846183D2FF0BDFE10B3D6B9CE
:1041C00014BB2E461EE0D5F8008001AA41463846B1
:1041D0002FF0B1FE50B116B954B92E4606E0316841
:1041E000002240462FF0A7FE0028F5D11835D8E769
:1041F000019B2360F1E73168002240462FF09BFECF
:104200000028DDD1AD69D0E7019B2360D9E73046B6
:1042100003B0BDE8F08300BFF8A20400F8A20400D8
:104220000C7B00202DE9F04784B002AF0446D7F89C
:10423000289078600D4616469846B9F1000F07D0D1
:10424000D9F8001031BBD9F804A0BAF1000F28D179
:10425000391D2046FFF79AFF08B3D0F80C90786814
:10426000434632462946C847C8B16D468AB002AABD
:10427000124BD061C2E905344FF400731384104B24
:1042800042F8103F0F4800234FF41151FFF788FB0D
:10429000AD4604E03A1D2FF04EFE0028D3D1002099
:1042A00007E0D9F80830009378684346324629463B
:1042B000D0470837BD46BDE8F08700BF4DCA0400AF
:1042C0000400000140A2040003484FF0FF324FF009
:1042D000FF3322F06FBB00BFBC100020014822F06A
:1042E000DBBB00BFBC10002038B5094DFFF7ECFF69
:1042F0002B785BB9FFF742FF00F06AF8044608B973
:1043000001232B70FFF7EAFF204638BD0024F9E7B0
:104310009BAA00202DE9F043048F013499B0064692
:104320000F46A4B200F10808651EADB2B5F5004F06
:104330004AD04A2305AA294640462FF011FC04F52D
:104340007F543F34A4B28146214601230DF10B0274
:1043500040462FF005FCB9F1000F014610DC0028A3
:1043600010DC338FAB4209D132466B1E22F8383F46
:104370004FF4004102234046FEF72EFF2C46D3E7C0
:10438000002808DC294640462FF0E6FB214640463F
:104390002FF0E2FBE5E7B9F1490FEFD809F160032F
:1043A0000DEB0309002309F84C3C084A009703ABC6
:1043B00005A8CDF80C80ADF81040FFF733FF0028BA
:1043C000DCD019B0BDE8F0830020FAE7833F03009A
:1043D0007FB50123694603200193FFF781FD044661
:1043E00060BB02AA01A903202FF059FD044610B1B9
:1043F00010F10C0F22D10399B1F5803F23D2009A1E
:10440000002394681846084484421AD30133082BC9
:10441000F9D10E4D69612B835368AB602846D36890
:10442000EB632FF046FE044640B9094E6E60284605
:10443000FFF770FE28466E60FFF77AFE204604B054
:1044400070BD9BB2E5E76FF02004F7E7147B002016
:1044500018A5040080B505460E461746984623F079
:104460000DFB034600F04CFCDFF81890044649F8B9
:104470000030424630463946A84754F8090000F05B
:10448000DFFB00BF0800000038B50C4615462FF0D2
:1044900045FE034B43F8305003EBC0035C6038BD6E
:1044A000E40C002008B50348034A0021121A2FF03B
:1044B00036FE08BD1015002058BB00200748084AEA
:1044C000084908B5121A2FF02CFE0748074A084978
:1044D000BDE80840121A2FF024BE00BF00000020E3
:1044E0000C15002050FD04000000002000000020FA
:1044F00050FD04002DE9F047064600AF0C460029A8
:1045000036D0E9468AB0D1E90012A3686D46214849
:10451000E8464FF0050ACDE90501CDE9072348F843
:1045200010AF1D48424600234FF42151FFF738FADF
:10453000CD46D4E903126369AD461848C5F810A00A
:10454000C5E90501C5E907231348002342464FF496
:104550002151FFF725FACD46E369114A0E480121A2
:104560002FF0B2FBA3690F4A0B4801212FF0ACFBDF
:10457000012E07D1EFF305830B4A0748103B314664
:104580002FF0A2FB2146304621F034FFBD46BDE8A6
:10459000F08700BF81CA040028A20400B0CA04004A
:1045A000DFCA0400EECA04001CCB040030BFFFF7D2
:1045B000FDBF00BF2DE9F0410B4EDFF8308006EB68
:1045C0000807CC1B054632460949204645F05AFAF1
:1045D000A01942460021083C45F07BFAEC6707F140
:1045E0000800BDE8F08100BF0000000008000000E6
:1045F000F8A2040010B5204C204921482FF09EFD60
:10460000A36A990136D51E481E492FF097FD1E203A
:10461000A36ADA0104D51A481B492FF08FFD1F2029
:10462000154CA36A1B0304D5154818492FF086FDC5
:104630002120A36A590304D5114815492FF07EFDA6
:1046400022200D4CA36A9A0304D50D4811492FF07E
:1046500075FD2320A36ADB0304D509480E492FF01A
:104660006DFD2420044A936A6FEA03436FEA134303
:10467000936210BD1D20CBE700ED00E02FCB0400BE
:1046800028A2040047CB04005ACB040074CB0400DA
:1046900092CB0400B7CB0400D1CB040070B5064622
:1046A0000D46294C29492A482FF048FDA36ADB060C
:1046B00047D5274827492FF041FD1120A36A1C0741
:1046C00004D5234824492FF039FD12201E4CA36A3B
:1046D000990712D521491E482FF030FD636BA26A5D
:1046E000120609D51E4A1A4801212FF0EDFA1EB113
:1046F000A36A23F08003A3621320134CA36ADE078E
:1047000004D5134817492FF019FD1420A36A9C06FD
:1047100004D50F4814492FF011FD15200A4B9A6A51
:10472000D10658BF9A6A9A6A920642BF5A6A22F420
:1047300000525A629A6A42F0FF029A6200232B707A
:1047400070BD1020BAE700BF00ED00E0FCCB040014
:1047500028A2040012CC040045CC040058CC04006C
:1047600070CC040086CC0400A5CC040070B50646CD
:104770000D46284C284929482FF0E0FCA36AD904AB
:104780003CD5264826492FF0D9FC1720A36A1A05E4
:1047900004D5224823492FF0D1FC18201D4CA36AD0
:1047A0009B0512D51D4820492FF0C8FCA36BA26AB7
:1047B000100409D51D4A194801212FF085FA1EB1B0
:1047C000A36A23F40043A3621920124CA36A59057B
:1047D00004D5124816492FF0B1FC1A20A36ADA0555
:1047E0000ED50E4813492FF0A9FC1B20094A936AE5
:1047F00043F47F43936200232B7070BD1620C5E7FE
:10480000A36A9B04F2D505480B492FF097FC1C20A6
:10481000ECE700BF00ED00E0D4CC040028A20400C7
:10482000EACC040045CC0400FBCC040014CD040009
:1048300029CD040044CD0400A5CC0400F0B56A4B9A
:104840008BB00446586800AFC0F30803002585F319
:104850001188BFF36F8F02F07F46B6F17F4F07D10B
:1048600002F00C06082E0ED1604961482FF066FC5C
:1048700060495F482FF062FC00210846FFF73AFECE
:104880002C37BD46F0BD16074CBF0C460125002C49
:10489000EED00022FA71DA1E092A00F28580DFE8E4
:1048A00002F0057B7E77838383838381524950485E
:1048B0004D4E2FF043FC0023FB71F36A9A0705D598
:1048C0004E494B482FF03AFC00232DE0F36A002BB1
:1048D00001DA4B49F5E7F36A5B00F5D549494448ED
:1048E0002FF02CFC7369A26943F480737361BFF3EA
:1048F0004F8FBFF36F8F32F8023C726922F48072DF
:104900007261BFF34F8FBFF36F8F03F47F42B2F535
:104910005F4F27D1DBB2022B24D123683A4A3448B7
:1049200001212FF0D1F92368FA79002AA8D107F1E3
:10493000080604F1200C20686168324603C208347E
:1049400064451646F7D17A6A002D4AD0C2F30801B1
:1049500021B96FEA52226FEA42227A6207F1080116
:1049600018468BE7204B9A6AD2B222B1F91D01207A
:10497000FFF794FE0EE09A6A12F47F4F04D0F91DFF
:104980000120FFF7F3FE05E09B6AB3F5803F9BD360
:10499000FFF730FE0346C7E7F91D0020E8E7F91DE1
:1049A0000020EEE719498CE7194A1A4910F4F87FFC
:1049B0006E468AB018BF11466A46103B07931648E8
:1049C0004FF40073ADF82030144BCDE9050142F8E7
:1049D000103F074800234FF41151FEF7E1FFB546A1
:1049E00072E76FF30802B8E700ED00E08ACD04003B
:1049F00028A20400B5CD0400F1CD040008CE0400C7
:104A000029CE040037CE040056CE040072CE040036
:104A100071CD04005CCD040096CE040004000001BA
:104A2000044B5A6942F010025A615A6922F0080296
:104A30005A61704700ED00E0EFF30880EFF3098161
:104A400001B57246FFF7FAFE01BD00BF0B4880F3C7
:104A500008881FF04FFB202080F3118808484FF48E
:104A60000061401880F30988EFF3148002210843A5
:104A700080F31488BFF36F8F00F078F838090120B5
:104A8000F8F500201EF0040F0CBFEFF30880EFF3E1
:104A90000980816911F8021C0229FFD001B5724614
:104AA0002FF041FB01BD00BF0028ACBF00F160400A
:104AB000064B4FEA4111ACBF00F5614000F00F001A
:104AC000C9B2B4BF195480F80013704714ED00E068
:104AD000EFF30583103B2F2B06D8044A02EBC301EA
:104AE00052F8330049680847704700BFE40C0020C3
:104AF00040B2002807DB044A4109012300F01F00EF
:104B0000834042F82130704700E100E040B20028C5
:104B10000CDB4309064900F01F00203301228240CC
:104B200041F82320BFF34F8FBFF36F8F704700BF53
:104B300000E100E0054B420900F01F0053F822207D
:104B4000012303FA00F01040704700BF00E100E0CD
:104B5000044B054A23F07F039360BFF34F8FBFF3ED
:104B60006F8F70470000000000ED00E008B5FFF710
:104B7000EFFF0B4AD2F8883023F47003C2F8883074
:104B8000EFF3148323F0040383F31488BFF36F8FD0
:104B9000FFF788FCFFF792FC00F094F821F064FD29
:104BA00000ED00E042F8203C009B42F81C3C0A4922
:104BB000019B42F8183C029B42F8143C21F0010191
:104BC0004FF0807342F8043C42F8081C0023203A5E
:104BD0000265C0F8803070475544000000B50B4BAB
:104BE00098600B4B1546C26F1A600E462C4686F332
:104BF00009880020034B984720460021002200230B
:104C0000014C20478B4103005544000088A600203A
:104C1000547B0020014B10221A61704700ED00E028
:104C2000054B5A699B689A421FBF044A536843F078
:104C300080535360704700BF88A6002000ED00E05D
:104C4000084B9B6883420BD1EFF3058343B1064BBE
:104C50005A6842F080525A605A6A22F400425A62FC
:104C60003AF0F2B988A6002000ED00E012498A6807
:104C70004FF030001044EFF3098C80E8F01F202043
:104C800080F31288BFF36F8F0C4F4FF000664A69B4
:104C90008A603E60D06F0A4C2060D2F8800000230A
:104CA000C2F8803080F3118802F1300090E8F01FE4
:104CB0008CF309887047000088A6002004ED00E00E
:104CC000547B0020044800232021C2180133302BDC
:104CD00082F80013F9D1704700E100E008B5EFF366
:104CE0000583064A103B02EBC30152F833004968C2
:104CF0008847BDE80840FFF793BF00BFE40C0020E1
:104D00000148006870470000547B0020024B034AB2
:104D10000348012100F07AB80000042000000020C0
:104D200034A5040008B503461048D0F89020C2F31B
:104D30000722013A934207D90D480E4A01212EF06D
:104D4000C3FF6FF0150008BDC0F898300A6822F064
:104D50001F021A4342F01002C0F89C208A6842F0F9
:104D60000102C0F8A0201846EDE700BF00ED00E00A
:104D700000A20400ADCE0400F0B50E4685B01F467B
:104D800004460025B5420DDA606810B397B1431EA2
:104D900018420AD0104A11482B4601212EF094FFE8
:104DA0006FF01502104605B0F0BD1F28F2D921683A
:104DB0000B42EFD1236801932FF00AFAA36801A9EF
:104DC0000343D0B20393FFF7ADFF10F1160FE7D006
:104DD000421C01350C34D5E7D3CE040000A20400F8
:104DE000044B0522C3F89420BFF34F8FBFF36F8F9E
:104DF000704700BF00ED00E0BFF35F8F024B002261
:104E0000C3F89420704700BF00ED00E010B5034CDC
:104E100001232278FFF7B0FF207010BD9CAA00206C
:104E20002DE9F0435F486049D0F890300C68C3F337
:104E300007239C4285B000F2B280FFF7DDFF49688E
:104E40000022944201F10C011AD1584F584D3C7088
:104E50006846FFF73FF8574C574E81464FF0000821
:104E6000C14520D13B784F490020D1F89020C2F3B2
:104E700007229342C0F28D80FFF7B2FF002052E07C
:104E8000C0F8982051F80C3C23F01F03134343F063
:104E90001003C0F89C3051F8043C43F00103C0F803
:104EA000A0300132CDE7009800EB08114FEA081C52
:104EB000CB682340B3F5000F4ED00BD8B3F5001FDD
:104EC00034D0B3F5800F3CD0B3F5801F16D008F175
:104ED0000108C5E7B3F1007F46D0B3F1805F4BD046
:104EE000B3F1807FF3D150F80C3088684A682FF016
:104EF0006FF940F0885040F4801009E050F80C3011
:104F000088684A682FF064F940F0885040F43020F7
:104F1000039001A93878CDE90123FFF703FF0028AA
:104F200033DA6FF0150005B0BDE8F08350F80C30AF
:104F300088684A682FF04CF940F0885040F400200F
:104F4000E6E750F80C3088684A682FF041F940F0E5
:104F5000007040F40030DBE750F80C3088684A6895
:104F60002FF036F92843D3E750F80C3088684A68A8
:104F70002FF02EF93043CBE750F80C3088684A68A0
:104F80002FF026F940F08850E3E73B7801333B707F
:104F90009DE7C1F89830C1F8A000013365E74FF0F4
:104FA000FF30C0E700ED00E040A504009CAA00200F
:104FB000000004110000F0FF00000410F0B587B0FD
:104FC00007460E4614460021102268461D4644F04E
:104FD00080FD02238DF802302A46054B01932146BD
:104FE0006846CDE904762DF031F807B0F0BD00BF7A
:104FF000F141030008B502482CF06AFFFEE700BF4C
:1050000008CF040008B5024B1B689847002008BD74
:10501000587B0020034B044A1860937843F0020346
:1050200093707047587B0020F803002008B50649AC
:10503000064821F00701C1F1005202F580222DF04F
:10504000F6FB002008BD00BF773D01205C7B0020FF
:1050500003484FF0FF324FF0FF3321F0ABBC00BFED
:1050600008040020014821F017BD00BF08040020FB
:1050700038B50546FFF7ECFF08482A4608212DF011
:1050800065FB044628B925B1FFF73AFE044B0C2214
:105090001A50FFF7E7FF204638BD00BF5C7B0020B9
:1050A0000C00000010B50446FFF7D2FF214603486C
:1050B000FDF7DEFABDE81040FFF7D4BF5C7B0020AF
:1050C00070B5A0FB015434B92846FFF7D1FF06465E
:1050D00040B9304670BDFFF713FE054B0C221A5045
:1050E0000026F6E72A46214644F0F3FCF1E700BF2C
:1050F0000C00000070B54169867A0B4D044659B129
:10510000437ADB0706D4302303FB06539B6A1B68F4
:105110009B689847002363613020214600FB0650BE
:10512000BDE8704039F0D1BD14120020024B30228E
:1051300002FB0030704700BF14120020827A074B38
:10514000302101FB0233DA6A93F822301B33801AD4
:1051500023F00303B0FBF3F0704700BF14120020EC
:1051600038B5074B827A302404FB02339B6AD3E9BB
:1051700001240C601568FFF7E1FF04FB005038BD07
:10518000141200202DE9F04385B0054668460391CE
:1051900090461C463AF0CAF8DDE90067EFF3118942
:1051A000202383F31288BFF36F8F2B8C002B43D007
:1051B000EA8B9A4225D900220023284621F0BCFC24
:1051C0000446F0B189F31188BFF36F8F039B002B66
:1051D00043D032463B4668463AF0CDF8A27A274B98
:1051E000302101FB023320469B6A1B6803A91D681E
:1051F000DDE90023A847606180BB2046FFF77AFF06
:1052000026E0298C4B1E2B8489F31188BFF36F8F06
:1052100095F82230EA8BEC6A1B3323F00303521A11
:1052200002FB0344154B164AEB1A1B115343A3729E
:1052300095F82230E372C9E789F31188BFF36F8FC5
:1052400023464246284621F077FC04460028BDD17B
:105250000024204605B0BDE8F083636101230025EA
:105260002381039B6382E27A6560294604F118007A
:1052700044F02FFC63692582E360EAE71412002002
:10528000ABAAAAAAF8B5124D0024302600B9F8BD81
:1052900000F108024768BFF35B8F52E8003F591ED8
:1052A00042E8001CBCF1000FF7D1BFF35B8FDBB20B
:1052B000012BECD1837AC46006FB035344605B6A24
:1052C00013B198473846E1E7FFF714FFFAE700BF4C
:1052D00014120020062800B508D9FFF711FD094B6C
:1052E00009221A504FF0FF305DF804FB3023584379
:1052F000054BBFF35B8F1B58BFF35B8F002BECD0CC
:105300000020F1E70C000000707B002030B5302356
:105310001049434308330B44BFF35B8F1A68BFF354
:105320005B8FB2B1BFF35B8F541E53E8005F9542B1
:1053300004D143E8004CBCF1000FF6D1BFF35B8F02
:10534000EAD1012A05D1302358430A1800230B5013
:10535000536030BD687B002038B504461546FFF722
:10536000B9FF01300DD0084A30236343D01840689C
:10537000086015B10C3313442B6030235C43105983
:1053800038BD0020FCE700BF687B002070B54FF0FF
:10539000FF331D484FF0FF322FF01FF81B4B002545
:1053A000BFF35B8F1A68BFF35B8F82B10135072DA6
:1053B00003F13003F4D1FFF7A3FC154B17221A5069
:1053C0004FF0FF3510482FF00AF8284670BD302402
:1053D0006C43BFF35B8F53E8000F013043E80001DB
:1053E0000029F8D1BFF35B8F0A4E331932515A604E
:1053F0009A6204F10C00304439F097FB04F120006C
:10540000304439F012FEDDE744100020707B0020AC
:105410000C000000687B00202DE9F0411646302486
:105420000F4A4443101911514660C362B6B1F36884
:10543000A3B1FFF765FC0B4F0C3450F8078013192C
:10544000054640F2051230462EF0B8FFB8F15F0F66
:1054500004D0EB595F2B08BF45F80780BDE8F08109
:10546000687B00200C0000002DE9F0410546FFF7A5
:1054700031FF431C044621D03026DFF84C806E43B8
:1054800006F10C0747444FF0FF324FF0FF33384628
:105490002EF0A3FF08EB06035A68946844B1DB6A58
:1054A00058F8060013F4404F0BD02946A047044695
:1054B00038462EF094FF2846FFF728FF2046BDE827
:1054C000F081A047F3E700BF687B0020044A012376
:1054D000C2F840354FF08042C2F87835704700BFBF
:1054E00000E0014048B1054B054A1B68B3FBF2F3ED
:1054F0005843044B43F0010318477047240C002025
:1055000040420F0040A30400BFF34F8F0549064BF4
:10551000CA6802F4E0621343CB60BFF34F8F00BF51
:10552000FDE700BF00ED00E00400FA0508B5054AFC
:10553000054B136010463C2353601EF0B1FE002063
:1055400008BD00BFB87C00203FC00F0008B50A4866
:1055500039F0EFF968B1084839F0EBF948B1074A7A
:10556000054818212EF03FFF054A034819212EF067
:105570003AFF002008BD00BFA49D040001001600F2
:1055800001001A00F7B506460D461446124F38467C
:1055900039F0CFF9E0B1BB68AAB21B683146384692
:1055A0009847002802DB002003B0F0BD002CFBD19F
:1055B000AC42F8D22F1B042F28BF042737F0A2FFDC
:1055C0003A46019001A9301944F05CFA3C44EFE7F7
:1055D0006FF01200E8E700BFDC9D040038B5044618
:1055E00022F028FA20462EF01EFFA069C8B194F8D8
:1055F0007030DB070DD5164A164802212EF011FF38
:105600006FF07705201D2EF015FF22F027FA2846AF
:1056100038BD39F08EF938B90F4A0E4801212EF005
:1056200000FF6FF01205EDE7204600F091FF054600
:105630000028E7D10146242204F12C0044F049FA65
:1056400094F8703043F0010384F87030DAE700BF5B
:1056500028CF0400B0A2040052CF040070B5044665
:1056600022F0E8F920462EF0DEFE94F87030DA07DA
:105670000DD4264A264802212EF0D3FE4FF0FF35E6
:10568000201D2EF0D7FE22F0E9F9284670BDC3F3A5
:1056900040019B0707D51F4A1D4802212EF0C1FE7D
:1056A0006FF07705ECE7A06936F09FFF0646A0692A
:1056B00037F00AF8054628B1174A154801212EF09F
:1056C000B0FEDDE7E36F4BB1314620462FF06CF8BA
:1056D0000546A0B1A06937F023F8D1E7A06936F0FC
:1056E0009BFFE0670028EFD10C4A094801212EF00A
:1056F00098FEA06937F014F86FF00B05C0E794F836
:10570000703043F0020384F87030B9E775CF0400BD
:10571000B0A204009BCF0400C1CF0400DDCF040081
:1057200038B580210446806936F099FF054678B186
:105730000146204601F0CCFA044638B10648074A33
:1057400001212EF08FFF2846FFF79CFD204638BD33
:105750006FF00B04FAE700BF90A204000CD0040025
:1057600038B50446C06F2EF08FFD05462EF058FD6B
:105770002046294601F0ACFA044638B10448054AEF
:1057800001212EF06FFF2846FFF77CFD204638BD33
:1057900090A204002FD004002DE9F04F95B002AF85
:1057A00000237B610B7E33F0800504468846164655
:1057B0000BD0B24AB24801212EF054FF6FF004051D
:1057C00028464C37BD46BDE8F08F8AB10846FFF742
:1057D00059FD98F81930DA0705D49E07F0D598F8E6
:1057E0001830002BECD12046FFF7BAFF00F095BC33
:1057F0004A7E00F12C09900705D5802B09D140463F
:10580000FFF740FDDCE7910700F0C784002B40F074
:10581000C484D3072AD5B8F81030082B13D1D8F890
:105820000C201368E3625368C9F804304146002035
:105830002EF054FD7861D8B19148924A01212EF0A2
:1058400011FF786905E08E488F4A01212EF00AFF8A
:105850004046FFF717FD48462EF0FEFE0346A069BE
:10586000002B00F0D584802100F0DBBCC7F8148049
:10587000FFF746FA94F82C50844A002315F0600F85
:105880008350C5F3411375D0032B40F006846FF0AD
:105890008505FFF735FA7D4B1B58002B41D0002DB5
:1058A00042D139F041FD4FF47A72A0FB020302FBB2
:1058B0000131C30B43EA41437549BFF35B8F08686D
:1058C000BFF35B8F41F287321E1A9642714A40F253
:1058D000EC83BFF35B8F51E8006F864204D141E84F
:1058E000003CBCF1000FF6D1BFF35B8F40F0DD83CD
:1058F000BFF35B8F52E8003F42E800510029F9D125
:10590000BFF35B8F23B1644A5D4802212EF0DCF9BE
:10591000624A5B4802212EF0A5FEFFF7F1F95B4BCE
:105920001D58002D00F0D8835D4A554803212EF004
:1059300099FE6E4688B002AA5A4B53615A4B936146
:105940004FF400739383594B42F8103F58494C4829
:105950004B46FEF725F815F1860FB54640F0B183AA
:10596000544A474803212EF07DFE786900287FF4D1
:1059700070AF70E748462EF06FFE94F82D30002887
:1059800040F05181013B0A2B81D801A252F823F04B
:10599000315B00008F580000A15B00008F580000B1
:1059A000BD5900008F5800008F5800008F5800002C
:1059B0002B5A00008F580000E75A0000A069E18DC3
:1059C00003697F2993F880303FF661AF228E002A69
:1059D0007FF45DAF628E002A7FF459AFEE067FF44C
:1059E00056AF94F83420022A02D14FF0FF3550E729
:1059F0001D070BD5C9B22EF06AFE054648B1E38DEE
:105A00002D4A1F4801212EF05FF942E7012384F857
:105A10003D3094F83430012B05D1E38D1BB984F867
:105A20003430002535E70123F9E720462EF004FD48
:105A3000E28DFF2A01463FF62AAF638E002B7FF4EA
:105A400026AF94F82C30D8067FF421AF94F8343088
:105A5000002BCAD0A2BBE18D94F83C308B42E0D041
:105A6000C9B2204600F00CFFE38D054678B3134A17
:105A70000090012102482EF031F90AE74ED00400CF
:105A800090A2040086D004006FD004000C00000037
:105A9000C47C0020C07C00205BD104006FD10400D6
:105AA00098D1040027DB0400A8D104000300000102
:105AB000C01C800071F10400A8D00400CAD004000A
:105AC000D2B220462EF0AFFE0028C4D18DE7002BC5
:105AD00014BF0222012284F8342005211A462046F0
:105AE0002EF0FDFF9DE705F01F05012D7FF4CFAEE1
:105AF000638E002B7FF4CBAEE28DFF2A3FF6C7AE5C
:105B0000218EFF293FF6C3AE94F83430022B7FF488
:105B10006CAFC9B2D2B220462EF035FF811C0546CB
:105B20007FF4B7AEA54AA64803212EF09BFDB0E650
:105B3000638E268E002B7FF4AAAE94F83430002BAF
:105B40003FF453AF012B02D1002E7FF44EAF15F07E
:105B50001F0517D0022D7FF464AFB4F82EA0BAF160
:105B6000000F7FF45EAFF6B23146204601F018F91F
:105B7000421C05463FF48DAE5246314620462EF07B
:105B800073FD86E6002E7FF430AFE38D012B7FF4AA
:105B900048AF94F8703066F3C30384F8703040E780
:105BA000238E628EDEB2002A7FF471AEE28D022A6D
:105BB00011D105F01F0535434FEA13217FF467AE7D
:105BC000A06901222EF060FD00287FF460AE012361
:105BD00084F83D3025E794F8341000293FF405AFF0
:105BE000012902D1002B7FF400AF15F01F050FD063
:105BF000022D7FF416AF002A7FF413AF3146204602
:105C000001F0ACF8431C05463FF443AE0122B4E773
:105C1000002B7FF4EAAE012A7FF403AF94F87030D2
:105C200043F00803B9E70A2B64D8DFE813F00B0050
:105C3000630063006300630063003A0063000102D5
:105C400063001602638E022B54D194F83430002B7B
:105C500050D0012B218E01D100294BD115F01F0509
:105C60000ED0022D17D00026022120462EF008FF6C
:105C7000054618B131460C302EF05EFB7D61D0E652
:105C8000002937D194F870309E0806F00206C3F35D
:105C900000131E43E8E7C9B220462EF015FF064662
:105CA000E2E7E68DED064FEA1621F6B208D00023B2
:105CB00007F128012046BB622EF025FDBD6ADDE715
:105CC00001390E2916D8DFE811F00F003300A100CA
:105CD000150015009D009D0015001500150015000C
:105CE000150015001500400120462EF0A5FB18B147
:105CF00001281AD00025C1E7D4F874A0BAF1000F2A
:105D0000F8D0668E9AF800309E4228BF1E46314673
:105D100020462EF0B5FE05460028AFD0324651464B
:105D200005F10C002EF0F7FAA8E7D4F878A0E5E723
:105D300020462EF081FB751CF8600146EAB2204631
:105D40002EF049FD064630B91E4A1D482B4601215A
:105D50002DF0BAFFCEE7D0F804A0618EBAF8022089
:105D6000914228BF114620462EF08AFE05460028A3
:105D7000C0D0018A428A00F10C0B521AC1684069F6
:105D8000091A521A9AF800108A4228BF0A46584641
:105D900051462EF0C0FAF6684EB9298A638E9942B0
:105DA0007FF66CAFC91A58462EF0D0FA66E77068D5
:105DB0008268126B42B93668EEE700BFEDD004008E
:105DC00090A2040013D10400F96890470028F2D093
:105DD000A0F1040A5AF8041F0029ECD00B78002B1C
:105DE000E9D06A8A288AA2EB000C6A69E868801AFE
:105DF000ACEB000293428CBF92B21A4658462EF08A
:105E00008AFAE7E720462EF017FB73E732460321B4
:105E100020462EF07FFB824600283FF46BAF2EF029
:105E200016FC658E9AF81530C0B99AF8146087F898
:105E3000286087F82930DAF81030AE4228BF2E46A5
:105E40001B887B85314620462EF01AFE0546002829
:105E50003FF450AF324607F1280161E7BA4A7B743C
:105E6000DAF808301A40B94B4FF0000B9A4287F825
:105E700010B05AD1102107F1180037F03DF8061E76
:105E80003ADB07F12802102EB14807F118019246BB
:105E900028BF1026B34502F1020236D3B6000236FF
:105EA000F6B23E74AE4228BF2E46314620462EF052
:105EB000E7FD054600283FF41DAF022EB34600F172
:105EC0000C0328BF4FF0020B5A46A6EB0B061846F0
:105ED00007F11001FB60D3462EF01DFA73080AEBA0
:105EE0005602934527D1F0077FF5C8AE1AF8031084
:105EF000F8682EF019FAC1E658367FF4FBAE954AE1
:105F0000954801212EF0AEFBF4E611F8013B4FEA73
:105F1000131C03F00F0310F80CC0C35C02F802CC92
:105F200002F8013C0BF1010BB4E79AF814603E74DF
:105F3000DAF810A0B6E71BF8011BF868C7E90132D0
:105F40002EF0FAF9D7E90132CBE720462EF074FAA9
:105F500020B101287FF4CEAEA36F00E0636F002B69
:105F60003FF4C8AE5B88B3F5007F7FF6C3AE7B4BD2
:105F7000BB62002387F82C30236D04F1500B9B4546
:105F800008BF00237A8D83B1597D0F2907D1197D70
:105F90000A447A8597F82C20013287F82C20626D0C
:105FA0009A4201D01B68EDE77A8D668E964228BF33
:105FB0001646314620462EF063FD054600283FF484
:105FC00099AE97F8282000F10C0AB24228BF324659
:105FD00007F1280150462EF09EF997F82830B34279
:105FE00094BFF61AB61B002E3FF448AE236D5B45F6
:105FF0003FF444AE002B3FF441AE5A7D0F2A11D13D
:106000001A7D1969FB60B24228BF324650462EF015
:1060100082F9FB681A7DB24294BFB61AB61B002EF5
:106020003FF42CAE626D9A423FF428AE1B68E1E764
:1060300094F83430002B3FF45DAE618E01297FF47B
:1060400059AE94F83C6020462EF01AFD0546002813
:106050003FF414AE31460C304BE705F01F05012D1F
:106060007FF448AE20462EF0CAFB00283FF442AE33
:10607000238E4268FF2B3FF63DAE12799A42FFF421
:1060800039AEDAB20F2A3FF635AE618E01297FF4C0
:1060900031AE234493F83E60D5E707F11401204662
:1060A0002EF031FB0546FFF7F4BBBFF35B8F52E8E0
:1060B000003F013342E800310029F8D1BFF35B8F84
:1060C0002BE401357FF451AC94F83430244A224853
:1060D00003212DF0F9FD48E498F81930628ED907B4
:1060E00008D4EAB92046FFF71BFB00287FF4B3ABC6
:1060F000FFF779BB48462EF0AFFA0028F1D1002A0D
:10610000F0D02946A06936F096FA01467861002859
:106110003FF4A1AB204600F0DBFD0546FFF750BB86
:1061200048462EF099FA7D6918B92846FFF7AAF873
:10613000D8E7002D3FF48FAB2946204600F0C8FD7C
:1061400080B12846FFF785BB00FF02000003020074
:1061500026F9040039D1040090A20400050F0500BF
:10616000AFD10400A069036993F8801011F0040115
:106170007FF439AB36F073FA054600283FF46BAB79
:106180000146204600F0A4FD00283FF42CAB274A2E
:10619000274801212EF066FAD3E752077FF55BAB63
:1061A000002B3FF42CAB4046FFF76CF894F83D30E1
:1061B000002B3FF405AB94F82D30052B0CD1E18D6D
:1061C000A069C9B22EF083FA064628B1E38D194AB8
:1061D000174801212DF078FD94F82D30032B11D1B3
:1061E000E38D022B0ED1218EA0690D0A00222946D3
:1061F0002EF04AFA064628B10F4A0D482B460121D7
:106200002DF062FD002384F83D303546FFF7D8BA03
:10621000638E002B3FF427AB7969003918BF012149
:10622000C90136F03BF9FFF7DEBA00BFD0D1040058
:1062300090A20400A8D00400F4D104000B78062B2F
:1062400010B414D10369D3F89C20EFF311842023F8
:1062500083F31288BFF36F8F4B6800201860506A79
:1062600058B9C2E9083384F31188BFF36F8F04482B
:1062700010BC0022002338F049BC03605362F2E7EF
:10628000E410002030B589B000220023CDE90623B8
:1062900000246FF00703CDE90334CDE901441A4B24
:1062A0001A4900944FF48062194821F0A5F8194961
:1062B000174838F0C4FE184B18498B4207D3184BC7
:1062C000184900208B4210D3002009B030BD03F1E3
:1062D0001402BFF35B8F52E8000F42E80045002D27
:1062E000F9D1BFF35B8F1833E7E703F11402BFF373
:1062F0005B8F52E8004F42E80005002DF9D1BFF353
:106300005B8F1833DEE700BF8163000058C80020B0
:10631000E81A00201BD20400F41400200C15002001
:106320000C1500200C15002038B50D462EF067FA2C
:1063300030B9114A1148BDE8384001212DF0BBBCED
:10634000C46804B938BD2B78032B05D0052B0ED0BB
:10635000022B08D02468F4E7606883685B69002B2F
:10636000F8D09847F6E7606883689B69F7E760684C
:106370008368DB69F3E700BF20D20400A0A2040019
:106380002DE9FF4120274FF0FF336B484FF0FF32DC
:1063900001A920F0ABFA039B1B69D3F89C40236A48
:1063A00093B1EFF3118287F31288BFF36F8F216AE5
:1063B00029B1606A0B682362814208BF636282F37D
:1063C0001188BFF36F8FC9B99DF80430062BDAD05E
:1063D000072BD8D801A252F823F000BF2164000097
:1063E0001564000049640000276400007D6400001B
:1063F0006B64000087630000296500000B7ED1F804
:106400001E205D06204602D1FFF7C6F9C7E72EF031
:1064100048FAC4E70022012120462EF060FBB2E7D3
:1064200000221146F8E794F8703043F0040384F832
:10643000703094F83430022B03D101A92046FFF7C5
:1064400073FF00220321E7E794F8703023F0040380
:1064500084F8703094F83430022B03D101A920461F
:10646000FFF762FF00220221D6E794F83430022BB6
:1064700089D101A92046FFF757FF84E794F87030CF
:10648000A66923F0040384F87030D6F808803369D5
:10649000BFF35B8FD3F8A030BFF35B8F9A071ED595
:1064A000D8F83C3030469847D8F8243000213046A0
:1064B0009847D8F8403005463046984795B11F4A6E
:1064C0001F4801212DF0F7FB0022042120462EF069
:1064D00006FB002D3FF457AF2A4607219CE74FF0FB
:1064E000FF35ECE72946204600F0CAF9054608B119
:1064F000144AE5E7A06936F0D1F80346124A10487D
:1065000003212DF0E1FBA06936F0C8F8831E584244
:10651000584194F8703084F8345023F0680343EA0B
:10652000401384F87030CFE7084A054801212DF068
:10653000C2FB029A06216FE7E41000204FD204004C
:10654000A0A204007DD20400A9D20400C0D204009D
:1065500038B502460C490546806936F005F904460F
:1065600030B10A4A0A4801212DF0A5FB204638BD6A
:1065700085F83C00284600F04FF804460028F5D086
:10658000A86936F024F9F1E73D620000D0D204009A
:10659000A0A20400F8B501231D460C68002C35D0DC
:1065A00063F07F02D6B202F07F02103224FA02F7C3
:1065B000FF0716D5046824FA02F7FF0708D433460C
:1065C0001348144A01212DF07FFB6FF01500F8BD30
:1065D00005FA02F224EA020404600C6824EA0204C8
:1065E0000C60DC40E6070ED5026822FA03F4E407EB
:1065F00000D4E5E705FA03F422EA040202600A681F
:1066000022EA04020A600133102BC6D10020DEE723
:10661000C8A20400F7D204002DE9F04F8369426F4D
:106620001B6993F88030C3F34113022B8FB083466C
:106630000ED0032B0ED0012B0CBF10230823D371D7
:10664000DBF858800027B8F1000F05D14446DDE0A3
:106650002023F4E74023F2E7D8F80430D8F80C50B0
:1066600002930C970497BDB9049B029A09339BB21D
:1066700093701B0AD37017715388764A009376483B
:106680003B4603212DF02AFBD8F80C40002C40F0AB
:10669000D380D8F80080D5E7686883681B6B002436
:1066A0000D94002B00F0B98021469847002800F097
:1066B000B480C5E90344031F03933E46039A52F88E
:1066C000043F03920BB11A789AB9BE4240F2A280FD
:1066D000EB680D9A1343EB60686883689B6A002B34
:1066E00000F09D8098470446002800F09B805B4A9C
:1066F00080E05A780B2A08BF9E70039B1B685A786B
:10670000042A10D1EA680D990A43EA60DA78002A6F
:1067100060D19E702B690122B240134301362B6178
:10672000F6B200230D93039BD3F8009099F8013043
:10673000052BC3D1DBF8183008936FF012044FF02B
:10674000010A99F8052099F8043043EA0223ADF8CC
:106750002E300C9B069399F90230069A002B5FFAB3
:106760008AF1BBBF41F080014BB24FFA8AF3079325
:10677000B9BF21F08003103307935346DA40D207A4
:106780002FD40D9A059222FA03F3DB0729D499F846
:10679000063099F80320089800930DF12E03099113
:1067A00035F0F1FD09990446D8B9079B89F8021024
:1067B000002BBCBF21F08001103101238B400698D3
:1067C0000599BDF82E20A9F8042019431843CDE9F6
:1067D0000C0173E7721E9A700DA90CA8FFF7DAFE80
:1067E0009FE70AF1010ABAF1100FAAD1002C3FF479
:1067F00065AF1B4A184801212DF05DFAD8F8043026
:106800005B79184A144801212DF05EFA20460FB03A
:10681000BDE8F08F6FF01504EBE73E465CE76FF0E4
:10682000850464E7014668682EF00BF8049B2D6828
:1068300003440493374616E7E368A36004F10C01B0
:106840000CA8FFF7A7FE08B924681FE76FF015042E
:10685000D4E700BF5CD30400C8A2040038D304000E
:1068600014D304007ED3040008B5034A034803216F
:106870002DF0A6FF002008BDABD3040088A20400C1
:106880002DE9F04105460E462DF0D6FD95F83C3039
:1068900080463BB328462DF0B2FF0746F8B10146CB
:1068A00028462EF01EF810220446002105F13E0075
:1068B00043F00FF9002385F83C30FF6847B98CB1ED
:1068C000194A1A4801212DF07BFF2046BDE8F081CE
:1068D000786883685B6A03B198473F68EEE76FF0BA
:1068E0003C04EDE71EB985F83C600024EDE7324634
:1068F000414628462DF06FFF074690B102462846D4
:106900002EF019F804460028DFD185F83C60FC68B9
:10691000002CEAD0606883681B6A03B1984724683A
:10692000F6E76FF03C04D0E7D1D3040088A204005E
:10693000F8B504460E46576815462DF043FF94F807
:106940007030D9070BD53A4A3A4801212DF038FF6B
:106950006FF00F06201D2DF03CFF3046F8BD012ED4
:1069600007D1354A334801212DF02AFF6FF0850603
:10697000F0E7FB799A0607D5A3691B6993F8803085
:106980009B0701D42D4AEDE7C6B9236E53B9A26D1A
:10699000B2B9636F6A685B7C0133DBB25371626FBB
:1069A00053741FE09D4207D1254A224801212DF052
:1069B00007FF6FF01506CDE71B68E7E7214AD1E72F
:1069C000954222D12A68D3B9E36DA2659D4200D1D8
:1069D000E26500232B606B685B791B4A1548022136
:1069E0002DF072F9A968B9B120462DF0ADFD06462B
:1069F00070B1164A0F4801212DF0E2FEAAE71A6095
:106A0000E26D954208BFE365E3E713461268BFE70E
:106A1000A8682DF01CFEB87100232B60E36D1BB934
:106A2000C4E91655002695E71D60E565FAE700BF45
:106A30002ED4040088A2040050D40400EFD3040034
:106A40007ED404009BD40400BBD40400D8D404003A
:106A500080B500AF88B06A46094BCDE905304FF4E8
:106A60000073ADF81C30074B42F8103F0648002376
:106A70004FF4E251FCF794FF0020BD4680BD00BFFB
:106A80000FD504000300000198A2040070B505466C
:106A900081B12846FFF7DCFF0024204670BD636803
:106AA00028461968F9F796FB0028F6D01834B44246
:106AB000F5D3EEE7014C024EF9E700BFF4140020D5
:106AC0000C15002070B501F07F0311F0800F18BF86
:106AD000103301259D4090F83430022B044606D037
:106AE0000C4A0D4801212DF0E6F8002070BD90F809
:106AF0003C602DF0A1FC3246014620462DF06BFE95
:106B00000028F2D0C0680028EFD083681D42EDD184
:106B10000068F8E72DD5040098A204002DE9F84399
:106B200005460846114616461F46FFF7AFFF0446C6
:106B300000284AD028462DF07DFE95F87030DA07FF
:106B400002D5234A01210CE0D4F8048004F1140991
:106B5000BFF35B8F6369BFF35B8FDB070CD51D4A07
:106B600002211D482DF0A7F86FF00F04281D1FF01B
:106B700093FF2046BDE8F883D8F804301BB1AB4240
:106B800001D0164ADEE73A46314628462DF023FE6C
:106B9000C0B10023236003698BB9C0E90344BFF38C
:106BA0005B8F59E8003F43F0010349E80032002AB7
:106BB000F7D1BFF35B8F0024C8F80450D6E71C6000
:106BC0000461ECE76FF03C04D0E76FF01204D0E70B
:106BD0002ED4040052D5040098A2040074D50400F9
:106BE0002DE9F04F83B000AF4C687B6097F83030F0
:106BF0003B600E46814690462DF01EFCA3681B6B41
:106C0000014633B96FF0150420460C37BD46BDE888
:106C1000F08F204698470028F4D0051F002306F186
:106C20000C0A55F8041F09B10A781AB9BBB96FF0FC
:106C30003C04E9E74A78042A13D183B98A78786852
:106C40008242EED1CA7838688242EAD10B790BB120
:106C50000123E6E71B4A1C4803212DF02CF80024F1
:106C6000D2E7052ADDD1002BDBD0B8F1010F91F876
:106C700002B009D0B8F1020FEAD1D9F81800524693
:106C800059462DF0E7FE04E0D9F8180052462DF0E1
:106C9000C5FE04460028DBD06D468AB0F3686A461C
:106CA0000A490990CDE907B30623CDE9051842F852
:106CB000103F054800234FF44151FCF771FEAD46EB
:106CC000A2E700BFB4D50400C0A20400D1D50400DF
:106CD0002DE9F0410B7E0C465906054637D16BB3C2
:106CE0002DF0D3FB40B11B481B4A01212CF0E3FFE0
:106CF0004FF0FF30BDE8F0812846D5F87480268A31
:106D00006F8E2DF099FBF8B1421E534253419B0107
:106D1000228A9AB1BE42698E324628BF3A469142D3
:106D20000CD9B2FBF3F103FB11223AB994F91830F4
:106D3000002BBEBF637E43F008036376A86921463B
:106D4000BDE8F04135F00ABC98F80730E0E76FF095
:106D50001500CFE7B8A204000DD6040070B50646B2
:106D600080690C4635F09AFB054638B10A4A0B4853
:106D7000234602212CF0A8FF284670BD14F0800F96
:106D800018BF24F08004B36B4FF0010218BF103419
:106D9000A2401A43B263EFE721D60400B8A2040070
:106DA00070B5054680690E4635F0A4FB044638B13F
:106DB000064A0748334602212CF086FF204670BD64
:106DC000314605F138002DF01AFEF7E738D60400F9
:106DD000B8A2040070B50646EFF31181202383F3B7
:106DE0001288BFF36F8F1B4D2A6881F31188BFF3A0
:106DF0006F8F526892F87020D20705D4BDE87040BA
:106E00002122002320F0AAB9EFF3118283F3128824
:106E1000BFF36F8F2C682CB1696823682B608C429C
:106E200008BF6B6082F31188BFF36F8F44B1606855
:106E300004F10801C36998470748214637F016FE58
:106E40002B6833B130460022BDE87040002320F0AB
:106E50004DB970BDC87C0020E00F002030B585B072
:106E6000CDE90012054600221448002303A91FF0B3
:106E7000A3FC0246E8B9039BDDE900015D6008332D
:106E800083E80300EFF31180202383F31288BFF31C
:106E90006F8F039B1A600A4A516861B9C2E90033D7
:106EA00080F31188BFF36F8F06480022002320F083
:106EB0001DF905B030BD0B605360F1E7E00F002015
:106EC000C87C00200000002073B504698DF807100D
:106ED0002025EFF3118685F31288BFF36F8F01220F
:106EE000206C0DF107012CF0E5FA86F31188BFF351
:106EF0006F8F012810D038F09CF8B8B10F4BBFF35A
:106F00005B8F012253E8001F002903D143E80020D2
:106F10000028F7D1BFF35B8F237F2BB12122002301
:106F200004F1480020F0E2F802B070BDA37E002B0F
:106F3000E4D00021212038F084F9CAE7D07C002079
:106F400038B505690E492B6C0024C3E90144DC60A7
:106F5000AB6B05F14800C3E90144DC6038F013F87D
:106F600005F17800074937F0B2FF074905F128001D
:106F700037F0ADFF28462DF0D3FD204638BD00BFC9
:106F8000834D0300F95003004B50030070B50B789C
:106F900092B006460C4607AD032B31D8DFE803F06C
:106FA000022A2C2E19492846F9F71EF9059563780F
:106FB0000493A3780393E37802932379019363798D
:106FC0000093A379124A1E210AA82AF0A1FF10AD4E
:106FD0000AAB32461C4603CCAC42106051602346DB
:106FE00002F10802F6D120681060A3889380304631
:106FF00012B070BD0749D6E70749D4E70749D2E781
:10700000074A0A2128462AF083FFCFE770D60400FA
:1070100092D6040077D604007ED6040088D60400F9
:1070200075E604000E4B402970B528BF40210D4C79
:1070300046181D46B04203F1020304D1002305F8AF
:107040001130074870BD02781209A25C03F8022CC7
:1070500010F8012B02F00F02A25C03F8012CE9E703
:107060009DAA002051F9040010B586B0094B0A48CA
:1070700003930024CDE9044437F07FFF03AB009372
:10708000064905480A234FF4A3621FF0C5FF2046B6
:1070900006B010BDB5D60400701B002058CC0020EF
:1070A000014601481FF0F8BF701B002030B503787F
:1070B000012B11D0022B21D06BB9154B0A4603F1DD
:1070C000100453F8045B42F8045BA342F9D14388EF
:1070D0001A0A8A70CB7030BD0D4B0A4603F11004BA
:1070E00053F8045B42F8045BA342F9D143681A0CDD
:1070F000180E4A700870C3F30722EAE700F1100384
:10710000013913F8012901F8012F9842F9D1E2E77A
:1071100062F9040010B52EF029F937F08AFF044611
:1071200008B920F087FCBFF35B8F064B1B68BFF3E9
:107130005B8F0BB10A2098471CB9BDE8104020F0C6
:107140008DBC10BDD47C002038B5044608482DF015
:107150006CF8054648B1631EDBB21F2B96BF054A8B
:107160000021D15C0C302DF0DFF8284638BD00BF7F
:107170000413002072F904000F2810B50CD80D2854
:107180000CD90A482DF051F8044618B104210C30EE
:107190002DF0CAF8204610BD1328F2D009B10448DA
:1071A000F0E7BDE810400220FFF7CEBF64130020D7
:1071B00074120020C3681B78024A034802212EF093
:1071C00045B900BFCDD6040090A1040010B586B02B
:1071D00003AB002400930749074805944FF0FF33A1
:1071E0004FF48062CDE903441FF016FF204606B03D
:1071F00010BD00BF70D10020181C002038B5C56834
:107200002B7893B9B5F801400F21204602F0D4FB4A
:10721000EB78054650B90A4A118831B96FEA045033
:107220006FEA10501080074A137038BD4372012175
:1072300002F0E0FA2846BDE8384002F085BA00BF07
:1072400068A900201EAB002070B5C3681D78BDB9C9
:10725000B3F801600F21304602F0AEFB044638B9A6
:10726000084A094833460121BDE870402EF0EEB8C7
:10727000294602F0BFFA2046BDE8704002F064BA29
:1072800070BD00BFF5D6040090A1040010B5C3681E
:10729000B3F801400121204602F08EFB38B9064ABE
:1072A000064823460121BDE810402EF0CFB8BDE8C6
:1072B000104002F049BA00BF1BD7040090A104009F
:1072C00010B501210C302DF061F80378034A044811
:1072D000BDE8104001212EF0B9B800BF3FD704002F
:1072E00090A10400014610B508482CF0A2FF0849FF
:1072F000084837F017FE031E06DA074A0748BDE8BC
:10730000104001212EF0A2B810BD00BF24020020C1
:1073100058050020C01C002061D7040090A1040083
:1073200010B5084C0146062294F86E0002F05CFE8F
:1073300038B994F86E000449BDE81040052202F007
:1073400053BE10BDD800002037F90400024A03489C
:1073500001212EF079B800BF7ED7040090A104006F
:10736000B0B50B460D8A00AF04462946D868FFF732
:1073700059FE8AB06A46094BCDE9053440F2024312
:10738000ADF82430064BCDE907504FF4325142F8A6
:10739000103F04482EF06BF8BD46B0BD98D70400EE
:1073A0000500000190A1040070B5C568B5F8016042
:1073B0000121304602F000FB044638B90D4A0E4860
:1073C00033460121BDE870402EF040B82B783BB920
:1073D000D5F80330C0F89930D5F80730C0F89D30A3
:1073E000201D4FF480312EF033F82046BDE8704068
:1073F00002F0AAB91BD7040090A104002DE9F84FB0
:10740000D0F80C90018A99F80040A30001338B4218
:1074100000AF63D96D468AB06A463248CDE907317C
:107420000523CDE905044FF4215142F8103F2E48C1
:107430002EF01DF8AD46BD46BDE8F88F2B4A2A4810
:107440002B4601212EF002F8013699F800309E42B9
:10745000F1DA09EB86030F21B3F80150B3F803808A
:10746000284602F0A9FA04460028E7D000F1C00A35
:10747000B8F1000F06D0656945B91D4A1A480121C7
:107480002DF0E2FF204602F05FF9DDE7A2692B68EC
:107490006361954208BFA361204602F06BF81FF0BC
:1074A0007FFBC5F800B0236AABB9C4E90755BFF349
:1074B0005B8F5AE8003F013B4AE80032002AF8D1CE
:1074C000BFF35B8F0021204608F1FF3802F05EF821
:1074D0001FFA88F8CCE71D602562E8E70026B3466E
:1074E000B3E700BFBAD7040090A10400E5D70400B9
:1074F00001D8040037B502EBC303044608469A429C
:1075000002D16FF05E0010E0114611F8085BA54251
:1075100011D1038A5178994209D90848084A009440
:1075200001212CF0DBFB6FF0150003B030BD536878
:1075300098470020F9E70A46E1E700BF90A1040060
:1075400018D804002DE9F0470C4620F073FAE568DE
:107550002B78022B72D0042B07D03C4A3C480121E7
:107560002DF074FF6FF015040EE0B4F81080B8F140
:10757000020F0ED8374A4346354801212DF066FFE9
:107580002046FDF77FFE002420F068FA2046BDE883
:10759000F08768783E280CD1B8F1030F02D12E4A4B
:1075A0004346E9E7EB78012B01D00A2B46D10327AC
:1075B00004E02DF037FF0746F8073FD504F10C062D
:1075C00001213046D4F814A02CF0D8FE0221304618
:1075D0002CF0DCFE814600783E2807D1E3681B785A
:1075E000012B01D00A2B06D1032614E02DF01AFF3F
:1075F000C10706460FD4194A19491A4841F28A139D
:107600002BF05DFB002383F31188BFF36F8F0323FF
:10761000184602DF0226144A99F800000623214684
:107620002DF050FFB2070DD56369A4F81080A5EBCB
:107630000A0513FA85F5E560BB07A4D52046FFF7D8
:1076400051FEA0E72046FDF71DFEF5E7E0D8040057
:1076500090A104003AD8040056D8040076D804005B
:10766000AAD80400C3D8040044A6040010B5012120
:1076700004460C302CF08AFE2146034A0078BDE80F
:10768000104002232DF01EBF74A6040073B53E48BF
:107690002CF0E4FD0446002873D000F10C052846C8
:1076A0002CF07CFE0228034603D0042847D0374A3A
:1076B00003E0238A032B05D8354A364801212DF0F3
:1076C000C5FE13E0042128462CF060FEFF2342880B
:1076D00006882376238AC6F30B009A42608309D07A
:1076E0002C48009201212C4A2CF0F8FA2046FDF794
:1076F000C9FD12E00F2102F05FF9054610B9638B56
:10770000264ADAE702F07EF9320B20762146284637
:1077100001F092FF284602F017F8214BD3F84C31C4
:107720007BB32049204837F0FDFB031E29DA1F4AAE
:107730001848012102B0BDE870402DF087BE2846F0
:1077400002212CF023FE054600783E2812D02DF0B1
:1077500069FE10F002060DD1154A1649164840F68A
:10776000BC432BF0ACFA86F31188BFF36F8F032371
:10777000184602DF114A2878042321462DF0A2FE84
:10778000B4E702B070BD00BF2402002089D9040014
:10779000F4D8040090A1040015D9040039D90400DC
:1077A000D800002058050020C01C002061D704002C
:1077B00076D804005BD90400C3D8040084A6040072
:1077C00010B5012104460C302CF0E0FD2146034A9F
:1077D0000078BDE8104006232DF074BEA4A6040076
:1077E000F8B5012100AF04460C302CF0CFFD06782F
:1077F000114A002321463046FFF77CFE5F3019D145
:10780000258AE0682946FFF70DFC6C468AB06A4677
:107810000A4BCDE9053640F20243ADF82430084B5F
:10782000CDE907504FF4325142F8103F05482DF092
:107830001EFEA546BD46F8BDD4A604009DD9040091
:107840000500000190A104002DE9F74FDFF818A111
:10785000BFF35B8F80468946174600235AE8004FE6
:107860004AE80032002AF9D1BFF35B8F264644B9BB
:107870003E4A3F484346012103B0BDE8F04F2DF09A
:10788000E5BD2046FDF75AFC3A4D4FF00C0B0BFBC3
:107890000050438843451FD02046FDF74FFC0BFBAB
:1078A00000504388344A00933148434601212CF06C
:1078B00015FABFF35B8F5AE8003F4AE80062002ADE
:1078C000F9D1BFF35B8F002B4BD01E46304603B07F
:1078D000BDE8F04FFDF7D6BCA74208D020462CF0FB
:1078E0009FFC3A8AF96804F10C002CF014FD204644
:1078F000FDF724FC0C2707FB00504368ABB1B9F13E
:10790000000F12D12046FDF719FC07FB00500121A2
:107910004268536803F01F00814010685B0900EB68
:107920008300137ACBB12DF093FD2046FDF706FCC2
:107930000C2707FB00508368002BC7D02046FDF7BB
:10794000FDFB784305F800902046FDF7F7FB07FBA9
:107950000055A8681FF024F9B8E7C9432DF08AFD47
:10796000E3E703B0BDE8F08F20020020CFD9040088
:1079700090A10400D87C0020F7D9040073B5C56835
:10798000B5F801600121304602F016F8044640B90E
:10799000404A41483346012102B0BDE870402DF015
:1079A00055BD2B781A2B00F1040619D1C378012B91
:1079B00050D14FF4804130462DF04AFD42040FD49F
:1079C000D4F88C3000936946D4F894300193204663
:1079D00002F04EFE204602B0BDE8704001F0B4BE99
:1079E0002B78BBBBB5F803302C4940F2E24253433D
:1079F000C4F88830B5F80520A4F89020B5F8072021
:107A0000A4F89220A3F5EA520C3A8A4204D9244AF7
:107A1000214802212DF01AFDB4F89030B3F5FA7F19
:107A200004D3204A1C4802212DF010FDB4F89230F6
:107A3000A3F10A0292B240F676418A4204D91A4A68
:107A4000154802212DF002FD6FF4805130462DF0D3
:107A500011FD17E0BFF35B8F6368BFF35B8FDB043F
:107A6000F2D52B78202BEFD194F89830002BEBD067
:107A7000013B84F898304FF42032002304F1400099
:107A80001FF034FB2B78002BA4D1204602F0A0F984
:107A9000A0E700BF1BD7040090A1040095F03C00B4
:107AA0002ADA040051DA040078DA0400B0B53C2880
:107AB00000AF04461AD101F06FFA6FF480711030F4
:107AC0002DF0D8FC0020FFF72BFC054630B9124AF8
:107AD000124801212DF0B8FCBD46B0BD4472002112
:107AE00001F088FE284601F02FFEF5E76D468AB0CA
:107AF0006A460B4BCDE905300A4B079340F2013340
:107B0000ADF82030084B42F8103F04484FF41251B2
:107B10002DF0ADFCAD46DFE7A4DA040090A104002F
:107B2000C5DA0400DFC8040004000001094BBFF3FC
:107B30005B8F1A68BFF35B8F02F00B02BFF35B8FA2
:107B400053E8001F43E800200028F9D1BFF35B8F02
:107B5000704700BFAC01002010B5C1E900239DF8BB
:107B600008300B720C46FDF7E9FA034B0C2202FBBE
:107B700000335C6010BD00BFD87C0020F8B5024621
:107B80000B4610482CF051FB0446C0B104210C30C8
:107B90002CF0B0FB2046FDF7D1FA0B4D0C2707FB6C
:107BA0000050002646802046FDF7C8FA07FB00502B
:107BB00086602046FDF7C2FA07FB00556E6020463E
:107BC000F8BD00BFD4120020D87C002011289ABF35
:107BD000024B53F820000248704700BFC0A50400C4
:107BE000E1DA0400034B0146D3F870018268926821
:107BF000104700BFD80000202DE9F04F91B00421BC
:107C000000AF4A482DF024FC6D4688B06A46484BC8
:107C10000593484B06934FF40073ADF81C30464C67
:107C2000464B42F8103F4648464E4FF4E6512DF081
:107C30001EFC454BE17907F12008AD46012998BFAC
:107C40001E4640462146FFF7A1F98AB06A463F4BDF
:107C5000CDF81C80CDE905363D4B08933D4B42F8ED
:107C6000103F37483C4EDFF8F4804FF423512DF09D
:107C7000FEFBA246AD460125E3799D420AF1070AC3
:107C80003BDB94F86F100846FFF7A0FF6E468CB000
:107C9000B4F87250B4F876306A46DFF8C4C009937D
:107CA000CDE907152F4B4FF40075CDE905C0ADF8B0
:107CB0002850234842F8103F4FF453512DF0D7FB82
:107CC00094F87010B5460846FFF780FF8AB0B4F804
:107CD00074306A46244CADF82450CDE90713234B89
:107CE000CDE905404FF4335142F8103F14482DF0D0
:107CF000BEFB4437BD46BDE8F08F51463846FFF71E
:107D000045F9E9468AB06A4640F20133CDE9056596
:107D10000797ADF820300A4842F8108F4FF41351FE
:107D20002DF0A5FB0135CD46A6E700BFAC01002034
:107D3000EDDA0400FFDA0400D8000020030000019F
:107D400090A10400E9DA0400DFC804000ADB0400A3
:107D5000000201030400000219DB0400040000011A
:107D60002ADB04000600000168DB040005000001B6
:107D70000048704793BD04000149024837F0D2B86B
:107D800048050020181C002070B505460C4639B186
:107D9000CB684A699B1A032B0ED86FF0150509E0D2
:107DA0004FF0FF304FF0FF31FFF7E8FE044618B9FF
:107DB0006FF06805284670BD2046FDF7BFF9174BE8
:107DC0000C2202FB0033A618032130465D802CF004
:107DD000C4FA0580238A033B8370012130462CF0CE
:107DE000C4FA40F635439D420FD12046FFF7FAFE14
:107DF00005460028DED00A4A0346012109482DF035
:107E000025FB2046FDF73EFAD4E70748214636F029
:107E100049FF0025FFF7B0FFCCE700BFD87C00206A
:107E20008FDB040090A104002C0200202DE9F04714
:107E300086B0804600AF91460C4671B94FF0FF30D6
:107E40004FF0FF31FFF79AFE044660B96FF0680506
:107E500028461837BD46BDE8F087887AFDF766F9F1
:107E60003C4B83426FD101220021384636F083FF1C
:107E70002046FDF763F9DFF8E0A00C2303FB00A028
:107E8000876020462CF000FA01464046FFF77CFF51
:107E9000054618B12046FDF7F5F9D9E74FF4A022C1
:107EA000002338461EF0B8FE064690B140F2E313B8
:107EB0002A4A2B492B482AF002FF2B4832464146DA
:107EC0002AF0FDFE85F31188BFF36F8F0323184658
:107ED00002DF2046FDF732F90C2358431AF8006000
:107EE0005EB36D468AB06A46204B0796CDE90538E9
:107EF0001F4B089340F20243ADF824301D4B42F86B
:107F0000103F1D484FF432512DF0B1FA2046AD46D6
:107F1000093EFDF7B7F9092E0CD8DFE806F0050B8E
:107F20000B08170B0B0B0B146FF06E0590E76FF03F
:107F30000C058DE76FF004058AE7B9F1000FA9D0B1
:107F4000C9F8004084E76FF0150581E76FF00B0575
:107F50007EE700BFD4120020D87C002076D8040031
:107F6000B1DB0400C3D80400BADB0400FFDB04006B
:107F7000DFC804000500000190A104002DE9F04FC6
:107F80008DB05E4BB0F80190198849F4704291426F
:107F90004FF0000602BF1E80594B1E78C378012B9C
:107FA00008BF584B00F1040A00AF054650460CBF0D
:107FB00093F86E4000242DF0D5F907F108085146DA
:107FC00080B340462DF0C3F9D5F81130C7F8013021
:107FD000B5F81530A7F805304FF0010BEB78012B01
:107FE00037D007F1100451462046FEF7CFFF6D460B
:107FF00088B06A46444B4548CDE905344FF40073D8
:10800000ADF81C30424B42F8103F4FF4E2512DF0D6
:108010002EFA1321AD4648462DF086FA3437BD4678
:10802000BDE8F08F20462DF008FB03460068B860DD
:108030009A889B796868A8F8042088F80630BAF80E
:1080400004209AF8063095F804B03860BA80BB7105
:10805000C4E74046FFF764F904460028C1D0034650
:10806000B5F8012023F8702BB86898F80620B8F806
:10807000041020679A719980B5F8173040F2E242F7
:108080005343C4F88830B5F81930A4F89030B5F8E7
:108090001B30A4F89230EB78E3700022012B62725F
:1080A0001AD187F800B0BA88BB793868A4F87B2069
:1080B00084F87D30C4F8770000F06EFF237A114910
:1080C000C3EBC3035A18CB58C4F87E309388A4F886
:1080D0008230937984F884300721204601F08AFBAE
:1080E00026B166720121204601F084FB204601F092
:1080F000C5FC204601F028FB90E700BF68A90020DE
:108100001EAB0020D80000201EDC040090A104005B
:108110000300000100B5C368187889B020B109B028
:108120005DF804EBFFF7C2BCB3F80120ADF8012005
:10813000DA788DF800008DF80320B3F80B20ADF845
:108140001720B3F80D20ADF81920B3F80F20ADF8C3
:108150001B205A7C8DF81D20586801901A899B7A43
:108160008DF80A30094BADF8082068461A689B88DC
:10817000CDF80B20ADF80F30CDF81120ADF815304B
:10818000FFF7FCFE09B05DF804FB00BF4BF90400EB
:10819000F0B5002285B0114602AF40F60340FFF76C
:1081A00045FE044600285BD1FFF7C0FC21463A1D7E
:1081B00041F20300FFF73AFE0446002850D17A68E6
:1081C000B14DD168D1F80100D1F8051005F178035F
:1081D00003C31046FDF756F821463A1D41F201004F
:1081E000FFF724FE044600283AD17868C3685A781D
:1081F00085F86F205A88A5F872201A7985F87020C2
:10820000B3F80720A5F87420B3F80530A5F8763048
:10821000FDF738F821463A1D41F20200FFF706FE4D
:108220000446E8B9D7F804C0DCF80C2005F1800654
:10823000531C413218685968344603C408339342CA
:108240002646F7D16046FDF71DF895F87C305E06AE
:108250000AD48E4A8E4801212DF0F6F86FF01204F0
:1082600020460C37BD46F0BD3A1D002142F2030006
:10827000FFF7DCFD04460028F2D17A68854BD1680F
:10828000D1F80100D1F8051003C31046FCF7FAFF3E
:1082900021463A1D42F20200FFF7C8FD04460028BD
:1082A000DED17E68F468B4F801309AB292B1E27817
:1082B00082B1A5F80431E378032B06D003220092A3
:1082C0007348754A02212BF009FDE2787348114684
:1082D00036F051FD3046FCF7D5FF95F87C601F2342
:1082E00016F02006A5F8203119D14FF0FF304FF0DD
:1082F000FF31FFF743FC0446002800F072810221A1
:108300000C302CF002F801230370467021463246EF
:1083100040F66D40FFF78AFD04460028A0D195F88D
:108320009C301C0712D53A1D002142F21C00FFF7B9
:108330007DFD0446002893D17868C368D3F80120F6
:10834000D3F80530C5E93823FCF79CFF4FF0FF3028
:108350004FF0FF31FFF712FC0446002800F0418186
:1083600008210C302BF0D1FF95F8D83095F8D920A2
:1083700013F0020F14BF2F230F2312F0090F18BFA1
:1083800043F40063002203701B0A43708270C270C2
:10839000027142718271C271214642F20100FFF7FF
:1083A00045FD044600287FF45BAF95F87C30B5F8B6
:1083B000041198065DD4C9B93A1D41F20500FFF7D2
:1083C00035FD044600287FF44BAFB5F804317C68D6
:1083D0004BB9E368B3F80120A5F804219A882F4827
:1083E000114636F0C8FC2046FCF74CFF4FF0FF303A
:1083F0004FF0FF31FFF7C2FB0446002800F0F18088
:1084000008210C302BF081FF1023037088230022F9
:108410004370022620238270C670027142718271FD
:10842000C371214640F60140FFF700FD04460028D5
:108430007FF416AF01463A1D4FF60140FFF7F6FCF8
:1084400090B3174A124802212CF0FEFFEB79002B63
:1084500040F0B78000F0E6FC044600287FF400AF4F
:1084600001F002FF044600287FF4FAAEFFF7C4FBD8
:10847000F6E60029BAD10B4A054801212CF0E4FFA9
:108480006FF00404ECE600BFD80000203ADC0400E2
:1084900090A10400B00100205EDC0400E001002097
:1084A000C7DC0400A4DC04007B68DC68B4F801309D
:1084B000042B96BF584A594952F823106E468AB089
:1084C00002AA5748D3614FF400731384554BC2E995
:1084D000050142F8103F54484FF413512CF0C7FFE8
:1084E000B4F80120B4F80330022AB54649D1052B6F
:1084F00047D84E4A52F823106E468AB002AA4C481A
:10850000D3614FF400731384464BC2E9050142F86E
:10851000103F4FF4135144482CF0A9FF637994F8AD
:1085200006C0D4F80900032BB54698BF414AB4F8F9
:10853000076094BF52F8231038496C468CB002AAE9
:10854000DFF8F4E0C2E9073C4FF4007393853B4B3E
:10855000C2E905E1C2E909604FF4735142F8103FE6
:1085600031482CF084FFA5467868FCF78BFE3A1D55
:1085700000214FF60240FFF759FC044618B1304A7B
:1085800060E72649B8E77868C368B3F80130A5F812
:10859000C130FCF777FE95F8C1305A077FF556AF2A
:1085A0003A1D21464FF60340FFF740FC08B1254A2B
:1085B00048E77868C3685B7885F8C030FCF762FEEE
:1085C00044E72E78002E7FF445AF95F8C1309B0626
:1085D0001FD54FF0FF304FF0FF31FFF7CFFA0446C1
:1085E00010B96FF068043BE606210C302BF08DFECD
:1085F000D5F801300360144B9B88838021463246B6
:108600004FF60640FFF712FC044600283FF422AF65
:1086100026E66FF0850423E630A60400E1DA0400C4
:10862000EBDC04000400000190A1040018A6040083
:1086300004DD040008A604001CDD0400070000019E
:1086400049DD040072DD0400D900002010B5FFF7F9
:108650009FFD034B1B6813B1BDE81040184710BDC8
:10866000F07C00202DE9F341314D0646D5F870012C
:1086700036F05FF950B92F4A2F4801212CF0E4FE63
:108680006FF01204204602B0BDE8F0816FF00201E5
:1086900005F1D4002CF0EEFE01212CF0D9FE10EAF9
:1086A000010442D1254B1E600A4605F5987036F04C
:1086B00062FB234F05F5AA7036F0B4FA384636F05F
:1086C0005CFC38461F4900946FF007034FF4966234
:1086D0001EF0A2FCD7F888001B4936F0B0FCD5F894
:1086E00070010769D7F80080B8F1000F15D1174B5A
:1086F0003B6083681B689847044628B986B902B076
:10870000BDE8F041FFF744BDC7F80080104A0A48B1
:10871000234601212CF09AFEB4E76FF07704F5E7C9
:1087200005F1C4001EF072FCACE76FF07704A9E716
:10873000D80000209BDD040090A10400F07C002004
:10874000C01C002070D50020B3DD0400457500007A
:10875000BCDD040073B5C368D9789A781E8842EAF4
:108760000122ADF8002059791A7942EA0122ADF8C8
:108770000220D9799A7942EA0122ADF804201A7AC6
:108780005B7AB4B242EA032301212046ADF80630F9
:1087900001F012F9054658B91D481E4A0121234629
:1087A0002CF054FE022120462CF0FDFE02B070BDDC
:1087B000694601F05FFB38B91E2120462CF0F3FE1C
:1087C000284600F0C1FFF1E74FF0FF304FF0FF31D6
:1087D000FFF7D4F904460028F2D00E210C302BF01C
:1087E00094FD00230680C0F80A30BDF800304380B5
:1087F000BDF802308380BDF80430C380BDF8063078
:108800000381214642F22000FFF7BEFAD8E700BFFD
:1088100090A104001BD7040038B5042104460C3095
:108820002BF0B4FD034640885D7818B119782246D4
:10883000FFF70AF835B104481EF0B2F9BDE8384038
:10884000FFF79ABA38BD00BF08020020B0B5032177
:10885000044600AF0C302BF099FDE2680346B0F8F7
:108860000100117840F63542904216D16C468AB02C
:108870006A46104B1048CDE90531104B079340F282
:108880000133ADF820300E4B42F8103F4FF4125137
:108890002CF0EDFDA546BD46B0BD1D7810B12246B9
:1088A000FEF7D2FF002DF6D006481EF079F9FFF74B
:1088B00063FAF0E7D8DD040090A10400DFC80400EB
:1088C000040000010802002038B51FF0B3F8334D52
:1088D000D5F85431002B5ED00022002305F59870A6
:1088E0001EF09AF9002856D10022002305F5AA703F
:1088F0001EF022F9044668B9294A2A492A4840F656
:10890000CC432AF0DCF984F31188BFF36F8F032383
:10891000184602DFD5F848319BB1244A244801218A
:108920002CF092FDBFF35B8F224B002253E8000F27
:1089300043E800210029F9D1BFF35B8F08B1FCF7B0
:10894000A1FC20462BF0A0FCC5F848012046FFF70B
:1089500049F90346C8B1184A154801212CF076FDA3
:1089600016481EF01DF92046FCF7E8FB144B0C22BC
:1089700002FB0033588818B122461F21FEF764FF1E
:108980002046FCF77FFCFFF7F7F9FFF7F5F9BDE8A4
:1089900038401FF063B801F081F8F8E7D8000020F4
:1089A00076D80400C1D60400C3D8040010DE040049
:1089B00090A10400200200208FDB040008020020A8
:1089C000D87C002070B54FF0FF320D464FF0FF33DA
:1089D00000210646FEF7D0FB044660B90A4A0B495F
:1089E0000B481A232AF06BF984F31188BFF36F8FB9
:1089F0000323184602DF022104F10C002BF085FC52
:108A000006704570204670BD50DF0400C1D60400DA
:108A1000C3D80400F8B50A4DEF7906460024E3B246
:108A20009F4202D86FF0010007E0294630462CF043
:108A3000FAFD0735631C08B12046F8BD1C46EEE779
:108A4000D800002070B5174E06223146054641F089
:108A500058F810B34FF0FF304FF0FF31FFF78EF8AA
:108A60000446E0B1062229460C302BF054FC214686
:108A7000002242F20500FFF7D9F9044648B110F18F
:108A80000D0F04D1084A094802212CF0D4FD2046DC
:108A900070BD28683060AB88B3800024F7E76FF0C2
:108AA0006804F4E74001002086DF040098A1040078
:108AB00073B504460D4689B1174928462CF0B3FD1D
:108AC00060B9164A2968C4EBC404A3181151AA88D6
:108AD0009A80AA799A71002002B070BD6E46304625
:108AE0002CF027FC0028F7D13046FFF793FF002831
:108AF000F5DA0A4A0098B179C4EBC404A3181051FE
:108B0000B08898809971002DE5D012592A609A8812
:108B1000AA809B79AB71DEE73EF90400D800002003
:108B200070B5044629BB38B327492CF07CFD18BB2F
:108B30002046FFF76FFF002840DA23786BB9234AFD
:108B4000D379002B3AD120681060A179A088917167
:108B500001219080D171184670BD012B04D1A379F9
:108B600003F0C003C02B07D0194A1A4801212CF08A
:108B700062FD6FF01500EFE7144DEB79012B20D06B
:108B8000BFF35B8FD5F8D430BFF35B8FDB0707D41F
:108B9000002CEED00C4920462CF045FD0028E8D1F1
:108BA000EE792146731C3046EB71FFF781FF08B95F
:108BB0003046D1E7EB79013BEB71CDE76FF0770001
:108BC000CAE76FF00B00C7E73EF90400D8000020A9
:108BD00095DF040098A104002DE9F341044640B953
:108BE0001A4A1B4802212CF026FD002002B0BDE8E5
:108BF000F08101AA002141F20900FFF717F90546AB
:108C000008B1144AEDE7019E1349D6F80C8008F12B
:108C100001070622384640F074FF28B10F490622AA
:108C2000384640F06EFF18B93046FCF72BFBDCE706
:108C3000D8F80130C4F80130BB88A4F805303046BC
:108C40002570FCF71FFB0120D0E700BFC3DF040045
:108C500098A10400DCDF04004BF9040045F904008E
:108C600007B56846FFF7B8FF044BD87118B16946DD
:108C70000020FFF71DFF03B05DF804FBD8000020C3
:108C80002DE9F041304EF17988B0002954D196F8A1
:108C9000C24014F0010411D12C4A2D4802212CF0BD
:108CA000CAFC0024F471162500240127F379E0B2F0
:108CB00083422BD8002B3FD000203AE06A464FF683
:108CC0000940FFF7B3F808B1224AE6E7DDF800C033
:108CD000DCF80C5095F80180B8F1000F0ED0AB1CF9
:108CE00002AA123518685968174603C70833AB4201
:108CF0003A46F7D1186838609B88BB806046FCF71D
:108D0000C1FAB8F1000FCDD1134AC6E708AB05FB95
:108D10000033694653F8182C33F8143CCDF8012081
:108D2000ADF805308DF80070FFF7C2FE0134002861
:108D3000BCD008B0BDE8F0810021084608B0BDE80D
:108D4000F041FFF7EDBE00BFD8000020FADF0400BD
:108D500098A1040026E0040046E004002DE9F0415B
:108D60001D460E461746034648B145B10A0311D5C4
:108D70004C0708D5284A294801212CF05CFC6FF0EB
:108D80001500BDE8F0812CF065FC0028F9D1012325
:108D90002B70F6E7B107047824D021492FB1B20631
:108DA00003D591F8D820500632D5C4EBC40411F88D
:108DB0000480B8F1010F09D10134214418462CF088
:108DC00041FC0028DDD185F8008002E0B8F1000FF9
:108DD000F9D02FB1B30642BF2B7843F002032B70BA
:108DE0000020CEE7720710D50D49C4EBC4040F5D17
:108DF000012F07D1013421442CF024FC0028C0D1DC
:108E00002F70E7E7002FE5D1FAE72CF023FCBEE74F
:108E10006FF08500B5E700BF6FE0040098A1040083
:108E2000D800002038B5104DEB7913B1002420464E
:108E300038BDFFF715FF044628B10C4A0C48012144
:108E40002CF0F9FBF3E7EB79002BEFD1FFF718FFDC
:108E500004460028F1D1681CFFF7F4FD0446002801
:108E6000E5D0044AEAE700BFD80000208EE0040005
:108E700098A10400ADE004002DE9F74F8846019069
:108E80004FF0FF314FF0FF30FEF778FE0446002828
:108E90004ED020210C302BF038FA0021202206463B
:108EA000002740F016FED8F8005006F1010B3946B5
:108EB000D8F804309F4208D301983170002221462F
:108EC00003B0BDE8F04FFEF7B1BF6A7895F800C077
:108ED000881C13181F2B5FFA80F915D9BCF1090FF4
:108EE000C9F11F0201D1002A0CDC134A13480121E9
:108EF0002AF0E1FE2046FCF7C5F96FF0150003B03B
:108F0000BDE8F08F4FF0080C5FFA82FA0AF1010E0B
:108F10000BF801E00131C9B258440BF801C0D1444B
:108F2000696840F0AFFD01375FFA89F10835BFE7A6
:108F30006FF06800E3E700BFD0E0040040A1040048
:108F4000F7B5CDE90001694642F208009DF82070AE
:108F500016461D46FFF790FF044668B97FB9BFF378
:108F60005B8F0C4B53E8001F41F0040143E80012F3
:108F7000002AF7D1BFF35B8F204603B0F0BD6946EE
:108F800042F20900CDE90065FFF776FF0028E6D040
:108F90000446F1E70001002000487047F00000207F
:108FA0002DE9F04FD0F81090DFF884A289B0B9F124
:108FB0000004054602919346039318BF0124BFF3B2
:108FC0005B8FDAF80030BFF35B8F5A0740F18F8177
:108FD000466873050CD56FF01504029B002240F221
:108FE0000110934540F08C81204609B0BDE8F08F18
:108FF000D0F81080B8F1000F01D0B707EBD08D4F3B
:109000002878FB798342E6D9C0EBC0008A49072261
:10901000384440F076FD0028DDD0B00706D197F83F
:109020006F30082B02D8AB689F2BD4D916F0300FC5
:1090300074D0B8F1000FCED0F10672D406F46036C9
:10904000B6F5603FC7D028462CF01BFB80460028B1
:10905000C1D07A4EBFF35B8F3268BFF35B8FC2F330
:109060000023D20500F146816A68CDE90533CDF8C9
:109070001B30AB68ADF8103012F4004FEB68ADF860
:10908000123014BF06230723D00348BF03F00503A3
:10909000910348BF03F0FB038DF81D30BFF35B8FD6
:1090A0005AE8003F23F480734AE80032002AF7D1DF
:1090B000BFF35B8F2B783B7687F86E30224669686A
:1090C0005F480DF11503FFF749FE0446002884D1DF
:1090D0005C4BB9F1000F30D02A6911684AF8B31C13
:1090E0009188998092799A716B689A0727D0B9F123
:1090F000000F2BD013F0100F0CBF012304238DF8A9
:1091000014302B691A68CDF816209A88ADF81A2009
:109110009B798DF81C304FF000081AE0B8F1000F71
:109120008CD1D5E902239A423FF655AF1F2A7FF62C
:1091300052AFB3F5804F81D94DE73F4ACDE79B054C
:1091400002D4039B002B3CD0022300E04B468DF859
:1091500014304FF0FF304FF0FF31FEF70FFD0446A3
:10916000002800F0CA800F2204A90C302BF0D3F89D
:109170002146002242F20600FEF758FE044600286F
:109180007FF42BAFB9F1000F1FD0686810F0030017
:1091900027D107462A4801212CF077FA04460028F7
:1091A00058D0294A294801212AF085FD002F3FF493
:1091B00014AF3846002100F01DFB384600F0C4FA19
:1091C0000BE703238DF81430A5E7129B039A02984E
:1091D000CDF800805946FFF7B3FE04460028D4D0EE
:1091E000FBE63C7E1449174887F86E40072240F0A2
:1091F00088FC60B91649204600F078FE074610B991
:109200006FF00B04E9E6052100F0F4FAC2E70D491E
:10921000204600F0AFFE00287FF4DDAE387E09491D
:1092200000F064FE07460028EAD00621ECE700BF04
:10923000AC010020D80000203EF90400000100200D
:10924000F0000020F9000020E9E0040040A1040043
:1092500037F9040017B1384600F076FA6B68BFF3AF
:109260005B8F9F0728D056E8003F43F4007346E821
:109270000032002AF7D1BFF35B8FBFF35B8FB8F1E9
:10928000000F22D056E8003F43F4806346E80032E6
:10929000002AF7D1BFF35B8F6B68BFF35B8F580772
:1092A0001CD556E8003F43F4805346E80032002ABC
:1092B000F7D1BFF35B8F90E656E8003F23F40073CD
:1092C00046E80032002AD6D0F6E756E8003F23F4FD
:1092D000806346E80032002ADCD0F6E756E8003F1B
:1092E00023F4805346E80032002AE2D0F6E76FF01C
:1092F0000A0472E66FF077046FE66FF068046CE6BC
:109300001988814204D1596811B10978C90702D47A
:109310000132083365E60549054835F034FE4FF45F
:109320007022002302481DF019FF5DE6B193000092
:109330000801002010B51B4C20462CF0CCF9BFF3DF
:109340005B8F2369BFF35B8FDA05C3F3002027D55A
:10935000BFF35B8F2369BFF35B8F9B0516D504F1C9
:1093600009001149072240F0CCFB034614F8180904
:1093700093B90E49052200F037FE044630B10021B2
:10938000417200F037FA204600F0DEF9BDE81040E7
:10939000044800212CF079B9062204F12101EAE702
:1093A00010BD00BFF00000203EF9040037F90400B2
:1093B00010B5FFF7BFFF034630B1044A0448BDE8CB
:1093C000104002212AF080BC10BD00BF04E104005F
:1093D00040A1040070B50C4B1C68054644B154F81C
:1093E000143C143C13B1697A284698476469F5E740
:1093F000064C074EB44200D370BD236813B1697A9E
:10940000284698471834F5E7287D002008A1040075
:1094100020A1040010B50446FBF790FE044901EBBF
:10942000001120462BF0DFFFBDE81040FEF7A4BC82
:10943000F47C002070B5D1E9015600220446C1E950
:109440000122064835F02EFC3DB1314620462B4620
:109450006FF06D02BDE87040184770BDB811002074
:1094600070B505460F48002200231DF0D5FBB8B9A2
:109470000D4B1C6834B154F80C3C143C03B19847B4
:109480006469F7E7094C0A4EB44204D32846BDE8A4
:1094900070401DF0BBBDA36803B198471834F3E7D3
:1094A00070BD00BF60110020287D002008A10400CD
:1094B00020A104002DE9F041044620270025EFF308
:1094C000118287F31288BFF36F8FE16929B1206A97
:1094D0000B68E361814208BF236282F31188BFF306
:1094E0006F8F71B1D1E901680748C1E9015535F0C5
:1094F000D9FB1EB1002241462046B047FEF73CFC96
:10950000DDE7BDE8F08100BFB811002070B5031D94
:109510000446BFF35B8F53E8002F42F4806143E8B9
:109520000015002DF7D1BFF35B8F52051BD4BFF39D
:109530005B8F6368BFF35B8FDB0308D5E37893B978
:10954000094A0A48BDE8704002212AF0BDBB2CF050
:109550000FF8034620B1064A044801212AF0B4FB63
:10956000A37A072BEAD070BD4BE1040058A1040098
:109570002AE104000448B0F80431002B00F584709F
:1095800008BF0020704700BFD800002030B5044657
:10959000FBF7B6FB0D4A0D460D490858D2F8881066
:1095A00088428BB005D120460BB0BDE83040FFF7B4
:1095B00081BF24342146104635F0B4FC1DB1694604
:1095C000204635F0BFFC0BB030BD00BF602F00203F
:1095D0000800000038B5002204468A4202D1002467
:1095E000204638BD04F1C8030120BFF35B8F53E868
:1095F000005F002D04D143E8000CBCF1000FF6D150
:10960000BFF35B8F02D0D0340244E6E7002CE6D0F3
:10961000C8220021204640F05CFA04F140000449D1
:1096200035F0B1FC034904F1240035F050FCD7E7D4
:109630004DA10000FD560300F7B516460D46012169
:109640000446FFF7A3FF012E23D0022E52D1236937
:109650003BB13748374A01212AF02DFB20462CF038
:1096600071F825612269138A012B5ED9D2681288AC
:10967000043292B2934258D343D92D48009201212B
:109680002D4A2AF02BFB204603B0BDE8F0402CF019
:1096900059B8206940B9294A254831462AF00BFBC0
:1096A00020462CF04FF801E02A8A2AB9284603B058
:1096B000BDE8F040FBF7E6BD018A438A47695B1AC3
:1096C000C168C91B5B1A9A420CD91D4A1848314619
:1096D0002AF0F1FA21690022204600F09DFF0023C4
:1096E0002361E3E7E9680C302AF015FE2846FBF712
:1096F000C9FDB7E7134A0E48334601212AF0E4FAC0
:10970000CEE704F110030022BFF35B8F53E8001F84
:1097100043E800200028F9D1BFF35B8F01222046E7
:1097200003B0BDE8F04000F077BF03B0F0BD00BF6C
:1097300058A1040064E10400E4E1040081E10400B4
:109740009FE10400C6E1040008B500F1C803BFF3BF
:109750005B8F53E8002F013A43E800210029F8D13C
:10976000BFF35B8FAAB90B4B984212D303F1D0021F
:1097700090420ED2C01AD023B0FBF3F203FB1200CA
:1097800038B905481DF00CFABDE8084003481DF043
:109790003DBC08BD681D0020601100207805002038
:1097A00010B504462BF0E1FF1EF044F9104AD2F840
:1097B000241104F1BC0361B9C4F8BC10D2F828111B
:1097C00059B9C2E949331EF049F9BDE81040FEF726
:1097D000D3BA8B4205D00968EDE70B60C2F8283197
:1097E000F1E71EF03BF92046FFF7AEFFEDE700BFC3
:1097F000D8000020F8B5867A8E4200AF04460D46A8
:109800001BD1082E96BF534B534B53F826306C4652
:1098100088B06A465149CDE905134FF40073ADF89D
:109820001C304F4B42F8103F4E4800234FF4E45198
:10983000FAF7B6F8A546BD46F8BD81720EB92BF011
:1098400094FFA37A082B00F2818001A252F823F042
:109850009D980000F39800003798000037980000AA
:10986000379800003798000037980000759800007E
:10987000379800000023C4E90D33E378012BDAD1D7
:10988000A378012B04BF032384F898304FF42032CF
:10989000002304F140001DF029FCCCE7082ECAD8B3
:1098A000DFE806F02005171C1C1C1720200004F11F
:1098B0004005284635F073FB01212046FFF766FE80
:1098C00020462BF03FFF0022002328461DF046FCD7
:1098D000B1E7637A13B12046FFF77CFD2046FFF71E
:1098E00033FFA8E7204A2B461E4802212AF0ECF954
:1098F000A1E7637A3E2B0FD16D4688B06A461B4BB9
:10990000CDE90534032342F8103F164800234FF4F5
:10991000C451FAF745F8AD46154D05F584766169F1
:1099200011B9FEF729FA86E7A2690B6863619142D3
:1099300008BFA3612046FFF77DFDB5F80431002B79
:1099400014BF304600201DF02BF9E8E7094A2B46EA
:10995000CAE700BFE8A60400FFE1040009E2040032
:109960000300000158A104001AE2040031E20400DF
:10997000D800002058E20400F8B5074609480D4613
:1099800016462BF0F2FE044650B183781F4203D1F5
:10999000BDE8F840FFF7D8BE3146A8472046F7E7B4
:1099A000F8BD00BF681D0020024900220120FFF71A
:1099B000E3BF00BF3957030070B505460E480E4699
:1099C0002BF0D3FE0446A0B1837A012B02D0073BD3
:1099D000012B0CD82388AB4208D1A3781E4209D1B1
:1099E000064A07482B4602212AF06EF92046FFF767
:1099F000ABFE0024204670BD681D002074E2040008
:109A000058A10400034BC01A034B00115843C0B2C5
:109A1000704700BF681D0020C54EECC470B51C46E1
:109A2000144305460E460DD00F49FBF769F9D1F8EE
:109A300088400E4909588C4206D10D4A0D48022132
:109A40002AF039F9002213460B49002D14BF28468D
:109A500008462AF0EAFB044618B1711D0C302AF0C2
:109A600049FC204670BD00BF602F002008000000A8
:109A70008BE2040058A104001412002010B5044623
:109A800005481DF0C3FA204600F00CFD2046BDE855
:109A90001040FFF79FBC00BF680500202DE9F04F84
:109AA00087B000AF0023FB607B61BE4B1A8C3AB1DC
:109AB000BD4DD5F824413CB91C37BD46BDE8F08FFB
:109AC0001B68002BF4D1F7E754F8BC3903B1BC3B59
:109AD000B649002601E01C461346B5F80421002AC9
:109AE00000F07381D5F810214AB904F1BC06002BAF
:109AF000E2D0D3F8BC20002AEDD0BC3AEBE70A68EC
:109B0000002AF2D0D4F8A820002AEED0D4F8AC2055
:109B1000002AEAD0D4F8B020002AE6D0A37A072B96
:109B20006CD120469047002868D0BFF35B8FD4F8F3
:109B3000C030BFF35B8F022B60DC20462BF015FE9C
:109B400004460028B8D0A37A072B40F03B81D4F814
:109B5000A830B5F8041107F1100220469847814655
:109B6000002800F00E81B5F804213B699A4208D321
:109B70000146D4F8AC6007F1140307F10C0220464B
:109B8000B0477B693B60B9F81030D7F80C80002BE8
:109B900000F001814846D7F810A02BF03AFC78601D
:109BA000002840F0FB80B5F80431DFF804B2002B48
:109BB00014BF58460020002200231DF02DF878B96C
:109BC0007A48002200231CF0B7FF064600283BD14C
:109BD000B5F80431002B18BF5E4630461CF0E0FF9C
:109BE0006FF00B054846FBF74DFBB8F1000F00F096
:109BF000B38039682A462046C047ADE0D4F8BC306F
:109C000004F1BC02C6B9D5F82811C5F824318A423E
:109C100001D1C5F828310023C4F8BC302046D4F85F
:109C2000B030984700288ED0A37A072B40F0CA8026
:109C30002046FFF7B5FD86E73360D5F828319A4214
:109C400008BFC5F82861E6E73B68C0F80480836078
:109C5000B5F804B15348DA454FF000024FF0000365
:109C60004FF0000198BF1FFA8AFBFBF78BFA804682
:109C700050B1FBF763FA4F4B5A4603EB00134946CA
:109C800040462BF08BFB8046B5F8043194F8C49025
:109C90009A4584BF01237B607B6884F8C4309CBFF5
:109CA00009F102095FFA89F904F1C00ABFF35B8F79
:109CB0005AE8003F01334AE80032002AF8D1BFF3E6
:109CC0005B8F00233360A369002B5ED1C4E9056676
:109CD000A378012B5CD108F10C0B042158462AF023
:109CE0003CFB238809F0FD0943EA09330380B8F8F7
:109CF0001030043B4380022158462AF036FB404690
:109D0000FDF770FF814600285CD0BFF35B8F5AE8F7
:109D1000003F013B4AE80032002AF8D1BFF35B8FD5
:109D2000314604F114002BF0ECFC234A23484B4647
:109D3000012129F0C9FF4046FBF7A4FA204631462D
:109D4000FFF778FBB5F804311948002B08BF002055
:109D50001CF026FF6FF004056E4688B0184A079481
:109D6000CDE905256A46042342F8103F13484FF415
:109D700001510023F9F714FE1321B54620462BF0BC
:109D800010FD2046FFF7E0FC96E61E60A6619FE707
:109D90006FF01509B9E76FF0790523E76FF0040557
:109DA00020E700BFA4120020D8000020B811002036
:109DB000E0010020F47C00208FDB040058A10400A7
:109DC000B4E20400FDF7D8FFDBE79368FFDE00BFD5
:109DD0002DE9F04140F2E243D0F88860B6FBF3F69B
:109DE0000446B6B2031DBFF35B8F4268BFF35B8FBF
:109DF000920417D5B0F88C20B24213D8B0F88E2058
:109E0000B2420FD3D0E9241291420BD1BFF35B8F42
:109E100053E8001F21F4005143E80012002AF7D153
:109E2000BFF35B8F104B1D6865B155F8047C143D82
:109E300037B1B4F89230B4F8902031462046B84794
:109E40006D69F1E7094DDFF82880454501D3BDE88C
:109E5000F0812F6937B1B4F89230B4F890203146D0
:109E60002046B8471835F0E7287D002008A10400F7
:109E700020A104002DE9F041074608460D462BF0CD
:109E80002FFB064618B900263046BDE8F081144B7A
:109E90001C6884B154F8083C143C0BB96469F8E7B9
:109EA0002946384698470028EDD028462BF018FB65
:109EB0000028F3D1E7E70B4CDFF82C804445E3D2D0
:109EC000E3680BB91834F9E7294638469847002863
:109ED000D9D028462BF004FB0028F3D1D3E700BFEC
:109EE000287D002008A1040020A1040038B5054603
:109EF0000C460E480121FFF76DFBB0B105722368D7
:109F00000367A388A0F87430A37980F87630012322
:109F10008370074BC0F8A830064BC0F8AC30064B36
:109F2000C0F8B030054BC0F88C3038BD681D00203B
:109F3000A1A30000E9560300DD5603001800280025
:109F400070B505460A480E462BF00FFC044620B1BA
:109F50008378012B04D0FFF7F7FB0024204670BD67
:109F6000324629462BF03DFC0028F7D12046F2E787
:109F7000681D0020F0B589B000AF0D46FFF7E0FF87
:109F8000044610B329463846FDF700F8A37A082B9B
:109F900096BF0F4A0F4B52F823306D468AB06A467F
:109FA0000D49CDE907730D4B09930D4BCDE9051410
:109FB00042F8103F0B4800234FF44251F9F7F0FCF0
:109FC0002046AD46FFF7C0FB01202437BD46F0BD5B
:109FD000E8A60400FFE10400D7E204000103020444
:109FE0000500000258A10400F8B505460E480E46CB
:109FF00017462BF0BAFB044620B18378012B03D01F
:10A00000FFF7A2FB00240DE036B1324629462BF0C3
:10A01000E8FB08B92046F3E7A37ABB42FAD1237ADA
:10A02000AB42F7D12046F8BD681D002070B58B7893
:10A03000012B92B006460C4642D191F8703007AD24
:10A04000032B37D8DFE803F0023032341E492846AC
:10A05000F6F7CAF8059594F87130049394F87230C5
:10A06000039394F87330029394F87430019394F846
:10A070007530009394F87630144A1E210AA827F010
:10A0800047FF0AAB324610AD1C4603CCAC42106011
:10A090005160234602F10802F6D120681060A388BF
:10A0A0009380304612B070BD0949D0E70949CEE728
:10A0B0000949CCE7094A0A21284627F029FFC9E7C0
:10A0C00000238DF82830DCE770D6040092D6040017
:10A0D00077D604007ED6040088D6040075E6040016
:10A0E00038B5044608460D462BF0FAF948B3164B2E
:10A0F00093F8D830990707D4E37883B129462046EE
:10A10000BDE8384000F0B4BA94F899309A07F3D516
:10A11000BFF35B8F6368BFF35B8F5B04ECD42946AE
:10A1200020462BF07EFB58B92B88A4F88C306B8826
:10A13000A4F88E30AB88A4F89430EB88A4F896305D
:10A1400038BD6FF01500FBE7D8000020F7B510F818
:10A15000363C0446A0F140060BBB30462BF0B4FB66
:10A160003A4B1D684DB155F8103C143D1BB114F825
:10A17000371C304698476D69F4E7354D354FBD4281
:10A1800005D3304603B0BDE8F040FFF7DDBA6B6899
:10A190001BB114F8371C304698471835EFE710F814
:10A1A0003E3C012B31D1BFF35B8FA0F13C0555E85C
:10A1B000003F23F4005245E800210029F7D1BFF306
:10A1C0005B8F990429D5E36C00936946636D019315
:10A1D0003046FFF785FF0346C8B9BFF35B8F55E8EC
:10A1E000003F23F4805345E80032002AF7D1BFF343
:10A1F0005B8FBFF35B8F55E8003F43F4006345E896
:10A200000032002AF7D1BFF35B8F03B0F0BD124AD2
:10A210001248022129F058FDEBE7114A4FF42813A8
:10A2200069463046CDE90023FFF75AFF034650B98F
:10A23000BFF35B8F55E8003F43F4805345E800329D
:10A24000002AD4D0F6E7074AE2E700BF287D0020C5
:10A2500008A1040020A1040010E3040058A1040098
:10A260001800280035E3040010B50E4834F0DAFC7D
:10A270000D490C4834F016FD0C490A4834F012FD23
:10A280000B49084834F00EFD2BF05FFF02F02EFA68
:10A29000044628B92CF092FA044608B92BF0BDFB0D
:10A2A000204610BDB8110020047D0020107D002044
:10A2B0001C7D00200346024A0248012129F004BD0A
:10A2C000E8E30400A0A1040080B500AF88B06A46AE
:10A2D000074BCDE90530032342F8103F0548002322
:10A2E0004FF4C251F9F75CFB6FF00B00BD4680BD27
:10A2F00010E40400A0A1040008B5064A136823B9BD
:10A30000054850600A60184608BDFFF7DDFF6FF092
:10A310000B00F9E7307D002034A7040070B5044637
:10A3200052EA030008D0FAF7EBFC074D074ED5F8C8
:10A3300088503058854201D100221346204604310E
:10A34000BDE87040FFF76ABB602F002008000000E6
:10A3500038B5054618462B68DBB19B7A072B18D118
:10A360000B7A012B07D00C4A0C48012129F0ACFCD8
:10A370006FF0150038BDCB7A072BF9D9C8618A6117
:10A3800005F1300034F08EFC28462BF074FA0020E2
:10A39000F0E76FF07F00EDE737E40400A0A10400D0
:10A3A0002DE9F84FD0F8B44000AF8846914644B14B
:10A3B0004C3C236B63B92068B4302BF07BFAE46C1F
:10A3C000F5E7FDF7D9FC00263046BD46BDE8F88F1D
:10A3D00004F1300A504634F0AAFC05460028F0D0BB
:10A3E0002BF017F880B16C4688B06A462A4BCDE94D
:10A3F0000535032342F8103F284800234FF4C2518B
:10A40000F9F7CEFAA546DEE7284629F03DFF256D8F
:10A4100006469DB9A38C058A403B9BB23F2B03D8CF
:10A42000238D9D4228BF1D46042106F10C0029F012
:10A4300094FF0580A38C438004352565454520D8CD
:10A44000B6F810B0AB4506D10022002350461CF0F0
:10A4500073FBFAF717FFA38CA3F140023F2A07D83A
:10A46000AB4514BF00220E4AB26118BF1346F36118
:10A470002068B4302BF01EFA236B13B120462BF06A
:10A48000FAF9236DC9F80030984534BFA3EB0801F1
:10A490000021216598E700BF4FE40400A0A104005B
:10A4A000CB590300F7B5284D284F04460026BD427E
:10A4B00001D303B0F0BD298820462BF07CFA6B68ED
:10A4C000019001A920469847002838DB019B2A8883
:10A4D0009A829A8403F11002BFF35B8F52E8001F47
:10A4E00042E800600028F9D1BFF35B8FDE641E658F
:10A4F0009E60A16B03F1080219BBC4E90D221C6028
:10A50000DE6003F1300034F08DFB019843681B6876
:10A5100003B19847019BBFF35B8F103353E8001FD3
:10A5200041F0010143E80012002AF7D1BFF35B8F2D
:10A5300001984368DB6913B100F1100198470835B1
:10A54000B5E70A60A263DAE7F0A0040008A10400FE
:10A5500073B50D460646042105F10C0029F016FFDF
:10A560002B8A42889A42044607D000921C4A1D4812
:10A57000012129F0B3FB02B070BD43783BB91A4A00
:10A580001848012102B0BDE8704029F094BB03785F
:10A59000012BF0D0132B06D1022AECD0022300931A
:10A5A0001346124AE3E7124A0E48022129F08CFBB7
:10A5B00061783568022201202BF0E3F90446002877
:10A5C000D9D002210C3029F0A0FE00230370437083
:10A5D0002146284602B0BDE870402BF003BA00BF08
:10A5E00067E40400A0A1040088E40400A9E40400D6
:10A5F000D4E4040008B50B8A032B06D8044A0548A6
:10A60000012129F058FB002008BDFFF7A1FFFAE760
:10A61000FCE40400A0A1040038B50B8A032B054616
:10A620000C4609D80F4A1048012129F044FB204666
:10A63000BDE83840FAF726BE042104F10C0029F0E9
:10A64000A5FE418828462BF0DEF930B9074A0648B6
:10A650000B46022129F038FBE9E7436821465B6994
:10A660009847E4E71AE50400A0A1040037E50400D8
:10A6700070B5144A137801330C4613F0FF010CBF78
:10A6800001230B461370064608BF19460822122004
:10A690002BF077F9054688B108210C3029F035FEFA
:10A6A0002288028062884280A2888280E288C280FA
:10A6B00029463046BDE870402BF094B96FF00B008E
:10A6C00070BD00BF1FAB002023281FD81A2804D854
:10A6D000431E182B0ED906207047A0F11B03082B30
:10A6E0001ED8DFE803F0051D1B231D19251D0500DD
:10A6F000032070470F4A012383401A40C2B90E4A13
:10A700001A40002A0CBF06200120704700F07F038A
:10A71000522B05D10020704701207047052070475B
:10A7200010F0400F14BF002006207047042070472F
:10A7300002207047AAAA8A02545545012DE9F74F15
:10A74000064608460C46FAF7F9FC2E4F18234343F9
:10A75000FA18054691680191E168BFF35B8FB06D0F
:10A76000BFF35B8FC0070AD4274A284801212BF08A
:10A7700077F96FF01509484603B0BDE8F08FE0683F
:10A78000007810710022FA500B78D22B0FD1336869
:10A79000214618682CF00FF8814640B11C4A1B482E
:10A7A00001212BF05DF92046FAF76CFDE3E7182351
:10A7B00003FB0573D4F80C80D4F814B0B4F810A0DF
:10A7C0009E6000231A462146301DFFF7C1FD8146D9
:10A7D0000028D0D010F1690F04D10E4A0B48012196
:10A7E0002BF03EF96269019BA4F810A0A8EB0B08BE
:10A7F00012FA88F2E260182255437A1947F8059058
:10A800009360B8E78C7D002073E5040048A1040044
:10A810008DE50400A0E5040008B5EFF311812023C5
:10A8200083F31288BFF36F8F002303600F4B5A68C6
:10A83000C2B9C3E9000081F31188BFF36F8F0C48E0
:10A840001CF0E4FB031E0CDA0A4A0B48012129F034
:10A850003BFA002383F31188BFF36F8F032318465D
:10A8600002DF08BD10605860E5E700BF847D00206E
:10A87000B0050020C3E5040048A10400094B9A6814
:10A88000011F914204BF00229A601A6A0648914251
:10A8900004BF00221A629A6B914204BF00229A639D
:10A8A00034F0E4B88C7D0020600F0020024A034899
:10A8B00001212BF0D5B800BFECE5040048A104004D
:10A8C00010B500F154030446BFF35B8F53E8001F3B
:10A8D00041F0010143E80012002AF7D1BFF35B8F7A
:10A8E000201F2BF062F904F17C00044934F04BFB8B
:10A8F0002068BDE8104001F0A5BE00BFDDB8000033
:10A9000073B50E46438D418B8B4202F1010228BF85
:10A910000B469A42054609D91E48009202211E4A5A
:10A9200029F0DCF90024204602B070BD3046FFF764
:10A93000CBFE6FF01403034113F0010310D0FAF7BC
:10A94000DFF9164B1958164BD3F8883099421ED0B0
:10A95000144B1B685A1A18BF4FF0FF32134601E020
:10A960004FF4702210480021FFF7D8FC044600285D
:10A97000D9D0FAF7E3FB0D4B182202FB003301217B
:10A9800004F10C009D6029F0C0FC0670CBE70022AA
:10A99000E4E700BF48A1040009E604000800000045
:10A9A000602F0020D47D0020441200208C7D0020E8
:10A9B000F0B51D4603680E46003987B0044618BF3F
:10A9C0000121186817462BF073FE40B904F15800B6
:10A9D0002BF08BF9002846D0002007B0F0BD002DE9
:10A9E00043D01822002168463FF073F86FB100226F
:10A9F00013212046FFF784FF019030B91C481D4AFF
:10AA000001212BF02DF81120E7E723681A4A1B6873
:10AA100000930023ADF812300C9B0393BDF8343043
:10AA2000ADF8103001238DF8143029466B462846C6
:10AA30008DF808602BF0FDF89DF8143063B1002FFD
:10AA4000CAD00198FAF71EFC9DF814302A46314608
:10AA500020462BF059F9BFE701990029BCD02046C8
:10AA60002BF039F8B8E71220B7E70120B5E700BFAF
:10AA700048A104002EE60400655A03002DE9F341C5
:10AA80000B8A04460D4643B9294A2A4801212AF077
:10AA9000E7FF002002B0BDE8F0810768012105F161
:10AAA0000C0029F073FCBB7A072B0646F1D154F851
:10AAB000043C002BEDD003781F4F043C002217F814
:10AAC000320098424FEAC20807EBC20114D12A8A29
:10AAD0004878904226D91748009301211346174A17
:10AAE00029F0FCF804234744BA78012AD1D1002B7D
:10AAF000CFD03178002211E001320C2ADFD1104A88
:10AB00000C48022129F0E0F831780846FFF7DCFD17
:10AB10002122C24012F00102BBD1062320462BF0B5
:10AB2000F3F8B6E74B682046294698470346DAE72C
:10AB300047E6040048A104005CA704007CE604008A
:10AB400062E60400F8B54FF470220746002311486E
:10AB50000D4629F06AFB044638B90F4A0F482B46C8
:10AB6000012129F0B1F82046F8BD00F10C060921B9
:10AB7000304629F0BFFB2046FAF7E0FA084B1822CE
:10AB800002FB0033012130469F6029F0BEFB0570B7
:10AB9000E9E700BF44120020E8E3040048A10400F4
:10ABA0008C7D00202DE9F0410E8A043EF6B2022E83
:10ABB00004468CB0084601D0102E64D104210C301C
:10ABC00029F0E4FB0DF1080805884788011D32468D
:10ABD00040462AF08EFB002857D0A5B300268FB33D
:10ABE000AF4230D34FF4205301A940468DF80460A2
:10ABF000ADF806302AF050FB48BB1422002107A80C
:10AC00003EF067FF11212046FFF79CFF09900028C6
:10AC100037D001210C30CDE9074829F076FB00231D
:10AC20000A90394603701A4A0B93284607AB2BF05B
:10AC300000F8DDE909131B78FBB90846FAF722FB97
:10AC40000A2301E03D4601232A4610210EE042F688
:10AC5000010307A940468DF81C60ADF81E302AF0AC
:10AC60001BFB0028C9D010232A46194620462BF08A
:10AC70004BF800200CB0BDE8F08120462AF02BFFF5
:10AC8000F7E71120F6E70420F4E70E20F2E700BF13
:10AC9000E9B100002DE9FF41036804460D4618683C
:10ACA00001212BF005FD40B904F158002BF01DF8EF
:10ACB000A0BB122004B0BDE8F0811022002168463C
:10ACC0003EF007FF21212046FFF73CFF029038B3FA
:10ACD000009405F10C074FF001082B8A012B04D8D2
:10ACE000029920462AF0F7FE18E0384629F05EFB6C
:10ACF0006B460C4A8DF80C80014606462AF099FFF7
:10AD00009DF80C30002BE8D00298FAF7BBFA9DF8BA
:10AD10000C303246202120462AF0F6FF0020C9E7F9
:10AD20001120C7E75B5F03002DE9FF41036804467C
:10AD30000D46186801212BF0BBFC40B904F1580006
:10AD40002AF0D3FFA0BB122004B0BDE8F08110228E
:10AD5000002168463EF0BDFE0F212046FFF7F2FEBF
:10AD6000029038B3009405F10C074FF001082B8ACC
:10AD7000012B04D8029920462AF0ADFE18E038468F
:10AD800029F014FB6B460C4A8DF80C8001460646F0
:10AD90002AF04FFF9DF80C30002BE8D00298FAF70C
:10ADA00071FA9DF80C3032460E2120462AF0ACFF95
:10ADB0000020C9E71120C7E7DF5F0300F0B51D469B
:10ADC000036885B004460E461868012117462BF02B
:10ADD0006FFC38B904F158002AF087FF50BB1220ED
:10ADE00005B0F0BD65B31022002168463EF071FE4B
:10ADF00039462046FFF7A6FE029018B3BDF828306A
:10AE0000ADF8043001238DF80C3029466B460E4A0C
:10AE1000009428462AF00DFF9DF80C3002995BB192
:10AE20000846FAF72FFA9DF80C302A46314620469C
:10AE30002AF06AFF0020D3E720462AF04CFEF9E70B
:10AE40000120CDE71120CBE7DF5F03002DE9F041C2
:10AE50000E8A043EF6B2022E04468CB0084601D09B
:10AE6000102E76D104210C3029F090FA0DF104084F
:10AE700005884788011D324640462AF03AFA0028E4
:10AE800069D085B377B3BD422DD8606801212BF01E
:10AE90000FFC064678BB8DF8000042F602036946B7
:10AEA0004046ADF802302AF0F7F920B342F603032A
:10AEB00006A940468DF81860ADF81A302AF0ECF972
:10AEC000C8B1012D03D14FF6FF739F4213D004F197
:10AED00058002AF00AFF002814BF002012200CB0EE
:10AEE000BDE8F0813D4601232A46082120462AF08C
:10AEF0000BFF0020F3E7182200210DEB02003EF0CB
:10AF0000E8FD09212046FFF71DFE0890F8B1012158
:10AF10000C30CDE9064829F0F8F9002309900370B8
:10AF20000A238DF82C30394606AB0C4A28462AF005
:10AF300080FE9DF82C3008992BB10846FAF7A2F94B
:10AF40009DF82C30D0E720462AF0C5FDD1E711202E
:10AF5000C5E70420C3E70E20C1E700BFA1B200008F
:10AF60002DE9F0430F4687B00446062107F10C0097
:10AF700029F00CFA0588EDB1B0F80280B8F1000FA5
:10AF800017D0454516D8002382888DF800308DF8FB
:10AF9000043001A94FF420536846D7F80C90ADF85F
:10AFA0000220ADF806302AF077F9064660B10A2390
:10AFB00001E0454601232A46062120462AF0A4FE48
:10AFC000002007B0BDE8F0830146142201A83F7CB1
:10AFD0003EF07FFD07212046FFF7B4FD0290D8B177
:10AFE0000A238DF81530414601AB0C4A01942846DE
:10AFF000CDE903698DF814702AF01BFE9DF8153019
:10B0000002992BB10846FAF73DF99DF81530D2E7C1
:10B0100020462AF060FDD3E71120D2E78DB0000072
:10B020007FB5CB681D8804468DB15E8876B1B54288
:10B030000DD81022002168463EF04BFD0521204628
:10B04000FFF780FD019058B9112007E03546012334
:10B050002A46042120462AF057FE002004B070BD85
:10B060006B463146084A009428462AF0E2FDDDE9A5
:10B07000011323B90846FAF705F90A23E8E7204641
:10B080002AF029FDE9E700BFF35A03002DE9F04358
:10B0900091B0D2F8008006460F46002542F6010323
:10B0A0000068D8F804908DF82C500BA91446ADF820
:10B0B0002E302AF0F1F800286DD04FF4205330687C
:10B0C0008DF82C500BA9ADF82E302AF0E5F838B1E8
:10B0D000A3681BB15A88BA4200D25F80012010E0F9
:10B0E000616808462AF0A4FCB8F82A20B8F81A309B
:10B0F0009A4294BFC0EB0200C0EB0300032803D8C0
:10B10000002011B0BDE8F083084629F0C4F861685A
:10B11000054608462AF08CFC6B8A2A8AA3EB020CAF
:10B120006B69EA68D21AACEB0203B8F82AC0B8F827
:10B130001A20944594BFC0EB0C00C0EB0200834280
:10B1400028BF03466BB9887AF9F7F0FF0022002385
:10B1500029F06BF805460028D2D00146606829F036
:10B16000ABF800230093D6F804803146102302AADE
:10B170004846C047061E0EDB227CE068964227D078
:10B1800001460BA82AF0B5F840B9237C134A1448AD
:10B19000022128F099FD0023A3609FE7F2B202A9E3
:10B1A00006A82AF0A6F810B90E4A3346EFE706A91A
:10B1B0000BA82AF071F80028EDD100236374042154
:10B1C00005F10C0029F0A1F8A0600780A36884E7CE
:10B1D000324602A93EF095FCEDE700BF9BE6040075
:10B1E00048A10400BAE604002DE9FF4105460E46D9
:10B1F0004FF000084FF42053006817688DF808805E
:10B2000002A91446ADF80A302AF046F8A0B142F679
:10B21000010328688DF80C8003A9ADF80E302AF0E0
:10B220003BF848B123691BB15A88B24200D25E8014
:10B23000012004B0BDE8F081616828682AF02CF88C
:10B2400010B100232361F3E7E368A0681A786AB1BC
:10B25000B7F81AC0798D038A8C4594BFC3EB0C03F1
:10B26000C3EB0103934201DA0020E2E704210C3032
:10B2700029F04BF82061068023695E80074B00931C
:10B280000194A2680023294638462AF0DDFD0028F3
:10B29000EADB2069003818BF0120CAE7135C03000D
:10B2A0002DE9F34717680546894600685168D7F8C5
:10B2B00004A0144629F0F0FF804600284BD19522C7
:10B2C000294650462BF0A1F90646207540B1E368A7
:10B2D0001B780BB184F81480002002B0BDE8F08721
:10B2E000294650462BF02AFA10B908232375F3E7B4
:10B2F000A068267528F0CFFF02210C3029F005F850
:10B30000164B2061A0F8009000930194A268334688
:10B31000294638462AF098FD002807DA10F1FF0F79
:10B3200026BF4042C0B20E202075D5E72369002B0E
:10B33000D2D0A0682AF07CFB7B8D7A8B9A4294BF96
:10B34000C0EB0200C0EB0300E3681B78984294BF97
:10B3500000200120C1E70120BFE700BF415A0300E0
:10B360002DE9F04182B000AF044688463E480022F5
:10B37000002339461BF020FA0546B0B16D4688B06F
:10B380006A463A4BCDE90534032342F8103F38486A
:10B3900000234FF4C251F8F703FBAD466FF00B06E4
:10B3A00030460837BD46BDE8F081F9F7A9FC314BBE
:10B3B0001A58314B38681A60294630223EF089FB12
:10B3C0003B682E481C603C687D60C4E90155C4E9B7
:10B3D0000A5500220023391D1BF0EEF9064688B1FC
:10B3E00023686C4688B06A462549CDE905130323D6
:10B3F00042F8103F1E482B464FF4C451F8F7D0FADC
:10B40000A546CBE70146B82278683EF062FB786833
:10B410001C4B8360603033F005FC7B68BFF35B8FAF
:10B42000583353E8002F43E800610029F9D1BFF3F6
:10B430005B8F7B681C60A36A7D681BB904F10C00FC
:10B4400033F0F0FBA26AC5F8B020E26A05F1B00360
:10B45000A36202B9E3627B6817225A855A830433D8
:10B46000C8F800309CE700BF400F0020D9E6040078
:10B4700048A1040008000000D47D0020600F0020D7
:10B48000FEE604008805002008B5837A072B06D065
:10B490000C4A02210C482AF0E3FA002008BD0421DE
:10B4A0002AF0B1FA10B9094A0121F3E7BFF35B8F23
:10B4B000436DBFF35B8FDB0701D4054AF4E750F817
:10B4C000040CEBE723E7040048A1040031E7040083
:10B4D00073E504002DE9F04F85B000AFB860EFF3DD
:10B4E0001188202383F31288BFF36F8F5B4D2846AA
:10B4F0002AF094FA2E68044688F31188BFF36F8F00
:10B5000000285FD0F9F71AFE5549182202FB00F314
:10B51000C81851F803A00369FB600021D0E9025864
:10B5200090F80490B0F806B03EF0D3FAA07AF9F79C
:10B53000FDFD6169034659B1627AD00706D49A6A63
:10B540007B6012682046926890477B6800226261A7
:10B550002146184633F0B9FBB9F1000F0DD065B1A3
:10B560002B6853B11B6843B1BAF1000F2ED03D4A8E
:10B570003D485346012128F0A7FB1EB3B9680020BF
:10B5800033F0D0FC00281DDA6C468AB06A46374B8F
:10B590000593374BCDE906304FF40073ADF82030FA
:10B5A000344B42F8103F304800234FF41151F8F764
:10B5B000F7F90023A54683F31188BFF36F8F0323A8
:10B5C000184602DF1437BD46BDE8F08F281D2AF06B
:10B5D00036FD4846FFF778F80528CED801A353F882
:10B5E00020F000BF2DB60000FDB500007BB50000C7
:10B5F0002DB600007BB50000FDB50000BFF35B8FEA
:10B60000AB6DBFF35B8FDA0705D41B4A16480121E7
:10B610002AF026FAB1E7EB6D002BAED04FF4702282
:10B62000002305F180001BF099FDA6E72B68D3F8F5
:10B630000090BFF35B8FAB6DBFF35B8FDB07E4D58F
:10B64000B8F1000F99D0002403E0F9684846C047DC
:10B650000134A3B29B45F8D88FE700BF847D00205A
:10B660008C7D00204CE7040048A104006BE7040037
:10B6700092F904000400000173E50400F8B50F46D8
:10B680001646FFF701FFB0B1846A20461CB150F89E
:10B69000B04904B1B03C731C194638B1428B458D9A
:10B6A000AA4228BF2A469A4207D264B90A4A0B48DE
:10B6B000022128F009FB0020F8BD32463946BDE8DA
:10B6C000F840FFF71DB9D4F8B05005B1B03D2046A1
:10B6D0000B462C46E2E700BF86E7040048A10400C1
:10B6E00007B50B4602460021F9F70AFB01910E4906
:10B6F00009580E480068884204D00D48D0F88800E8
:10B70000884201D10022134601A90A481BF054F8CF
:10B71000014638B9019810223EF0DBF9019803B0D8
:10B720005DF804FB0020FAE708000000D47D00204B
:10B73000602F0020800F002010B500F108030446A0
:10B740000022BFF35B8F53E8000F43E8002100297C
:10B75000F9D1BFF35B8F08B1F9F794FD2146024898
:10B76000BDE8104033F082B9800F00202DE9F74387
:10B77000044680300F4690461E4633F010FCE06DC4
:10B7800050B9154A154802212AF06AF9204603B03B
:10B79000BDE8F04300F08AB8114B98424FF0000327
:10B7A00017D045684360E06DD0F80C90FFF7C4FFF8
:10B7B00000232068E3652AF077FC3DB12068CDF8CE
:10B7C0000090006843463A463146A84703B0BDE8BA
:10B7D000F0831D46ECE700BFA1E7040048A1040088
:10B7E000D87D0020F7B550F8044C0546002C59D000
:10B7F00000F1AC0104F128002AF05EFA2E1F05F1D9
:10B800005C070022002338461BF096F9024678BBFD
:10B81000AB6D2BB101466FF067033046FFF7A6FF13
:10B82000002345F8043C05F15403BFF35B8F53E854
:10B83000001F21F0010143E80012002AF7D1BFF3F5
:10B840005B8FA36A73BB04F10C0600220023304611
:10B850001BF072F978B9666886B9134826602146EC
:10B8600033F004F9286803B0BDE8F04000F01ABFD7
:10B87000F9F708FDC5E7F9F705FDE6E7A2683368C3
:10B880006360964208BFA36077683FB1F368009396
:10B89000002320681A466FF06701B8473046FFF76B
:10B8A0004BFFD8E703B0F0BD400F002010B50446B1
:10B8B0000430FFF797FF6068132129F072FF0346F9
:10B8C00030B1044A0448BDE81040012128F0FCB919
:10B8D00010BD00BFB8E7040048A10400F0B504465D
:10B8E00089B054F8803D00AF19683846FEF79EFBDA
:10B8F0006E4688B06A460B4BCDE905374FF40073AE
:10B90000ADF81C30084B42F8103F00234FF4E251D1
:10B910000648F8F745F82046B546FFF7C7FF243735
:10B92000BD46F0BDD6E704000300000148A10400B5
:10B93000F8B51D460F461646F9F700FC044C1823CF
:10B9400003FB0040C0E903760123C3800575F8BD01
:10B950008C7D002008B530B9074908482AF097FCCB
:10B9600038B1074808BD054A12F8011C29F039FF13
:10B97000F6E70020F6E700BF3EF90400017E002054
:10B98000007E002010B5074C2378834207D1601C4D
:10B990002AF07DFC002814BF2046002010BD0020A6
:10B9A000FCE700BF6EA9002010B54A1C0C4628B168
:10B9B000097829F016FF30B1204610BD0349104622
:10B9C0002AF065FCF7E70020F7E700BF3EF9040026
:10B9D000024608B5084901302AF070FC00231372B2
:10B9E0000C32BFF35B8F52E8001F42E800300028A2
:10B9F000F9D1BFF35B8F08BD3EF904002DE9F0419A
:10BA000080460F4616461D46FFF7BCFF044680B928
:10BA10001249FFF7B7FF044630B9114A1148BDE893
:10BA2000F041012128F047B900F8018B39462AF08E
:10BA300045FC23892BB962892AB926816581BDE835
:10BA4000F0819E4204D36289AA42F8D29E42F5D286
:10BA500063892681AB42F2D2F0E700BF3EF90400D1
:10BA600009E8040088A104002DE9F041214B1546A6
:10BA700082689A42074602D1C4686389E3B901200B
:10BA8000BDE8F08105F17008287A414629F04AFDA9
:10BA900068B9194B9C4202D128462AF09BFC1749F1
:10BAA00030462AF00BFC00232370238119E0414625
:10BAB00030462AF003FC14E0238993B12646284639
:10BAC00016F8011B324629F08CFE0028DAD12078C6
:10BAD0003146FEF735FA20B1857AFDF735FE072DA0
:10BAE000CDD0E36800216181002BC8D0384698474B
:10BAF000C5E700BF25BB0000D80500203EF90400C3
:10BB000008B534F0FDF938B1044A03460121044870
:10BB100028F0DAF86FF0040008BD00BF28E8040040
:10BB200088A104002DE9F8431E46BDF82030D1F865
:10BB30000C8081460F46002B45D1731E012B45D842
:10BB4000012E41460CBF15781588FFF72DFF0446DE
:10BB5000C0B915B93046BDE8F8834146FFF724FF68
:10BB6000044638B91B481C4A022128F0A4F86FF09B
:10BB70001000F0E709F1700101302AF09FFB99F8FD
:10BB800008302370D8F810308BB92581B8F80A3006
:10BB9000AB4203D0414638462AF097FB002DD9D15D
:10BBA0000E49601C2AF08AFB25702581D2E72A46BF
:10BBB0003946484698470028CDDB01380128E4D9AA
:10BBC0006FF00D00C7E76FF00600C4E76FF00C00E0
:10BBD000C1E700BF88A104003EE804003EF904006C
:10BBE0002DE9F0419846BDF81830012B064617465E
:10BBF00035D84344012B454634DCFFF7ABFE044601
:10BC000068B9FFF7A7FE044648B9194A1948022146
:10BC100028F051F86FF010052846BDE8F081B8F122
:10BC2000000F11D0217A002321FA03F2D00703D5A7
:10BC30003A78DA40D20718D50133032BF4D13B7898
:10BC400003F0070319432172601C06F170012AF00A
:10BC500035FB337A237020462AF038FCDCE76FF09E
:10BC60000605D9E76FF00C05D6E76FF01205D3E7AC
:10BC700058E8040088A1040010B51449BFF35B8F95
:10BC8000044651E8003F23F0020341E80032002A55
:10BC9000F7D1BFF35B8F08462AF0F3FAC20705D548
:10BCA00000220023A1F130001BF058FA20462AF0B0
:10BCB000A2FA50B12046FFF74DFE30B1037ADB0700
:10BCC00003D5BDE810402AF001BC10BDF01E0020D5
:10BCD00010B5154801212AF0E2FAC30723D4022146
:10BCE00011482AF0DCFA084007D11049104A0B88A5
:10BCF000104CA24211D300B10B800F490F4833F012
:10BD000042F90E484FF4A4720023FBF7C9F9BDE8CD
:10BD100010400B490B4833F036B9506803449BB2CE
:10BD200008320120E5E710BD107E00207AA900202E
:10BD300020A1040038A10400BDBF0000481E00205F
:10BD400015C30000C01E00202DE9F041034648B194
:10BD5000008A38B91249DFF84CE001244FF0140C86
:10BD6000714501D3BDE8F081D1E90076BB4204D32F
:10BD70000CFB0672143A93420ED93444A2B2083135
:10BD80001446EDE70CFB0578434507D001356219F1
:10BD9000AE4292B2F6D1F2E70025F8E71046E1E7AD
:10BDA00020A1040038A104002DE9F74FBDF8305060
:10BDB000009199464FF6FF73002D08BF1D46244B96
:10BDC0001B888342074690463CD203B0BDE8F08F03
:10BDD00073682344BB4232D29CB208361D4B9E424C
:10BDE000F6D3F2E789580193404629F055FA019BB2
:10BDF00090B101340AF1010AA4B273685345ECD939
:10BE0000009B9C42E1D8BC42F3D331680BFB0AF2A1
:10BE10008B18B8F1000FE5D1B9F1000F0BD1013D3E
:10BE2000ADB218460E9A0D9B21469847002DCCD0F6
:10BE30000028DED1C9E7DA689145DAD1EFE74FF0A3
:10BE4000000ADAE7044E01244FF0140BC6E700BFE6
:10BE50007AA9002038A1040020A1040010B5BCB0CC
:10BE60001022002168463DF034FE142200210DEB23
:10BE700002003DF02EFE4FF41053ADF810302B4C65
:10BE80008023ADF8123010224FF48063CDE90634E0
:10BE900069463AAB0DEB020033F0EEFE034630B1DB
:10BEA000234A2448012127F00FFF3CB010BD014672
:10BEB000C0220AA83DF00DFE3A9922460AA834F0A5
:10BEC0001CF8034660B11C4A1A48012127F0FCFE09
:10BED0003A9833F03BFE03460028E6D0174AE0E7E5
:10BEE000174A0AAB4FF6FF7101202AF06EFB154985
:10BEF00004AB10220AA834F01EF804463A9833F036
:10BF000025FE14B1104A2346CBE70E4B082203F15D
:10BF10001001187811F8014D03F8014B013A08702F
:10BF2000F7D1082109482AF0BAF9BEE70002C00398
:10BF300084E8040088A10400ADE80400CBE8040014
:10BF400021640300381E0020E1E80400F01E0020F8
:10BF50002DE9F0411649BDF818700446A1F13000F2
:10BF600015461E4633F032F812482AF08AF90107C6
:10BF700001D4FFF773FF2046FFF7ECFC68B1037AAA
:10BF8000DA070AD500F10C0420462AF07AF9C30733
:10BF900003D4022120462AF082F9102306933A4660
:10BFA00031462846044BBDE8F0412AF0A6B900BF4F
:10BFB000781E0020F01E0020381E002008B505481D
:10BFC0002AF05FF9030703D4BDE80840FFF746BF36
:10BFD00008BD00BFF01E002007B500230193FFF746
:10BFE000B3FE411C89B20846034A01AB2AF0EDFAC0
:10BFF000019803B05DF804FB476203002DE9F043AC
:10C0000087B0837A072B02AF80460C46154640F076
:10C01000A68000233B73206842F6030307F10C015E
:10C02000FB8129F039F90646002834D1D4F8049070
:10C03000B9F1000F05D14C4A4C48012127F03BFED5
:10C040008DE00123009007F108022146C847031E36
:10C0500011DA6D4688B002AA4549D3610423C2E9CA
:10C06000051442F8103F414833464FF40151F7F7A9
:10C0700097FCAD4673E0012B05D03E4A3B480121B9
:10C0800027F022FE6BE03B7A13F0300F67D020469A
:10C09000FFF7A2FF0446002320683B7307F10C0161
:10C0A00042F60213FB8129F0F7F818B12046FFF79A
:10C0B00093FF0446002642F6021920683E70394676
:10C0C000A7F8029029F0E8F818BB002320683B731A
:10C0D00007F10C0142F60213FB8129F0DDF8064658
:10C0E00000283CD1D4F80490B9F1000FA3D00090FF
:10C0F000022307F10C0221464046C847031EA8DB75
:10C10000022BBAD1BB8905EA0300003818BF012011
:10C1100026E020683E7142F60303391DFB8029F0BA
:10C12000BBF80028D1D020683E724FF4205307F1AD
:10C1300008017B8129F0B0F80028C6D020683E7342
:10C1400042F6010307F10C01FB8129F0A5F8002854
:10C15000BBD02046FFF740FF04460028ADD10020A9
:10C160001437BD46BDE8F083F7E8040088A1040059
:10C170000BE9040031E904002DE9F84389465168D0
:10C18000B1F8128018F09408074615463CD10222F7
:10C19000FFF734FF00283AD04FF470200021AE8A18
:10C1A000FFF79EFA0236044660B11A4B4360C56041
:10C1B00032461D213846FFF761FA064638B9204657
:10C1C000FFF7BAFA6FF00B052846BDE8F8830123A4
:10C1D00042464146FFF7ACFBA98A06F10C0002314A
:10C1E00028F093F820F8029BAA8A29693DF04AFCBE
:10C1F000A6602146384629F0E1FF05460028E3D035
:10C200002046FFF799FADFE74FF0FF35DCE76FF0E4
:10C210001505D9E74D62030070B505468AB03A4866
:10C220002AF02FF842070C4667D515B1AB7A072BD9
:10C2300066D1666805963046FFF786FD2268ADF840
:10C240001800002A2FD005A902913049019101213F
:10C25000002300914FF6FF710593FFF7A5FD059EA2
:10C260001EB96FF001000AB070BD6660002330682F
:10C270008DF8103004A942F60303ADF8123029F00E
:10C280000BF840B90598C3689B799B0608D52AF03E
:10C2900055F9ADF8180005982AF0A2F9606028B9A0
:10C2A0006FF01500DFE70028E0D1DAE7BDF81800ED
:10C2B0003DB101230146A37522462846FFF75CFFE6
:10C2C000D1E76FF07F0307930223ADF8203042F6E9
:10C2D0000213ADF8123005ABA57502930C4B019318
:10C2E0000123009304AA2B464FF6FF7109948DF8A1
:10C2F0001050FFF759FD0798B5E76FF00A00B2E755
:10C300006FF07F00AFE700BFAC0100207B6203004D
:10C3100059C5000013B550F8082C01920346A0F14E
:10C32000200100F13004BFF35B8F54E8002F22F0AE
:10C33000010244E800200028F7D1BFF35B8F0D4ACB
:10C3400043F81C2C0C4A43F8182C01AA002043F88F
:10C35000102C042223F8080C23F8060C23F80C2CCC
:10C36000FFF75AFF18B90221204629F098FF02B0C2
:10C3700010BD00BFF8A7040079BC0000F8B5304B31
:10C380008168994200AF044621D1C6681568338997
:10C39000EBB13246284612F8011B29F022FAB0B15F
:10C3A0004FF49572214628462AF02FF9032811D11F
:10C3B0006D4688B06A46234BCDE9053442F8100F2C
:10C3C000214800234FF4C451F7F7EAFAAD460120A3
:10C3D000BD46F8BD3146204629F077FF1B4B9E42F3
:10C3E000F5D1287A05F17001FFF7CCFA0446002850
:10C3F000EDD0038913B94389002BE8D02846FDF717
:10C4000001FB134B228923F8202003EB8003628970
:10C4100010495A80182202FB00110F4A4A600B6132
:10C420000E4A8A60042328468B82FFF7F5FE002817
:10C43000CDD00B4A0448012127F03DFCC7E700BFDF
:10C4400025BB00004AE9040088A10400D8050020AB
:10C450006AA90020E87D0020F8A70400D564030045
:10C460005EE9040070B504468AB0384829F009FF37
:10C4700042070D4663D514B1A37A072B62D16E68CB
:10C4800005963046FFF760FC2A68ADF81800002AD0
:10C490002FD005A902912E4901910121002300917D
:10C4A0004FF6FF710593FFF77FFC059E1EB96FF0F5
:10C4B00001000AB070BD6E60002330688DF8103046
:10C4C00004A942F60303ADF8123028F0E5FE40B9A6
:10C4D0000598C3689B79DB0608D52AF02FF8ADF8DC
:10C4E000180005982AF07CF8686028B96FF01500EC
:10C4F000DFE70028E0D1DAE7BDF818002CB10146EB
:10C500002A4620462AF09FF8D3E742F60212ADF8F9
:10C51000122005AA6FF07F0302920E4A07930123AF
:10C52000CDE90032ADF8203004AA23464FF6FF7162
:10C5300009958DF81040FFF737FC0798B9E76FF0C1
:10C540000A00B6E76FF07F00B3E700BFAC01002040
:10C550007B62030059C50000F8B5364B154682686A
:10C560009A42044601D00120F8BDC768324B9F4271
:10C5700046D03A89AB899A42F5D1394611F8010B78
:10C58000FDF7DEFC06460028EDD0837A072B05D0A8
:10C59000FDF7DAF8E7E7FDF7D7F8EAE77B6923B1BB
:10C5A0002146984708B93046F2E7648A14F09404AB
:10C5B000F9D1AB89022B16D13C8914F002040AD0C0
:10C5C0002A69A9883046FFF7D7FD044618B92A69B9
:10C5D000937D013393753046FDF7B6F8002CAC60BF
:10C5E000C1DA0020C0E7012BF5D13C8914F0010429
:10C5F000F1D02A69A98830462AF025F80446EAE7EE
:10C600000E4E0F49304629F042FE0028B1D116F8EF
:10C61000010C07223146FDF7E7FC0028BBD12B694E
:10C6200016F8010C1A69314653881288FFF7E6F9AB
:10C630009FE700BF25BB0000D80500206FA90020A0
:10C640003EF9040007B5064A00906B4601204FF6FC
:10C65000FF718DF8040029F0B8FF03B05DF804FB0A
:10C660007DC300002DE9F0410D4B1B6806460F46C7
:10C67000904623B153F8044904B1043C0BB9BDE81A
:10C68000F0811B681BB142463946304698472CB1B1
:10C69000656805B1043D23462C46EFE72546FAE7D9
:10C6A000147E002070B503460F4A04464FF6FF7112
:10C6B000012029F08AFF2046FFF74CF9054688B192
:10C6C00004F17006207A314628F02CFF20B9284664
:10C6D000BDE87040FFF77CB93146681CBDE870408A
:10C6E00029F0ECBD70BD00BF69BA00007FB54FF402
:10C6F0002052ADF8162004AA02920B4A0023012012
:10C70000CDE900324FF6FF7105AA04938DF814307D
:10C71000FFF74AFB049B012B14BF6FF015000020AC
:10C7200007B05DF804FB00BF4567030080B500AFAC
:10C7300088B06A46074BCDE90530032342F8103F25
:10C74000054800234FF4C251F7F72AF96FF00B00A8
:10C75000BD4680BD83E90400A8A1040008B5064ACF
:10C76000136823B9054850600A60184608BDFFF7F2
:10C77000DDFF6FF00B00F9E71C7E002070A80400BD
:10C7800000F1070C2CF0030C10B4541E1860A4B276
:10C79000ACF80020023A93B201FB04F24FF0000C17
:10C7A00040F802C074B103FB011403FB01F2204402
:10C7B000121B4FF6FF7C013B9BB263458050A0EB00
:10C7C0000100F8D110BC70470346006810B1026840
:10C7D0000AB91A60704700F1070C2CF0030CD11D48
:10C7E000BCF800C021F003010CF1FF3CA1F800C02F
:10C7F000EFE700BF0B687BB1073323F003031A8810
:10C80000013292B20346D1F800C043F807CB23F0BF
:10C8100003031A80086070470122F3E702FB01005E
:10C82000704700BF401A90FBF2F080B2704700BF23
:10C83000531E11449BB242B1DB430138CA1811F8B0
:10C84000013D00F8013F9142F9D17047014402E0F7
:10C8500010F8013B1BB98842FAD100207047012033
:10C86000704700BF10600860704700BF0A68034649
:10C870000068904205BF00220A6000201A607047DD
:10C88000D2F800C0CCF80000D2F800C0CCF80410F8
:10C8900010607047884203D01AB143681360704734
:10C8A000002070470B68834209D02AB15868106095
:10C8B0001A680A6018467047002BF9D1FAE700237E
:10C8C000F8E700BF2DE9F8430E4EDFF83C904FF03B
:10C8D00090080C2706F1200409EB08052A1D2946BB
:10C8E0002046083CFFF7BEFFB442A5F10C05F5D188
:10C8F000043F3B1DA8F13008A4F12006EAD1BDE8B1
:10C90000F88300BFCC7E0020187F002010B40346BF
:10C910008C469AB101EB4101144803EB4304090131
:10C9200001EB84010144487A0C7AA04204BF013033
:10C93000087210BC614618460AF068BC01EB41025F
:10C940000A4C120100EB400302EB830323449C7A60
:10C95000DA7AA24201D010BC704701329A72044BBD
:10C9600001225A5410BC0AF081BC00BFF47E0020A2
:10C97000707E0020F8B506461C460D4602B32278AC
:10C980006378D21A12F0030229D1294F71004FEABD
:10C99000450C3144AC44890001EB0C1101330431E6
:10C9A000DBB27A18606823702146FFF769FF214BDC
:10C9B0000122294630465A550AF058FC0020F8BD9D
:10C9C0000AF03EFC0028DAD0294630460AF02AFC5C
:10C9D000637860B92278D21A12F00302D5D0012A06
:10C9E00003D00133DBB22370E1E71046F8BD05EB5D
:10C9F000450206EB46010E4F120102EB81023A445A
:10CA00007100907AD27A90424FEA450C05D0207896
:10CA1000C01A10F00302E2D1BBE72278D21A9207C3
:10CA200002D00233DBB22370D4E902039847C5E792
:10CA3000F47E0020707E00202DE9F04FDFF8609139
:10CA400019F8003089B0002B59D0DFF858A1C0EB9D
:10CA500000134FF0000B00EB40079B000324CDE9CF
:10CA600004BB09F800B00AEB07170393029483464E
:10CA7000B8460023B96A58F8240F079307AAFFF7AE
:10CA800009FF044607AAB4B1079D2E786978761A83
:10CA900006F00306012E35D02B78591A01F0030158
:10CAA0000129DBB23DD1D7E90901FFF7F3FE0446C6
:10CAB00007AA002CE8D197F82E3097F82F209A4239
:10CAC00003D087F82F300123049397F82C3097F880
:10CAD0002D209A4203D087F82D3001230593029B25
:10CAE0005D1EEBB2FF2B0293A7F10C07C0D1049996
:10CAF000D846DDF814B011B1BBF1000F45D009B034
:10CB0000BDE8F08F01396970079BD3E902029047B5
:10CB1000079D2A786978D3B2521A02F00302012ADB
:10CB200021D0B86A019300224146FFF7BBFE6C603A
:10CB3000019B6A786B702B789B1A03F00303012B1F
:10CB400008D0D7E9090107AAFFF7A4FE012E044681
:10CB500098D10EE0039B6A701A1D29462046524464
:10CB6000FFF78EFEEDE7D7E9090107AAFFF792FE6E
:10CB70000446029B8BB101235946584609F80B30F5
:10CB80000AF074FB09B0BDE8F08F5A4641464046B2
:10CB900009B0BDE8F04F0AF039BB002C8BD0EAE7B2
:10CBA000707E0020F47E00204B1EDBB271B1411E6E
:10CBB00000EB030C002011F8013F23B15A1E013095
:10CBC0001340C0B2FAD16145F5D1704708467047AD
:10CBD00070B5057E0468FF2D2AD02A464FF0000C60
:10CBE00007E09E6814F80E30FF2B1546B4441FD0A2
:10CBF0001A4602EB420391424FEA031E04EB031371
:10CC0000EFD18D4202D114F80E20027614F80E20D6
:10CC1000986805EB45052D01FF2A625506D002EB09
:10CC2000420204EB0212936803449360604470BDB7
:10CC3000002070BDA2EB010C1CF4000F10B483683F
:10CC400044690AD12CF07F4C6344A3420DD8E41A06
:10CC500000234461836010BC7047891A21F07F4132
:10CC60008B4208D95B1AA342F1D91B1B00244461F3
:10CC7000836010BC70470C44E41AE9E72DE9F041E9
:10CC8000244DBDF824708E462C2101FB00556968A7
:10CC900001EBCE0011F83E60C478417804F1010C3C
:10CCA0005FFA8CFC664598BF4FF0000C61452DD0B3
:10CCB000466804EB4404210106EB04144FF0040819
:10CCC00006F801806360069BA360079BE360089BF6
:10CCD00023610A9BA3610F9B63620B9BE3610C9B27
:10CCE00023620D9BA3620E9BE36202236270A78204
:10CCF000A37080F803C0D5E90836704698472B46E4
:10CD000041460022B047A078BDE8F0810120BDE88F
:10CD1000F08100BFB47F00202DE9F04F87B00346BB
:10CD2000427A019000685F680290002A00F0EF806C
:10CD3000531EDBB207EBC3038A4603930597039B9D
:10CD40005A6893F801B00492BAF1FF0F57D00AEB7A
:10CD50004A04029BCDF800A04FEA0419002513F8FD
:10CD600009A003EB0414019BFF2727701E681B7E9C
:10CD700006EB0908BB42D8F808100DD1C1E0091A2A
:10CD800005D1B8F81E90BEF81EE0F1457AD8B25C25
:10CD9000FF2A1F4665D0134603EB430206EB021E33
:10CDA0004FEA430CDEF8080088424FEA0212E6D947
:10CDB000FF2FC8F8081088F800305DD1DDE90020A9
:10CDC0000276634406EB03139A68521A9A60A378BA
:10CDD00001336370002DB7D0AB6A4FF000022A70A8
:10CDE000AA7013B1E96A002098476368002BABD1A1
:10CDF000AB6A2362EB6A6362BAF1FF0FA7D1039BB0
:10CE0000049E99780BEB4B030BF1010059454FEA57
:10CE100003125FFA80FB06EB031569D0039B1878B9
:10CE2000B35C584508BF4FF0000B042BEAD169787A
:10CE3000029801EB410300EB03144FEA03196078F9
:10CE4000A378984220D04FF00003B354AB6A4FF060
:10CE500001020120AA700BB1E96A9847039B9978F7
:10CE6000D0E79C444FEA0C1C009BC8F8081088F8D7
:10CE7000002006F80C30AAE707EB47073F01009AAD
:10CE8000F2559EE7014693E7019AAB8A00915169FA
:10CE90004FF6FE72934207D04FF6FF729B1AB3FA19
:10CEA00083F35B0984F82C306B6AA362EB686360E0
:10CEB0002B69236200226262AB8A4FF6FD708342C7
:10CEC00088BF1346A383AB69A361EB69E3602B6A58
:10CED0002361AB68A36062616A682046FFF7AAFE1F
:10CEE0004FF00003E383E37843F00103E3703AE794
:10CEF000039A517005999142A2F1080307D0039358
:10CF00001DE706F80930DDE9003213765FE707B068
:10CF1000BDE8F08F2DE9F04F447E01238FB083767A
:10CF2000002C40F0BA80037EFF2B814600F0B480D5
:10CF300009F02AFDD9F81420D9F81C3099F8188086
:10CF4000D9F80060801A20F07F4B5B4594BF002326
:10CF50000123B8F1FF0F0393A2467CD0049408EBA1
:10CF6000480806EB08144FEA0818A3685B4571D817
:10CF7000A27816F80880ABEB030B9A4463789B1AEF
:10CF8000DDB2012D63D1A06AA3690293002800F0ED
:10CF900019810168002900F08380002B00F02A81AC
:10CFA000039B002B00F04A81037A5A0700F03B8173
:10CFB000037A23F007030372E78BE27822F0010281
:10CFC0007B1CE27094F82C209BB2E383002A00F0D3
:10CFD000E080A28B9A4280F0DC80A06A002800F0FA
:10CFE0006581037A03F00703012B00F0D28000274C
:10CFF00041684760A36A1A7A67F302021A72A2783C
:10D00000E768013AA27017B36369D9F8142094F85D
:10D0100003C0AAEB0303134423F07F40626A236931
:10D020000CF0010C002D40F0DF80B4F81EE0CDE9DB
:10D0300000C37346B847DDE90223002A18BF43F056
:10D0400001030393E378E58365F30003E370B8F12C
:10D05000FF0F84D1049C99F80B3099F80A209A426A
:10D0600008D10132D2B2022A1ABF14462346002345
:10D0700089F80B4009EB83030022C3F80CA0D9F810
:10D08000244089F81A204B46012204210320A4469B
:10D090000FB0BDE8F04F604784760FB0BDE8F08F69
:10D0A000029B002B00F08C80039B002B80D1D9F8D1
:10D0B0001C309A45FFF47CAFB8F1FF0F7DD0029B86
:10D0C000E78B09939C46A38B6168CDF818B0BB42EF
:10D0D0009ABFFB1A9BB23B4603FB0113CDE907A89D
:10D0E00005934FF0000E43460B92DDF824800C951B
:10D0F000CDF824C0A3468A4684460D97CDF82890E3
:10D1000003EB430306EB03121B0191688E44F045C9
:10D1100048D3906A946900283FD0006800283CD02A
:10D12000D58B978B5068AF4240F29380002840F037
:10D130009780BCF1000F32D08146DCF8000028B1A6
:10D14000029919B97444A04280F0BD80AF4226D83C
:10D15000D0789BF8032000F0010402F00105A542FD
:10D1600005D34240D1071AD4B9F1000F17D0604659
:10D170005C46DDF820800C9DDDF824C00D9FDDF8B5
:10D180002890DDE906BA002840F09680CDF808C066
:10D1900013E7A378013BA37059E7002CC0D1F35CDF
:10D1A000FF2BADD16046DDE9088C5C46DDE906BAAF
:10D1B0000B9ADDF82890CDF808C0002800F0908088
:10D1C000002514E7029B5BB3039B002B7FF4F4AEB6
:10D1D000D9F81C309A45FFF4EFAEB8F1FF0F7FF499
:10D1E0006EAF03990D460BE7CDE900C34FF6FF7311
:10D1F000B8472CE7039B63B9D9F81C309A4508D38C
:10D20000B8F1FF0F54D04FF0040CE78BCDF824C0D9
:10D2100059E704230293037A5A077FF4C9AE02E068
:10D22000029D0021ECE6A18BE28B91423FF6C0AE5D
:10D23000012262F302030372E78BBEE6D9F81C30C9
:10D240009A45FFF4B1AEB8F1FF0F7FF438AF039DFC
:10D25000CDE668B9BCF1000F7FF46EAFE14677E729
:10D26000BAF1000F20D1BCF1000F98D0D14664E78D
:10D27000BAF1000F12D0A5EB07091FFA89F9411A7C
:10D2800000FB0911059888422CBF4FF000094FF0B0
:10D290000109BCF1000F7FF450AF57E7D146BCF154
:10D2A000000F7FF44AAF51E7A946E8E7A278B8E754
:10D2B0000423039D02939AE60168CDF808C0002973
:10D2C0003FF476AE70E65C460146DDE906BA60469C
:10D2D000DDF820800C9DDDF82890DDF824C0ECE717
:10D2E000054601468CE600BF837E002B40F0348368
:10D2F0002DE9F04F477E8DB08346002F76D1837A9B
:10D30000C27A012141769A424169079100F0258352
:10D310000133DBB2022B12BF1A463A463B4600EB02
:10D3200082028372D268079B0592134423F07F43E5
:10D33000436101259BF81830089309F025FB9BF801
:10D340000920DBF800300193531EDBF804600490E1
:10D35000DBB2002A00F01F84CDE90A7506EBC30A90
:10D36000FF2303930696D946DAF804704FF0000BBA
:10D370009AF803109AF8025005EB45046B1CA94279
:10D380004FEA0418DBB207EB041460D09AF80020CF
:10D390009A4208BF00238AF8023017F80820042AAE
:10D3A0003AD9082A2CD86178019801EB410300EBA7
:10D3B00003161B01B078029373781B1A13F0FF0356
:10D3C0002CD1062A1CD199F81B308B4250D007F87B
:10D3D00008B0A36A84F802B0002BC9D0E16A00202B
:10D3E00098479AF803109AF80250C5E7446A042156
:10D3F000034601220420A4460DB0BDE8F04F60476B
:10D4000007F808B04FF00103A370A36A002BAFD058
:10D41000E16A01209847ABE71D46ADE7052A1ED11A
:10D4200062684AB9A2683AB9E2682AB922691AB9A7
:10D43000626932F07F42E3D0012B29D00421D9F870
:10D4400024404B4601220846A0478AF80250069A1B
:10D450005245AAF1080300F0E0809A4684E7012BC8
:10D4600000F0A480062AE9D199F81B308B42AED196
:10D470006168D9F814208B1A1D0240F1BD80059B0C
:10D48000521A22F07F4293428CBF9B1A0023B7E0CE
:10D490004846FFF79DFBB060D9F814E0049B059A5D
:10D4A000A3EB0E0323F07F431344984240F2AF8076
:10D4B000C01A7368002B46D0A38A002B43D0013BCF
:10D4C0009AB2A2827568F38BA84218D81BE0726AE0
:10D4D000DFF8A4C28BB2A94951186145A0EB050041
:10D4E00006D902F1E87202F5D43202F5A5720138CC
:10D4F000316AF383521A72628542A28A03D293423E
:10D5000003F1FF31E3D89A421CD9316A099706E04A
:10D51000726201339BB2F383A28A9A4211D9726A72
:10D52000DFF858C2944F0A449444BC452844EFD8CD
:10D53000A2F1E872A2F5D432A2F5A57272620130AE
:10D54000E7E7099FB2836368B16A0344B360A268E6
:10D5500073691344736129B10B681BB1D4E90132BB
:10D560009B1A4B60049A71463046FFF763FBE268F2
:10D57000B3691344B361226993428CBF9B1A0023A1
:10D58000B361A37D1BB1F27863F30002F270E37D17
:10D5900013B1013B86F82C30DDE90121039B535484
:10D5A0007378627803920133737010E7062A3FF4B0
:10D5B0000AAF4846FFF70CFBB378B060737099F878
:10D5C0001B2063789A427FF402AF17F80830062BCD
:10D5D0003FF44EAFFF2389F81B3017F80830062BB5
:10D5E0003FF446AF082B3FF443AF0499D9F8142019
:10D5F0008B1A1D023FF543AF059A23F07F43134476
:10D60000D9F81C209A4288BFC9F81C30DFE672693D
:10D6100013441B1A736100204BE7DDE90A75CB4602
:10D620009BF81860002D00F01781049B079ADBF827
:10D6300000809B1A23F07F4A089BF51A18BF01252A
:10D64000FF2E08BF2C465FD04FF00009CDF80490A4
:10D650000497DDF81490059506EB460508EB0514D4
:10D660002D01A2684A4500F26882019BA178E08BF7
:10D670001344019363785B1ADBF81C108A4234BFB1
:10D68000891A0021A9EB0209AAEB020A24BF4FF074
:10D69000FF328BF81B20CBF81C10A16AA769DBB204
:10D6A000002900F0CC800A68002A00F0B480002F26
:10D6B00040F0B480022B00F03B820022A26018F8F8
:10D6C00005208BF818206168A26A002974D122B164
:10D6D000127A02F00702012A52D03BB1012B00D08E
:10D6E00020B1236A13B1616A01209847A37863705F
:10D6F0009BF81860FF2EAFD1DDE90475089BFF2B66
:10D700000CBF2C4645F0010403995846FFF704FB73
:10D71000CDE90247DBF800A0CDF804B04FF0000CD3
:10D72000019B187EFF2800F0398204464FF0FF0865
:10D7300000E01C4604EB44030AEB03151B01A96A35
:10D740008E4629B10A7A02F00702012A00F00B8105
:10D750001AF80330FF2BA046EBD1DDE90247DDF8D4
:10D7600004B0BCF1000F40F09280089B834240F06F
:10D770008E80002C7BD08EE0592B177F5A2B17FF01
:10D78000A378C4F808906370079B019ADBF8141023
:10D790009A1822F07F422046FFF74CFA039B08F8C4
:10D7A0000530637803960133DBB263709BF8186031
:10D7B000FF2E7FF451AF9FE722B1137A03F00703E6
:10D7C000012BDDD0B4F81EE0BEF1000F40D1B4F85B
:10D7D0001CE07046D4E908C300220294BC4FBD4C43
:10D7E0006344DF19A74200F1FF300A4406D8A3F1D1
:10D7F000E873A3F5D433A3F5A5730132441CEDD12E
:10D80000029C94F82C706362002F00F08480A26068
:10D81000A4F81EE0B8E7002F3FF44FAF022B7FF4CF
:10D820004CAF00287FF449AF0A7A02F00702012AC0
:10D830003FF443AFCBF81C708BF81B603DE7002F23
:10D840003FF43BAF022B7FF438AF0028F2D034E72F
:10D85000A37863700020BDE758460399FFF75CFA90
:10D860009BF81800089B83420ED19E420CD10023E6
:10D870008BF819309BF81A30002B49D0DBF8244084
:10D880005B4601220321B5E5FF2800F09281089B49
:10D89000FF2B00F06B81DBF8003000EB400003EB66
:10D8A0000013D3F80880B8F1000F59D009F06CF8D4
:10D8B0000A260446DBF81430E21A22F07F42904533
:10D8C00006F1FF3602F103011AD941452CBF5B185E
:10D8D000434423F07F452846DBF82830984709F079
:10D8E00053F8031B2D1B23F07F43023325F07F45A4
:10D8F000AB4206D90EB10446DCE700DE0446D9E7A8
:10D90000012700238BF819309BF81A303B43B5D11F
:10D910000DB0BDE8F08F92457FF679AF6C48CDF839
:10D92000088006946B4C634403EB00080137A04564
:10D930000A44BFB206D8A3F1E873A3F5D433013289
:10D94000A3F5A5739245EDD8069CDDF808806362C7
:10D9500077441FFA87FE5AE770473D460597E9E48A
:10D960008BF819808AE7AA68002A40F03A81D5F836
:10D9700018B0BBF1000F06D10A68002A00F03D8103
:10D980008E464FF0040BDEE90029914580F0E380DC
:10D99000A2EB090C1AF80320FF2A00F0DC800199A1
:10D9A000CDF81C80C969ACEB0B000E1D0021CDE940
:10D9B0000594049099460F460846344613460BEBEF
:10D9C0000708C4453FD303EB43030AEB03121B01D3
:10D9D0009668304404287FD9061F3E44664528BF18
:10D9E00066460BEB04018C450ED3B0450CD8A969F3
:10D9F000002900F08C809EF80810090700F187804C
:10DA0000B6EB0B0140F0BD80916A21B1097A01F0BB
:10DA10000701012971D0916900296ED05268002A4E
:10DA20006BD0AA6907440431CC19002A63D09EF850
:10DA300008201207ACEB0B0100F1AA801AF80330A2
:10DA40000020FF2BBBD14B46DDE90648DDF81490E2
:10DA50008944CEF804901AF803B0BBF1FF0F5A4680
:10DA600018BF4FF0FF0C01D1CDE0024602EB42009F
:10DA70000AEB00174FEA4209BE688E424FEA0010D7
:10DA800080F0C3801AF80000FF289446A1EB06013D
:10DA9000EBD1A960B8F1FF0F00F09F8008EB4801BF
:10DAA00009010AF801B04A4412011AF802100AF8F2
:10DAB00003100AF80240EB8B013BEB839EF8083021
:10DAC000022262F302038EF808304FF0010C27E6C1
:10DAD0005A2B17FF592B177FAE6996B19EF8086035
:10DAE00016F008063FF47DAF9469049A07440434A5
:10DAF0003C44A242A2D32146A0E71AF803300021F9
:10DB00009FE791690744043139440C4696E7002C9D
:10DB10003FF47AAFA6EB0B06A642FFF475AF4B4677
:10DB2000DDF8149022469144DDE90648114690E75D
:10DB300000287FF4C2AD042776E64B46D21AA260D5
:10DB4000059D9BF81830089A049F93420CBF2C4601
:10DB500045F00104D8E5CEF804901AF80330FF2B05
:10DB600008BF00214FD00023AB60A4E708F00CFFF2
:10DB7000044608F0E5FE40B99BF81800CBF81440C5
:10DB800089E6A142FFF440AF5DE79BF8180082E60A
:10DB90000A460021ADE7FF23039341E5029C9B4623
:10DBA000BCF1000F05D1089BFF2B02D1002C3FF4E4
:10DBB0005EAE08F0D5FE044600287FF458AECBF8E0
:10DBC0001C0008F0E1FE8BF81940CBF814009BF81C
:10DBD0001A30002B3FF49CAE50E6019981F818B042
:10DBE00061E700DEA96AD5F818B08E46BBF1000FD8
:10DBF0007FF4C9AE00297FF4BFAE00DE4FF0040B06
:10DC0000D5F828E0BFE6A96055E7761ABCF1FF0F0A
:10DC1000BE60A9603FF44FAF1AF803B062464FEA06
:10DC20004C0937E7F8B5069E9DF81C50089CB8B91A
:10DC3000144F3A605A1E39727B727E60D2B273B151
:10DC400006EBC2025460114612F808398E4203EB0B
:10DC50004300A5EB030304EB0014DDB2F2D10DB1D8
:10DC60000120F8BD099B3B620A9B7B62FF240B9B52
:10DC7000BB623C7608F088FE7D817861FC76FD61B0
:10DC80002846F8BDB47F002040B9064B1A7EFF2A13
:10DC900001D1187270476FF00F0070476FF01500D8
:10DCA000704700BFB47F0020044B2C2202FB0033DE
:10DCB000187A003818BF0120704700BFB47F0020D9
:10DCC00010B4074B2C2202FB00335C6A2CB1A44633
:10DCD000012210BC03210220604710BC704700BF26
:10DCE000B47F002010B58AB00C9C00940D9C019468
:10DCF0000E9C0294BDF83C400394109C0494119C2B
:10DD00000594129C0694139C0794149C0894002478
:10DD10000994FEF7B3FF0AB010BD00BF10B4BDF800
:10DD20001040049410BCFEF7A9BF00BF2DE9F047D6
:10DD3000244DBDF82C809DF830709DF83CE02C24DB
:10DD400004FB00556C6804EBC10014F83190C478F2
:10DD5000467804F1010C5FFA8CFCE14598BF4FF066
:10DD6000000C66452AD0466804EB44044FEA0419C7
:10DD700006EB04144FF0050A06F809A06360089B3F
:10DD8000A360099BE3600A9B23610D9BA3620E9B2A
:10DD9000E36202236270A4F81480A77584F817E088
:10DDA000A37080F803C02B6A6E6A084698472B461A
:10DDB00000220421B047A078BDE8F0870120BDE82B
:10DDC000F08700BFB47F002010B588B00A9C009493
:10DDD0000B9C01940C9C0294BDF8344003949DF874
:10DDE000384004940F9C0594109C069400240794DA
:10DDF000FFF79CFF08B010BDF8B5194E2C2404FBAA
:10DE00000066746804EBC10014F831E0C47845780A
:10DE100004F1010C5FFA8CFCE64598BF4FF0000C52
:10DE200065451BD0456804EB44044FEA041E05EB2E
:10DE30000414072705F80E70A362069BE362022311
:10DE40006270A37080F803C0336A756A0846984709
:10DE5000334600220421A847A078F8BD0120F8BD70
:10DE6000B47F0020F8B51A4E2C2404FB00667468B9
:10DE700004EBC10014F831E0C478457804F1010CDA
:10DE80005FFA8CFCE64598BF4FF0000C65451DD04D
:10DE9000456804EB44044FEA041E05EB041408270C
:10DEA00005F80E706360069BA362079BE362022382
:10DEB0006270A37080F803C0336A756A0846984799
:10DEC000334600220421A847A078F8BD0120F8BD00
:10DED000B47F002008F058BD401A20F07F40704702
:10DEE00001480021704700BF1F410100022801D0F6
:10DEF0000120704738B5044608461D4602F0C2FEB0
:10DF000010B10020287038BD204638BD00230370B2
:10DF10000B70704738B5054600200C4602F0A2FC95
:10DF200070B93DB9074B44B120681860A2889A8047
:10DF3000002038BD044B002CF6D11C609C80F7E714
:10DF40000C2038BDE87F0020E07F0020012804D8A5
:10DF500008B903487047034870470020704700BF66
:10DF6000E87F0020E07F0020012809D830B9064B67
:10DF7000186808609A888A8018467047034BF7E74C
:10DF800000231846704700BFE87F0020E07F002094
:10DF900010B5044607F082FA50B907F0BFFD60B92A
:10DFA00008F0A8F870B92046BDE8104018F0F8BD98
:10DFB00000DE07F0B3FD0028F2D000DE08F09AF88A
:10DFC0000028F0D000DE2046BDE8104018F0E8BD83
:10DFD0000860014818F0E4BDF084002018F0E0BDAE
:10DFE0002DE9F84F0B78072B84BF2C4B93F840306A
:10DFF0009A428946834692464DD0284D5C1CE4B235
:10E0000035F833200280082C08BF0024002605EBD9
:10E01000C30301274FF0120819E0012838D0C3F8D4
:10E020000480072C89F8004088BF95F84040A2453D
:10E0300023D023B2013435F83310BBF80020E4B20A
:10E04000082C08BF0024914205EBC30315D1586882
:10E05000B0B1FF28E1D9027902F00302013A012AA6
:10E0600012D912225A6002F025FE072C89F80040CE
:10E0700088BF95F84040A245DBD13046BDE8F88F17
:10E0800001365F60F6B2CCE70136F6B20122E9E76D
:10E090000136F6B2C5E70026EFE700BF1C8000207E
:10E0A0002DE9F041324F3B88984253D913F0FF05D8
:10E0B00024D0DFF8C08098F8154098F814302E4826
:10E0C0000134E4B2052C08BF0024A34218D0FEF7A7
:10E0D0007BFB064629488EB1FEF776FB00283BD035
:10E0E000066098F8153048F823003B8888F81540FA
:10E0F000013D013B15F0FF053B80DED1BDE8F0811D
:10E100003B88002BFAD0DFF8788098F80940002689
:10E110000134E4B2022C98F80830174808BF0024F4
:10E12000A342EBD0FEF750FB05461448002DE5D086
:10E13000FEF74AFBB0B16E60056098F8093048F808
:10E1400023003B8888F80940013B9BB23B80002BB1
:10E15000DED1D3E70546ACE730460749BDE8F041DC
:10E16000FEF748BB28460449BDE8F041FEF742BB34
:10E1700080800020B082002084800020D080002099
:10E18000648000202DE9F8432F4B304F181D0522E5
:10E1900024214FF00008A7F81880FEF7F1FA2C4B65
:10E1A00005220821181DFEF7EBFA97F818907C7EDF
:10E1B00005260134E4B2062C08BF0024A1452448FA
:10E1C00013D0FEF701FB05461F4875B1FEF7FCFAB8
:10E1D000002834D0C5F8048005607B7E47F8230012
:10E1E000013E16F0FF067C76E3D11A4B0722181D7C
:10E1F0004421FEF7C5FA184B0922181D0821FEF725
:10E20000BFFA1548FEF7E0FAA8B1144A111FFEF74D
:10E2100029FB1148FEF7D8FA78B1114A111FFEF711
:10E2200021FB104B0522FF201A80FFF739FFBDE8C4
:10E23000F84306F029BD00DEE7E700DEEDE704491C
:10E240002846FEF7D7FAD0E7F4820020AC830020FE
:10E25000C8820020D0800020848000207C800020A4
:10E2600074800020808000202DE9F0417B4D7C4EA1
:10E2700086B004AA02A90DF1070003F0DBF80446FA
:10E28000D5E9000103AAFEF705FB074650B3039B3F
:10E29000002B6AD0187804AA02A903F0E3F8039BC4
:10E2A0000446002840D0049ABDF808101F78ADF845
:10E2B0000A10059203F0E8F82146059ABDF80A0015
:10E2C00003F016F9204603F0A9F805AA0DF10A019A
:10E2D000384603F0C7F804460028EBD1306818F040
:10E2E0005FFCC6E7002C3DD0049B05939DF80770AA
:10E2F000BDF80830ADF80A3003F0C6F82146059A9B
:10E30000BDF80A0003F0F4F8204603F087F805AAE8
:10E310000DF10A01384603F0A5F804460028EBD1B8
:10E32000306818F03DFCA4E705931B79013B2C2BCA
:10E330001ED8DFE803F01F32741D1D1D1D1D1D1D9D
:10E340001D1D1D1D1D1D1D1D1D1D1D1D6A1F1D1DAE
:10E350001D1D1D1D1D1D1D1D1D1D1D1D1D1D1D1DED
:10E360001D1D1F0006B0BDE8F08100DE039B91E794
:10E3700000DE7EE7394968680022FEF793FA394BE0
:10E38000059993F8413038460B70374AFEF778FA12
:10E39000334B186818F004FC6BE7304968680022BA
:10E3A000FEF780FADDF81480D8F8084034B12378FD
:10E3B000002B50D02378013BDBB2237098F80C304F
:10E3C00013B1012B41D000DE284A002388F80C301D
:10E3D000537E117E0133DBB2062B08BF0023994226
:10E3E00037D0C8F80070517E42F821805376002C57
:10E3F0003FF43FAF2378002B7FF43BAFA368002BA3
:10E400003FF437AFE068984733E714496868002263
:10E41000FEF748FA0599384602F094FE29E705A967
:10E42000384602F0ABFE0D4968680022FEF73AFA62
:10E43000059900293FF41DAF0B792E2B3FF419AF3E
:10E44000084B384693F841309EE74046F2F7FCFA15
:10E45000BAE700DECBE700DEACE700BF7880002043
:10E46000EC8400201C80002074800020AC830020FD
:10E4700030B5244B244C87B0186008F053FA237849
:10E48000002B37D02149224A224D05954FF0050C2B
:10E4900081F808C0204C0492204A0220CDE90224D1
:10E4A00004230D24CDE900141D4A087408760B706E
:10E4B00000200621FFF7B6FB08BB01220021194806
:10E4C00030F059FC06F04CFF08B107B030BDFFF743
:10E4D00059FE07F00BFB0028F7D102F08DF9002858
:10E4E000F3D107F0FBFD0028EFD107B0BDE83040C5
:10E4F00002F0D2BDFEF7E6F901232370C2E700DE89
:10E50000DBE700BFEC84002020AB002078870020F0
:10E51000C172010061730100A17201000885002031
:10E5200098870020F084002030B587B002F06AF9A7
:10E5300078BB02F0B7FD88BB1B481C491C4A1D4B29
:10E540000024A0F84040A1F8204194821C810122BF
:10E550002146684630F00FFC174B22462146032027
:10E560006D46C3F808D0FEF705FAC8B94FF0FF3280
:10E570004FF0FF33284618F04FFB02F049F988B9F5
:10E58000FFF700FE0021012007B0BDE83040FFF793
:10E59000C1BC00DE02F086FD0028CDD000DECBE756
:10E5A00000DEE3E700DEEBE71C800020C8830020EC
:10E5B000B0820020648000203006002008B5FFF7FC
:10E5C000B3FF06F015FF00B108BDBDE80840FFF736
:10E5D0005BBB00BF2DE9F0432A4D2B4F83B0804633
:10E5E00089460023C8F8003095F84140D7E900017A
:10E5F00001AAFEF74FF9064690B3019B23491A780A
:10E600004846FFF7EDFC80BB95F840308DF80130AF
:10E6100095F8412004460DF101010DF10200FFF7CC
:10E62000DFFC44EA000212F0FF02F1D1019B1979EC
:10E63000012920D139467868FEF734F9144930466B
:10E64000FEF7D8F8134A1388042B11D80198124901
:10E6500001331380FEF7CEF80120FFF721FDC0E75C
:10E660000A4922464846FFF7BBFC03B0BDE8F083E9
:10E6700000DE1388EAE71046C8F8003003B0BDE8B2
:10E68000F08300BF1C800020708000205C80002090
:10E690008480002080800020D080002030B5324966
:10E6A00083B000234868019301AAFEF7FBF8002815
:10E6B00051D02E49FEF79EF8019A13792D2B1DD8C3
:10E6C000DFE803F01F1C1C1F1C1C1C1C1C1C1C1C3A
:10E6D0001C1C1C1C1C1C1C1C1C1C1C171F1F1F1F73
:10E6E0001F1F1C1C1C1C1C1C1C1C1C1C1C1C1C1C64
:10E6F0001C1F137F3C2B19D0537F33B900DE03B0AE
:10E7000030BD002BFAD003B030BD93681C68A06DFB
:10E7100020B100231649A365FEF76CF894F85E302B
:10E7200023F0010384F85E3003B030BD9368D3E971
:10E73000004595B100225A60EB6D93B905F1500187
:10E7400005F14C00FEF792F8034640B12868EB65EE
:10E7500002F07EFAE2E700DEABE700DEEAE700DE89
:10E76000F4E700DEEAE700BF70800020848000202C
:10E77000D0800020F8B5046806460CB3314D204621
:10E78000246803792D2B18D8DFE803F02717172703
:10E790001717171717171717171717171717171709
:10E7A0001717172133272727272717171717171783
:10E7B0001717171717171717172700DE002CDED1AA
:10E7C00000233360BDE8F840FF20FFF769BC037FFA
:10E7D0003C2B25D013B100DE037953B32B88042BD7
:10E7E00024D8013318492B80FEF704F8002CC6D139
:10E7F000E6E7C0880028E1D102F038FA0746D0B138
:10E80000FB6ED3B907F1600107F15C00FEF72EF84B
:10E81000A8B1F866384602F01BFA002CAFD1CFE75A
:10E820000949FDF7E7FF002CA9D1C9E700DE2B88D5
:10E83000D7E700DED2E700DEE2E700DEE2E700DE57
:10E84000E7E700BF80800020D08000200148FDF76E
:10E85000BBBF00BF848000200149FDF7CBBF00BFD4
:10E86000848000200148FDF7AFBF00BFD0800020AA
:10E870000149FDF7BFBF00BFD0800020034B044A11
:10E8800093F841300B70FDF7FBBF00BF1C800020E8
:10E890007480002008B5064B064A93F841300B708F
:10E8A000FDF7EEFF044B1868BDE8084018F078B992
:10E8B0001C80002074800020EC8400200B490A7A20
:10E8C0004B7A9A420AD8A3EB020C5FFA8CFC6045A3
:10E8D00009D89A4207D051F82200704702339B1A98
:10E8E000DBB29842F7D90020704700BF6480002057
:10E8F000074A117A537A8B4208D04B1CDBB2022BA9
:10E9000008BF002352F8210013727047002070479F
:10E910006480002000B50D4A92F841C092F840E0B2
:10E920000CF10103DBB2082B08BF00239E4509D080
:10E9300022F83C0002EBCC0CCCF8041082F84130F9
:10E940005DF804FB00DE00231B80FFDE1C8000203E
:10E950000022042302700B70704700BF002208B52C
:10E960001146044B0120FEF705F800B908BD00DE92
:10E9700008BD00BF20060020022810B50C4602D0BA
:10E980000B68022B07D004484FF0FF324FF0FF33E3
:10E9900018F042F9206810BDF084002004490A688C
:10E9A0000AB110467047024608601046704700BF23
:10E9B00018800020044A136823B1984206BF002142
:10E9C000116000231846704718800020014B18681A
:10E9D000704700BF1880002004490A680AB1104639
:10E9E0007047024608601046704700BF60800020F4
:10E9F000044A136823B1984206BF00211160002326
:10EA00001846704760800020014B1868704700BFAF
:10EA10006080002070B505682B7886B0EBB10446A5
:10EA200001220021684630F0A6F90D4B6E46C5E97B
:10EA300002362B788BB10B4B0022114603209C60D1
:10EA4000FDF798FF38B94FF400420023304618F024
:10EA5000E3F806B070BD00DEF5E76FF07700F8E789
:10EA6000DDDF000010060020F0B5244E336885B0CD
:10EA70000C461746002B36D0994215D1022303933A
:10EA800003AB0246009303211D4B0020FFF7B4F9AE
:10EA9000022805460CD0039B022B09D195B133689F
:10EAA0000BB19C4221D014B36FF02D0005B0F0BD26
:10EAB00014484FF0FF324FF0FF3318F0ADF8039DCC
:10EAC000002DECD13846FFF7A5FF33680BB19C420F
:10EAD00010D0002CE8D10028E8D010F1780F08BF42
:10EAE000002005B0F0BD3160C8E7002333606FF04F
:10EAF0007700DBE735600028D8D0EEE718800020EB
:10EB0000D1DF0000F08400200B490A7D4B7D9A4242
:10EB10000AD8A3EB020C5FFA8CFC604509D89A4234
:10EB200007D051F82200704705339B1ADBB2984298
:10EB3000F7D90020704700BFB0820020074A117D3E
:10EB4000537D8B4208D04B1CDBB2052B08BF002342
:10EB500052F821001375704700207047B0820020E2
:10EB600038B50C46054602F05FFC20702146284669
:10EB7000024ABDE83840FDF783BE00BF7C8000201C
:10EB80000122024B11460020FDF7F4BE00060020D2
:10EB900070B50C46054602F047FC21462070064A37
:10EBA0002846FDF76DFE0122BDE87040034B11467B
:10EBB0000020FDF7DFBE00BF7C80002000060020A3
:10EBC0002DE9F0431A4D9DF81C8095F821C10CF1F8
:10EBD000010E5FFA8EFEBEF1090F994695F82031BD
:10EBE00008BF4FF0000E73451DD0144605EB4C1CBA
:10EBF000E36807460E4610685168926864460FC481
:10EC00009CF81C30CCF8186008F0010823F00303CE
:10EC100043EA0803CCE904978CF81C3085F821E11D
:10EC20006046BDE8F0834FF0000C6046BDE8F0831D
:10EC3000C8830020054890F8203190F821219A429D
:10EC400014BF00EB43100020704700BFC8830020B2
:10EC500001460B480A7890F82131082A84BF90F8C1
:10EC600020210A70934208D0531CDBB2092B08BF45
:10EC7000002300EB42100B7070470020704700BF6C
:10EC8000C88300202DE9F04F3D4E96F8203196F8CC
:10EC9000212187B09A4202903ED04FF00008CDE982
:10ECA000048806EB43130B24CDF80C80C346C24600
:10ECB0001D7FD3F80090DF68C5F3400205F0010521
:10ECC000002C4DD0013CE4B24AB396F8211196F8DD
:10ECD0002031994220D00133DBB2092B08BF002339
:10ECE000994286F8203117D0590106EB4313002AC8
:10ECF000DED1D86805BBBAF1000F33D0BBF1000FED
:10ED000036D01A7F9707D3D15045725834D0584522
:10ED1000CED105998A42CBD107B0BDE8F08F194911
:10ED200002988B600B4611460192FDF723FE019A73
:10ED30000028CAD000DEC8E7039ABAB1B8F1000FC4
:10ED400008BFB8461A7F9507B2D4D207DCD5BBF10D
:10ED5000000FADD1039A8242DED08045A8D1DBE717
:10ED600000DEAFE7BA46CDF81090EBE70397E9E78E
:10ED7000BB46CDF81490E5E704998A42C7D1CBE7AA
:10ED8000C8830020F0050020054B1A7E597E914271
:10ED900004D053F8220010B10C30704700207047A7
:10EDA000AC83002070B5134A117E537E8B421ED077
:10EDB0004B1CDBB252F82140062B08BF0023137610
:10EDC0009CB102230025266823712560A06002F013
:10EDD0002BFB094A207021463046FDF751FD0122E8
:10EDE000064B11462846FDF7C5FD204670BD0024A0
:10EDF000FBE700BFAC8300207C80002000060020E1
:10EE000010B582B00024049B93F80AC02CF0020CC9
:10EE100083F80AC0CDE9004406F070FC02B010BDD2
:10EE200010B50346007F1A699969012482B0204019
:10EE3000CDE90004586906F061FC08B902B010BDC4
:10EE40007730FBD000DEF9E7CB681A78042A02D1CC
:10EE50005B78052B03D003691B6813B118470020AA
:10EE6000704710B50846F6F70DFA6FF07F0010BD39
:10EE70002DE9F0410B8A82B0002B5DD0074601F1ED
:10EE80000C000C4625F08AFA0128054623D00228FA
:10EE90000BD02C4A2C482B46012124F015FF6FF093
:10EEA0001506304602B0BDE8F08101A9204600F009
:10EEB0005BFE0199064679B33846FFF7C5FF064663
:10EEC00010B3224A20483346012124F0FDFE019868
:10EED000F6F7D8F9E5E7002301A92046019300F0F1
:10EEE000A3FA804680B101463846FFF7ADFF0646DB
:10EEF000C0B9019D45B1284601F066F903466B7122
:10EF0000134801992FF0CEFE2046F6F7BBF90026F4
:10EF1000304602B0BDE8F0810028F5D0304602B09E
:10EF2000BDE8F0810B4A08483346294624F0CCFE60
:10EF30004046F6F7A7F9B4E7074A0348012124F051
:10EF4000BAFEACE7DCA8040070A10400ACA8040081
:10EF5000BC880020C8A8040098A8040008B5FFF7E2
:10EF60002DFB38B90448F5F76BFE0448F5F768FE49
:10EF7000002008BD00DEF5E7F81E0020801F0020FD
:10EF8000F0B5064683B014E04FF0FF324FF0FF3388
:10EF900000211320F8F7F0F8BDF8021005462246CC
:10EFA00001F0FAF829463046FFF74EFF40BB30F03B
:10EFB0006AF80DF1020101A8FFF70CFB04460028D6
:10EFC000E2D1019BA3B1FFF769FB019F384601F035
:10EFD000FBF8019D78716B79032B02D12B79182BEB
:10EFE00010D0184829462FF05DFE019B002BE0D180
:10EFF0004FF0FF324FF0FF33134817F00DFED8E704
:10F0000000DED4E721464FF0FF324FF0FF330520FA
:10F01000EF88F8F7B1F839460446024605F11C00BE
:10F0200000F02AFE384600F047FE3CB1214630464B
:10F03000FFF70AFF20B92046F6F724F9019DD0E733
:10F0400000DEF8E7BC880020D8880020F0B505462F
:10F0500089B023482FF0E6FD4FF0FF320021214810
:10F060002FF089FE1F48FFF703FA044670BB01F03A
:10F07000C1F8002600276FF00903CDE90334CDE97C
:10F080000667CDE90144184B184900954FF4E0722A
:10F09000174818F0B1F9174915482FF0D0FF6FF055
:10F0A0000702CDE90324CDE90667CDE90144124BFF
:10F0B000124900954FF46072114818F09DF91149FA
:10F0C0000F482FF0BCFF204609B0F0BD0E4A0F4894
:10F0D0002346012124F0F8FD204609B0F0BD00BF11
:10F0E000BC880020D888002081EF0000D8DA0020FA
:10F0F000F81E002010A9040011F1000098DC002087
:10F10000801F002020A90400F0A8040070A10400C2
:10F11000F0B5064683B0002737484FF0FF324FF076
:10F12000FF3317F009FD0028F6D043790190042B36
:10F1300035D8002B49D0022B4ED04FF0FF324FF084
:10F14000FF330220F8F700F804460198002C4DD058
:10F15000214600F0E1FD019B01A81F60FFF70AFBBB
:10F16000204625F091F805462146002025F0B6F806
:10F170002B8A012B0446294630460CD933691B687B
:10F1800033B1984738B92FF07EFF002CE8D1C3E7A0
:10F190002846F6F777F82846F6F774F8F3E7052BD4
:10F1A00013D14FF0FF334FF0FF320820F7F7CCFFB9
:10F1B00004462146019800F087FD019B01A81F60CD
:10F1C000FFF7D8FA002CCBD1A6E700DE019B01A8FF
:10F1D0001F60FFF7CFFA9FE70022002301210020E4
:10F1E000F7F7CAFF04460198002CB1D1046001A8CA
:10F1F000FFF7C0FA90E700BFBC88002008B518F000
:10F2000019FC05482FF01BFD03482FF00BFDBDE84E
:10F21000084018F023BC00BFBC8800202DE9F04155
:10F220001A4C6468A40004D51646194A12681207DD
:10F2300001D4BDE8F08103F10C0405460F462046D9
:10F24000022125F062F840F63E430380012120466A
:10F2500025F05BF80346042220461A700B2125F0A6
:10F2600054F80570A0F801603DB97B68BA68C0F831
:10F270000720C0F80330BDE8F0814FF00008C0F867
:10F280000380C0F80780BDE8F08100BF580200206D
:10F2900050020020F0B5013887B0144611280AD872
:10F2A000DFE800F0234056090968097A99AC09099A
:10F2B00009090909090D6FF0150007B0F0BDCB6809
:10F2C000DA789978188805F0CBFC554B0646012171
:10F2D000188826F084F9012105460C3025F015F830
:10F2E00006702560002007B0F0BD4D4B0D21188839
:10F2F00026F075F90D2120600C3025F006F84FF44A
:10F30000806200234FF002140421A0F8052063223C
:10F310000370C0F80140C171037242728372C372FC
:10F320000373DFE73E4B4121188826F058F941214D
:10F3300020600C3024F0E9FF002104463E2200F852
:10F34000031B3AF0C6FB40F2A733A4F80130C9E72B
:10F35000334B0921188826F042F9092120600C302E
:10F3600024F0D3FF0346002203F8012BC0F801204C
:10F370005A60B7E7C9680020FEF7CCFD284B012191
:10F38000188826F02CF9012105460C3024F0BDFF29
:10F39000002303702560A5E7224E214F0FCE01AD5B
:10F3A0000FC5336838882B80132126F018F91321F4
:10F3B00020600C3024F0A9FF0446002301AE04F8BD
:10F3C000013B84460FCE2D88CCF801006160A2601D
:10F3D000E360258286E7124B1821188826F0FFF893
:10F3E000182120600C3024F090FF002304460121F6
:10F3F00000F8023B07F01CFA607073E7084B21210C
:10F40000188826F0ECF8212120600C3024F07DFFD4
:10F410000146002301F8113B013007F059FA61E77A
:10F420007CA9002054A904002DE9F041038A8AB088
:10F430000022022B059240F21181054603210C3077
:10F4400024F0A4FF2A8A83789A42C0F011810288AE
:10F45000CA4EC2F38523082B328090B2C2F309044E
:10F4600009D89BB1013B072B10D8DFE803F0EA0F66
:10F47000CBB10F0F0F153F2B08D105AA2946204607
:10F48000FFF708FF163040F06383308801210AB08F
:10F49000BDE8F04126F0B5B8621E4A2AF6D801A3AD
:10F4A00053F822F0F3F90000D3F900008BF90000C3
:10F4B0008DF4000081F9000091FA000079FA000053
:10F4C0006DFA000061FA000057FA00008DF40000A8
:10F4D0008DF400008DF400008DF400008DF4000028
:10F4E0008DF400008DF400008DF4000035FA00006A
:10F4F0008DF400000DFA0000FFF9000027F900006C
:10F5000009F900008DF40000FFF80000EFF800009A
:10F51000D1F800008DF400008DF400008DF400009F
:10F52000B1F800007DF800008DF400008DF40000BB
:10F530008DF400008DF400008DF400008DF40000C7
:10F540008DF400008DF400008DF400008DF40000B7
:10F550008DF400008DF400008DF400008DF40000A7
:10F5600027F80000F3F70000A5F700008DF4000075
:10F570008DF400008DF400008DF400008DF4000087
:10F580008DF400008DF400008DF400008DF4000077
:10F590008DF400008DF400008DF400008DF4000067
:10F5A0008DF400008DF400008DF400008DF4000057
:10F5B0008DF400008DF400008DF400008DF4000047
:10F5C0008DF400008DF400008DF4000061F900005E
:10F5D000621E082A3FF65AAF01A353F822F000BF7B
:10F5E0000FF70000BFF600009BF600008DF400004E
:10F5F0008DF400008DF400008DF400008DF4000007
:10F600007DF60000632C00F0658200F24F82032C2F
:10F6100000F091802D2C00F06082012C7FF436AF39
:10F62000EA68574B1168526819605A60012125F049
:10F63000D6FF012105460C3024F067FE002303703D
:10F6400012E0062C00F03E821D2C7FF41FAFEB6809
:10F65000188801F03FFC0146308818E7494A4A48BB
:10F66000012124F028FB002528460AB0BDE8F081DE
:10F67000464A4548012124F01EFBF4E7072125F006
:10F68000AEFF072105460C3024F03FFE0146002066
:10F6900001F8010BFEF768FCE6E7092125F09FFF62
:10F6A000092105460C3024F030FE0346002203F801
:10F6B000012B6021C0F801205A604171D4E741213B
:10F6C00025F08DFF412105460C3024F01EFE00215F
:10F6D00004463F2200F8021B3AF0FBF9C022042343
:10F6E000A2714FF40A72E372A4F80F20E37520228E
:10F6F00043F2300326496270A4F82130702280233F
:10F70000C4F81A1084F8242084F82730ACE70921C3
:10F7100025F065FF092105460C3024F0F6FD4FF475
:10F72000506100231B4A01800D218370C370017159
:10F73000C0F8052098E7124B174A4FF0FF3041F60A
:10F74000FF71C3E90001154B00200021C2E900014F
:10F750001F200021C3E90001FEF7E6FE30880121E9
:10F7600025F03DFF012105460C3024F0CEFD00239D
:10F770000B4A03701360FFF741FD75E77CA9002079
:10F780005802002068A9040068A1040080A90400B0
:10F79000F703F40EF105FFFF0820002050020020BF
:10F7A000F0880020EA689478D1781788B2F805507C
:10F7B000E30744BF41F00301D170A407137940F17E
:10F7C000BC8143F00303137143EA0102032A40F0B2
:10F7D000C1814A0700F0BA8115F003021CBF05F190
:10F7E000FF3505F00102384601F0C0FB01463088C4
:10F7F0004DE6EB681A78D1074ABF07205878587051
:10F8000092074ABF07219978997001F0A5FB044639
:10F810000121308825F0E3FE012105460C3024F05B
:10F8200074FD047020E7EB6805211E8825F0D7FEE3
:10F83000052105460C3024F068FDB7B20446021DD0
:10F84000E11C384601F068FBE37822792070002B38
:10F8500093FAA3F3B3FA83F308BF4FF0FF330133F6
:10F86000E370002A92FAA2F3B3FA83F308BF4FF0D1
:10F87000FF330133A4F801602371F5E6EA681788C5
:10F8800092780023CDE90233CDE900330221B8B2EA
:10F8900001F060FA04460321308825F0A0FE032120
:10F8A00005460C3024F031FD0470A0F80170DBE651
:10F8B000E96800220F884B88039208890290C88863
:10F8C000019089880091B8B2022101F043FAE1E782
:10F8D000092125F084FE092105460C3024F015FD90
:10F8E0009D499E4A0160002342600372BCE6EB68BA
:10F8F0001F8800220621B8B205F0A0F9CAE7EA681D
:10F90000002132F8027BF6E7092125F068FE092183
:10F9100005460C3024F0F9FC002300F8013B0821D7
:10F9200005F08EFDA0E6E868002306AA00F11001AC
:10F9300007F042FD3088112125F051FE11210546C6
:10F940000C3024F0E2FC0646002306F8013B06AC2E
:10F9500007460FCCC7F801007160B260F36083E620
:10F96000032125F03CFE032105460C3024F0CDFC9C
:10F970000146002301F8023B0130FEF7C7FA73E6A7
:10F98000E9680120FEF7C6FA41E7092125F027FEC4
:10F99000092105460C3024F0B8FC0346002403F886
:10F9A000014BC0F801405C600646FEF799FA234619
:10F9B00061F30703C1F3072262F30F23090C61F31C
:10F9C0001743090A61F31F63C6F80100C6F8053042
:10F9D0004AE6042125F003FE042105460C3024F0FC
:10F9E00094FC00231B210322037041708370C270BA
:10F9F0003AE6EA685A4B11685268196015E6EB68F6
:10FA0000188801F045FA0146308840E5EB68082186
:10FA10001E8825F0E4FD082105460C3024F075FC15
:10FA2000B7B20446C11C384601F0D8F9A4F8016009
:10FA3000207019E6E96800224B88088803920C8937
:10FA40000294CC88019489880091114601F082F9D2
:10FA5000014630881BE5EB681878F0F77DFDD6E6A7
:10FA6000E96811F8010B00F0DBFFD0E6E96811F856
:10FA7000010B00F067FFCAE6022125F0B0FD02216C
:10FA800005460C3024F041FC002303704370EBE585
:10FA9000EC68A57BA3796279217920880295657B42
:10FAA00001950734009400F0CDFDB0E67B2C2CD0FE
:10FAB0007C2C7FF4EBACEB681F885988B8B201F05E
:10FAC000BBFAE7E6EB689978188801F0ABF90146D4
:10FAD0003088DCE4EA68234B8DE7EB6804211E885C
:10FAE00093F8028025F07BFD042105460C3024F0BC
:10FAF0000CFCB7B20446C31C424639460220FEF74E
:10FB0000F5F9A4F801602070AEE5EB681F8806A93E
:10FB1000B8B201F05FFA05210446308825F05FFD98
:10FB2000052105460C3024F0F0FB0470A0F80170AC
:10FB3000BDF81830A0F8033096E541EA0302032A25
:10FB400008D84C0702D05A077FF446AE12219EE433
:10FB5000059D89E511219AE4008FCC30ECC00100AD
:10FB600050020020082000202DE9F04700230B6000
:10FB7000038A032B2DD9054688460C30042124F036
:10FB800005FC2B8A4688B0F80090B34232D31B2E76
:10FB90002AD801F089F84FEA1937BA4604460028F6
:10FBA00037D05FEA9A0A19D1E7B1012F16D123792C
:10FBB000667167F301032371E9683246E01D39F08D
:10FBC00061FF2146C9F30B0001F07AF8C0B9BDE826
:10FBD000F087224A2248012124F06DF86FF01500C9
:10FBE000BDE8F0870227E2E71E4A1D48012124F004
:10FBF00062F8F3E71C4A1A48012124F05CF8EDE7AB
:10FC00001A4A1748012124F056F8204601F052F80C
:10FC1000E4E7174A1248012124F04DF8154B1B6800
:10FC20009B0117D54FF0FF324FF0FF330220F7F75B
:10FC30008BFA0221C8F800000C3024F066FB4FF468
:10FC40008D730380D8F8000001210C3024F05DFB97
:10FC5000012303706FF06800B9E700BFA0A904009A
:10FC600068A10400D4A90400B4A9040004AA0400F3
:10FC7000F0A9040058020020F8B50E4B1B68DB0603
:10FC800000D4F8BD02F10C0406460D4620460221C0
:10FC900024F03BFB034640F205421A802046042133
:10FCA00024F033FB00270770A0F801503278C270AF
:10FCB000F8BD00BF58020020024A1368013B1360E0
:10FCC000704700BFF0880020037F03F00303013B6F
:10FCD000012B01D900DE704770B5044601F10C0517
:10FCE00028460421E68824F010FB237F03F0030359
:10FCF000022B0CBF46F4005646F480560680637F04
:10FD00004380617F284624F000FB627F04F11F01DD
:10FD1000BDE8704039F0B6BE2DE9F04184B090F8EE
:10FD200004C0C588BCF1030F04AF044600F11C06F3
:10FD30000BD0ACF1170CBCF1060F00F2FE80DFE82F
:10FD40000CF01A4C7E546BAAC900C37F033B0E2BE8
:10FD500000F2F380DFE813F04D01F100F100210122
:10FD60003B01F1004601F100F100F100AE01F100AC
:10FD70007501F100A601F00700F10182C34B5B6839
:10FD80009A004FF000062DD5C14B1B68DB0729D523
:10FD900094F81C80B8F1000F00F0B48101F10C045C
:10FDA0002046022124F0B1FA41F23E3303800121C2
:10FDB000204624F0AAFA012303701221204624F0E1
:10FDC000A4FAC0F80160C0F80560C0F80960C0F886
:10FDD0000D60467480F8008004E00A4630462946EB
:10FDE000FFF74AFFBD46BDE8F081A84B5B681E04E3
:10FDF0004FF00004F6D501F10C063046022124F044
:10FE000084FA4FF44C7303800321304624F07DFACA
:10FE10000470A0F80150E5E79E4B1B681802E1D57D
:10FE200001F10C042046022124F06FFA40F257231E
:10FE300003800221204624F068FA0580D2E7934B24
:10FE40005B689800CED5924B1B685A07CAD501F162
:10FE50000C084046022124F058FA40F63E23038065
:10FE60000121404624F051FA032303700921404642
:10FE700024F04BFAF30700F18481237F0370A0F88C
:10FE80000150E38BA0F80330238CA0F80530638C7D
:10FE9000A0F80730A6E77D4B5B689A00A2D57C4BA3
:10FEA0001B681B039ED501F10C063046022124F08D
:10FEB0002CFA40F23E4303800121304624F025FA1B
:10FEC000142303700321304624F01FFA0580237F9A
:10FED000837087E76D4B5B689E0003D56C4B1B6896
:10FEE00018052CD4627FA37F94F81CC0002A92FAD4
:10FEF000A2F2B2FA82F208BF4FF0FF32002B93FA5F
:10FF0000A3F3B3FA83F36E4608BF4FF0FF338AB012
:10FF1000511C013304A80246436206245E4B8561EE
:10FF2000C0E907C1436142F8104F5C4800234FF419
:10FF30004251F3F735FDB54654E700DE52E701F1D3
:10FF40000C063046022124F0E0F940F23E630380C3
:10FF50000121304624F0D9F90C23037005213046E5
:10FF600024F0D3F9237F0370A0F80150627F002AA8
:10FF700092FAA2F3B3FA83F308BF4FF0FF330133D1
:10FF8000C370A27F92FAA2F3002AB3FA83F308BFE8
:10FF90004FF0FF330133037124E73C4B1B681E060F
:10FFA0004FF000047FF51EAF01F10C063046022130
:10FFB00024F0ABF94FF4816303800421304624F030
:10FFC000A4F901230470A0F80150C3700AE790F867
:10FFD00020300E2B00F0CC80314A3048022123F033
:10FFE00073FEFFE60B462A4631460020FFF716F95E
:10FFF000F8E6264B5B689A007FF5F4AE244B1B684D
:020000021000EC
:10000000DB067FF5EFAE01F10C063046022124F04D
:100010007CF940F63E5303800121304624F075F907
:10002000052303700C21304624F06FF9034623F8B2
:10003000025B216A626AC0F802105A60238D438114
:10004000D0E6124B5B689A0051D5114B1B689B069A
:100050004DD501F10C063046022124F056F940F648
:100060003E3303800121304624F04FF9062303700C
:100070000A21304624F049F90580238C4380638CA3
:100080008380A38CC380E38C0381ABE658020020FD
:10009000500200200820002018AA040068A10400D3
:1000A00044AA040090F82030374A3848022123F04F
:1000B0000BFE97E6364B1B6818067FF593AE01F1F1
:1000C0000C063046022194F8204024F01EF94FF42B
:1000D000816303800421304624F017F9002C08BF07
:1000E0001F2400230470A0F80150C3707AE6002397
:1000F000CDE90233CDE900331A220221284600F06F
:1001000029FE6FE6234A136801F10C060133022130
:100110003046136024F0F9F841F23E3303800121A8
:10012000304624F0F2F8012303701221304624F007
:10013000ECF880F80080A0F80150637FC370A37FC3
:1001400003F001030371D4F81F30C0F80530B4F890
:100150002330A0F80930E38CA0F80B30238DA0F8F1
:100160000D30638DA0F80F3094F82C30437439E6CD
:100170000B462A4600211A20FFF750F832E600DE2F
:10018000FCE500DE79E600BF54AA040068A1040083
:1001900058020020F088002070B500F10C040E46D3
:1001A00020460221154624F0B0F840F21353038094
:1001B0000521204624F0A9F801230370A0F801606E
:1001C000A0F8035070BD00BF0379032B09D0172B93
:1001D00005D0183B052B8CBF002003207047012061
:1001E0007047037F03F00303032B14BF0520042093
:1001F000704700BF0B4B0C4A0C4930B44FF0FF3432
:1002000041F6FF75C3E9004500240025C2E9004519
:100210001F240025C1E90045054B00221A6030BCAF
:10022000FEF7ECBF580200200820002050020020FA
:10023000F088002000B583B00E4B05990E4ACB1A0A
:10024000A2FB032313F47F5FC3F387120DD10232A5
:1002500000910A4BD2B201210020FDF7CDFD10F034
:10026000FD0F04D103B05DF804FB00DEEFE700DE14
:10027000F8E700BF18890020ABAAAAAA150301005D
:1002800010B402680446506DB8B1916D00235365F7
:10029000D1B10023936517220A714FF6FF72CA800D
:1002A00001F11C02CB610B624B628B6213823C2317
:1002B0000B778C6010BCFEF7EDBA00DE916D506DCF
:1002C000002353650029E4D100DE916DE1E700BF12
:1002D0000E4A0F4B12781A7000B9704710B54B7F59
:1002E00001EB830382B01B6A01911C78FEF76EFB61
:1002F0000199814201D102B010BD14F00E0F02D15C
:100300004B69002BF7D000DEF5E700BF22AB0020E1
:1003100021AB002000B17047064B10B502460C46D9
:10032000022001219C60FCF725FB00B910BD00DE16
:1003300010BD00BF6006002003788BB110B50C4BD8
:1003400000F11001996082687AB90A4C084B0022CA
:10035000C0E9024111460120FCF70CFB18B910BDA1
:100360001030FFF78DBF00DE10BD00DE9968ECE7AE
:10037000500600208102010038B5134C6569EB6D11
:10038000B3B905F1500105F14C00FCF76FFA0346D3
:10039000C0B1EB65286800F05BFC0025A06D6561CD
:1003A000FEF766FA606DA565FEF756FA656538BD1D
:1003B00000DE05F1500105F14C00FCF757FA034649
:1003C0000028E6D100DEE4E71889002030B52F4C84
:1003D00094F85E30D90785B034D5636953B193F88A
:1003E0002C2042F0020283F82C20636993F82C3011
:1003F000DA073DD42548FEF7D1FA84423BD1237E6B
:10040000DB0703AD21D402220321214B00950020FC
:100410000392FDF7F1FC2946FEF7AEFA18BB1D4822
:10042000FEF7F8FA48BB1948FEF7C4FA844228D10F
:1004300063690BB1FFF7A0FF94F85E3023F001036E
:1004400084F85E30002005B030BD02210391104BCE
:100450000095032101220020FDF7CEFC2946FEF77E
:100460008BFA0028CFD00948FEF7A4FA84420AD1BB
:100470000C2005B030BD00DEC1E77830D3D000DEFF
:10048000D1E700DED4E700DEF2E700BF18890020E4
:10049000D1DF00002889002000B50378497802F1F7
:1004A000FF3C103103F00F03C9001FFA8CFC062B30
:1004B00013D8DFE803F00427171212120400437860
:1004C0001033DB0003F21B32881803F5B37313FB00
:1004D0000CF3184480B25DF804FB40F253204FF453
:1004E000F373F4E741780CEB8C03C3EB031040008B
:1004F00001F11003DB0000F23B1003FB020290B29B
:100500005DF804FB40F2E33040F21623DFE700BF62
:1005100030B54FF6FF718BB08B429DF838500F9C71
:1005200019D021780131C9B2217000294CD0284955
:10053000C1E900028A7A0B8165F30002254B8A72B9
:1005400004F110000022C860996001201146FCF7F8
:1005500011FA00283AD1207E10F0010505D11E4A7B
:100560001E4B11781B788B4201D00BB030BD01338C
:10057000042109A8137004F07FFF099B184A069410
:10058000A2FB0321174A0095A21A174CA4FB0242B2
:100590005C1A01EB540140F2471C090A92090CFB5A
:1005A00011330232114905910133CDE90355CDE9EB
:1005B00001552846D2B201210993FDF705FC10F040
:1005C000FD0FD2D000DED0E700DEB0E700DEC2E7EC
:1005D000102000204006002022AB002021AB00208C
:1005E00021F1D49018890020ABAAAAAAD102010057
:1005F00010B5134C204605F0A9FA04F10C0005F0E3
:10060000A5FA34F8043C627823F4437304EB8202C5
:1006100023F00203526843F00E0324F8043C062141
:1006200000234FF4006CA4F840C013705170637B3A
:1006300004EB8300042203691A70597010BD00BFD7
:10064000348900202DE9F043684C1F46684B94F82C
:100650005E6080468E4693E8030083B016F0010684
:100660009DF82CC09DF8303000908DF8041040F0BB
:10067000A1800CF0070C03F003034FEA4C0C4CEA8A
:10068000032C0EF10803BEF1010F0DEB030E238BBB
:1006900023F4437323F002034CEA030C637FA4F8B2
:1006A00018C004EB830308BF4FF00008A4F85C8077
:1006B000D3F8208015461EF8082C98F8001002F098
:1006C0000E0321F01F0002F00F02B3FA83F35B095F
:1006D000024363F3451288F8002002F00F02012A5A
:1006E00001F00F012ED098F80130F3B998F80030DE
:1006F00005F0010565F3861323F0800388F80030C8
:10070000062388F8013094F82930246104EB83042F
:10071000AD01E36A5A7845F004051D700AB9062256
:100720005A70304603B0BDE8F083012934D098F800
:10073000003005F0010565F3861323F0800388F887
:100740000030E0E701290FD098F80120BABB84F807
:10075000346098F8003003F00F03012B04D098F8B0
:100760000130002BC2D0E2E708F1080998F8003008
:1007700005F0010565F3861367F3C71388F80030A9
:100780000A9B1B68C8F808300A9B9B88A9F80430AC
:100790000C2388F80130B6E794F8342004F13501D1
:1007A00008F1080039F06EF994F83430063388F80F
:1007B0000130BCE70C26304603B0BDE8F083052AC3
:1007C00010D9063A08F10809D2B20A4884F8342050
:1007D000494639F057F998F8003003F00F03012B20
:1007E000BDD1C3E700DE98F80120EAE718890020B0
:1007F0000CA304004D89002008B5FFF7F9FE002086
:1008000008BD00BF08B5FFF7E1FD002008BD00BF2F
:1008100008B5064805F0AAF9044B03F10C0005F0F1
:10082000A5F9FFF7E5FE002008BD00BF34890020D0
:10083000034A044B801AA3FB0030C0F38F107047AB
:1008400018890020ABAAAAAA044A0068044B801A9F
:10085000A3FB0030C0F38F10704700BF1889002041
:10086000ABAAAAAA28B9044B93F85E0000F00100D5
:1008700070470020704700BF188900201F2956D8F4
:100880002DE9F041437F00EB830382B01F6A3B7880
:1008900003F00F03012B0E460546904649D00DF19B
:1008A00007011C3005F0ACF93A78037802F00F022A
:1008B00023F01F03134303703B780278C3F3401304
:1008C00063F3451202703B78D2B2C3F3801339460A
:1008D00063F38612027011F8023BD2B2DB0963F3B4
:1008E000C712044600F8022B062239F0D9F8324626
:1008F000414604F10800063639F0C4F8667095F8F0
:100900005E30DB0706D49DF807306B77002002B01D
:10091000BDE8F08195F8293005EB83032146DA6ABA
:100920002846EFF7B9FF0028EDD00C20EFE71220A2
:10093000704780F834100A463530414639F0A2F845
:10094000E4E700BF03460A4601481946FFF796BF91
:10095000188900201F295FD82DE9F04190F829302F
:1009600000EB830382B0DE6A0F460446904600F136
:100970002805002E41D028460DF1070105F040F969
:10098000037823F03F03314643F00403037011F86A
:10099000022BDBB2C2F3801203F03F0343EA82135F
:1009A0000370BB1D437005460622023039F078F80B
:1009B0003A46414605F1080039F064F894F85E3093
:1009C000DA0707D49DF8073084F82930002002B0F8
:1009D000BDE8F081627F04EB82024123116A0A784C
:1009E00002F00F02D340DB07ECD52A462046EFF792
:1009F00053FF0028E6D00C20E9E7284605F0A6F8CA
:100A0000C0B258B994F8293004EB8303DE6A04239A
:100A1000337006237370AEE7122070470720D6E7C5
:100A200003460A4601481946FFF794BF188900207B
:100A300008B5054B0022986011460120FBF79AFF8C
:100A400000B908BD00DE08BD7006002083685A6842
:100A500092F82730DB09014601D100DE70470831EA
:100A6000F0F722BB2DE9F0410768244982B0054622
:100A70004FF4C0723846FBF7D5FE05F14C06294607
:100A800005F03AFB286D01AA3146FBF70BFF00B3D6
:100A90001B4C4FF6FF7894F8412094F84010531CFB
:100AA000DBB2082B08BF0023994223D004EBC2011C
:100AB00024F83280019A4A6012680260019A10603C
:100AC000286D84F8413001AA3146FBF7EBFE00287F
:100AD000E1D1D7F8480107F5A47138B10023C7F870
:100AE0004831FEF755F802B0BDE8F08100DED7F8D6
:100AF0004801F3E700DE00231B80FFDE20200020FA
:100B0000488A002010B50C4630B92046FDF770FF2A
:100B1000844200D000DE10BD00DEF6E710B50C46C2
:100B200030B92046FDF758FF844200D000DE10BDEA
:100B300000DEF6E710B50C4640B9074B024601212E
:100B400002209C60FBF716FF20B910BDFDF73EFFA9
:100B50008442FAD000DE10BD9006002000B9704734
:100B600000B583B00191FDF74FFF0199814202D199
:100B700003B05DF804FBFDF729FF01998142F7D02E
:100B800000DEF5E710B5134B134801224FF4C07196
:100B9000FBF7F6FD00224FF4C0710F48FBF73EFE55
:100BA0004FF6FF7383840D4B0322181D2421FBF79E
:100BB000E7FD0B4B0722181D0821FBF7E1FD01F0B3
:100BC000A5FC08480849094A0323002404600B7067
:100BD000137010BD9889002020200020D8890020A3
:100BE0009C890020B08A002024AB002023AB002089
:100BF00010B5037883B1104B00F110019960826841
:100C0000BAB90E4C0C4B0022C0E90241114601203A
:100C1000FBF7B0FE58B910BD03F0FF02084B1030CF
:100C2000986011460120FBF7A5FE0028F3D000DEF6
:100C300010BD00DE9968E4E780060020310A01005B
:100C4000700600200148FBF7BFBD00BF9889002057
:100C50000149FBF7CFBD00BF9889002002494FF43E
:100C6000C072FBF7DFBD00BF20200020024620B984
:100C700003484FF4C071FBF7D1BD0020704700BF9F
:100C80002020002060B908B502464FF4C071054825
:100C9000FBF7C4FD10B1838C03B908BD002008BD6B
:100CA00000207047202000200148FBF78DBD00BFC9
:100CB000D88900200149FBF79DBD00BFD8890020DD
:100CC00000283DD138B502460D461F484FF4C0718B
:100CD000FBF7A4FD0446F0B1828CE2B91B4890F802
:100CE00021C090F820100CF10103DBB2042B08BFE7
:100CF0000023994221D020F83C2000EBCC0CCCF80A
:100D0000045080F82130237843B994F93730002B10
:100D10000EDB002038BD6FF0150038BD0C4B0121F3
:100D200003209C60FBF726FE94F93730002BF0DAA5
:100D30000021204603F05CFFEBE76FF0680038BD50
:100D40006FF01500704700BF202000208C8A002023
:100D5000A00600202DE9F04782B0BDF82870BDF84C
:100D60002C80BDF8309098B90C4615464FF4C071F0
:100D7000024619481E46FBF751FD824640B1838C5E
:100D800033B96CB1022C07D0012002B0BDE8F08766
:100D9000022002B0BDE8F087ADB901F0D9FD0EE048
:100DA0000D9B0193CDF8009043463A46314601F041
:100DB00065FD0028EDD19AF93730002B07DB0020C4
:100DC00002B0BDE8F087294601F0D2FDF7E7014601
:100DD000504603F00DFFF2E720200020E8B938B5B7
:100DE00002460C460E484FF4C071FBF717FD05464E
:100DF00050B1838C43B901F0F1FC38B10368236032
:100E000003792371002038BD022038BDD5F8323077
:100E1000236095F836302371F4E70220704700BF55
:100E20002020002038B510B10224204638BD0246EB
:100E30000C4615484FF4C071FBF7F0FC054600B3B3
:100E4000838CF3B91A2C15D8042C17D90F4BE34017
:100E5000DB0713D52146284601F0A6FC04460028EE
:100E6000E3D195F93730002BDFDA0146284603F04D
:100E7000BFFEDAE7292CEDD03B2CEBD01224204624
:100E800038BD0C24204638BD202000202000380426
:100E900038B5A0B902464FF4C0710D48FBF7BEFC4F
:100EA000054660B1838C53B9012101F02BFC044647
:100EB00018B995F93730002B04DB204638BD0224E1
:100EC000204638BD0146284603F092FE204638BD34
:100ED0002020002038B598B902464FF4C0710D4863
:100EE000FBF79CFC054658B1838C4BB901F022FC02
:100EF000044618B995F93730002B04DB204638BD7D
:100F00000224204638BD0146284603F071FE2046E3
:100F100038BD00BF20200020C8B938B50D461446A2
:100F20004FF4C07102460B48FBF778FC034660B1F2
:100F3000808C50B993F85820C2F302022A7093F8BB
:100F40005930C3F30203237038BD022038BD02209C
:100F5000704700BF20200020024A034B1070197018
:100F60000020704724AB002023AB0020F0B583B0F5
:100F700000BB0F4616464FF4C071024614481D468A
:100F8000FBF74CFC0446A8B1838C9BB9D0F8203108
:100F9000DB0513D52B46012500953246394601F075
:100FA000DBFB054618B994F93730002B0ADB2846DD
:100FB00003B0F0BD0225284603B0F0BD1A2528462F
:100FC00003B0F0BD0146204603F012FEEFE700BF7C
:100FD0002020002048BB10B502460C4614484FF4B0
:100FE000C071FBF71BFCF0B1838CE3B9C28CB0F885
:100FF0006C311049052A0BD802FB03334FF4FA7207
:1010000002FB03F3A1FB03135B0B2380002010BD45
:1010100002FB03F340F2E24202FB03F3A1FB0313E2
:101020005B0B2380F2E7022010BD0220704700BF57
:10103000202000205917B7D150BB10B502460C46EE
:1010400014484FF4C071FBF7E9FBF8B1838CEBB99E
:10105000C38C42F2107202FB04F1052B01F1FF3147
:101060000AD84FF4FA7203FB02231944B1FBF3F1DF
:10107000A0F86C11002010BD40F2E24202FB03F325
:101080001944B1FBF3F1A0F86C11F3E7022010BD95
:10109000022070472020002008B5FFF773FD0020D4
:1010A00008BD00BF38B51A4800224FF4C071FBF7E5
:1010B000B5FB044650B304F1100221460320FDF7AE
:1010C000D3FC054610B110F1780F0AD10025114A62
:1010D000114BE5661584A3F84050FFF753FD2846F1
:1010E00038BD40F24D730D4A0D490E4821F0E7FD21
:1010F0000D482A46002121F0E2FD002383F31188E8
:10110000BFF36F8F0323184602DFDFE700DED2E76D
:10111000202000208C8A0020488A002078AA040021
:10112000B8AA0400D0AA0400F0AA0400014B187861
:10113000704700BF24AB0020014B1878704700BFF8
:1011400023AB00200B46896818600A68107828B124
:10115000916851B90849C2E9021370474A6892F888
:101160002710C90903D100DE704700DEF2E703F162
:1011700008011846EFF798BF4D0A01000B68DA889E
:101180009ABB70B50C4606464FF4C0711848FBF781
:1011900045FB0546D0B1838CC3B901F025FC22681C
:1011A000137F03F00303032B08D10123137122687B
:1011B00031462846BDE8704001F02ABC53B195F88D
:1011C00042319A0705D53D2385F844312368012231
:1011D0001A7170BD95F842319B0703D53D2385F800
:1011E000443122680123137170BD01221A717047C6
:1011F0002020002010B5B0F824C004464FF6FF7040
:1012000084450CD0A4F804312046C4E93F1201F013
:101210000BFA94F8423113F0010002D110BD00DE48
:10122000F0E723F0010384F842316FF08B0010BD2A
:1012300070B51C4C064694F821201BE0FBF7EEFA33
:1012400003466968C4301BB39B8C0BBB00F0D8FF0E
:1012500094F8201094F821204B1C8A4206F1FF30AC
:10126000DBB204D0042B08BF002384F8203010F038
:10127000FF0616D094F820300B4893424FF4C0710B
:101280000FD034F8332004EBC305002AD6D06968A8
:101290000B7923F003034FF6FF700B71FDF73AFB58
:1012A000D6E770BD8C8A002020200020F0B5314B9D
:1012B0001A68904208BF002283B008BF1A60828C6F
:1012C000A0F84E21182380F84C31054680F86411AF
:1012D000012101F0B3F905F1C406284601F0C2F975
:1012E000304600F075FF304600F0AAFF044628B3F0
:1012F000037903F00303032B0CBF034600230360B1
:101300001D4805F16007FBF75FFAA8B121463A4690
:10131000FBF7B6FA304600F093FF044670B103794C
:1013200003F00303032B0CBF0346002303601248A2
:10133000FBF74AFA0028E9D100DEE7E7AA8C0F4B59
:1013400000950332D2B201210020FCF755FD10F0C8
:10135000FD0F08D14FF6FF73FF20AB8403B0BDE84B
:10136000F040FFF765BFFDF731FB8542F2D000DEAC
:10137000F0E700BFB08A00209C890020350B0100F7
:1013800038B505460120FFF753FF05F1C40000F012
:1013900057FFA8B1037903F003030446032B0CBFE6
:1013A0002346002307482360FBF70EFA30B105F10E
:1013B00060022146BDE83840FBF762BA00DEF6E77E
:1013C00038BD00BF9C89002021B3F8B54D1EEDB299
:1013D00000F1C40700F1600612E0237903F0030373
:1013E000032B0CBF234600232360FBF7EDF978B1F4
:1013F000013D32462146EDB2FBF742FAFF2D06D001
:10140000384600F01DFF04460348002CE5D1F8BD26
:1014100000DEEDE7704700BF9C8900200149FBF723
:10142000E9B900BF9C890020014B93F84100704747
:10143000488A002000B50A4B93F840C093F841E079
:10144000F4450BD080F800E033F83C00088003EB53
:10145000CC035B68136018685DF804FB0020FBE7B1
:10146000488A0020074B93F840C0844508D003EB1E
:10147000CC0033F83C300B80436813601868704729
:1014800000207047488A0020094A92F8401092F8DC
:1014900041308B4209D04B1CDBB2082B08BF002324
:1014A00052F8310082F8403070470020704700BF8A
:1014B000488A002000B50D4A92F841C092F840E0F9
:1014C0000CF10103DBB2082B08BF00239E4509D0B5
:1014D00022F83C0002EBCC0CCCF8041082F841302E
:1014E0005DF804FB00DE00231B80FFDE488A00203D
:1014F00070B55379144605460E46002B39D0237932
:1015000003F00302032A0CD04FF6FF72954204BF8A
:1015100023F00303237121462846BDE87040FDF700
:10152000F9B94FF6FF739D4206D13368A3421AD032
:10153000002BF0D000DEEEE7EDB913482A464FF459
:10154000C071FBF76BF9E0B1214601F02FFA336867
:10155000A342EDD10C4800224FF4C071FBF75EF9B5
:1015600008B1838C03B100202146BDE8704001F032
:101570001FB800DEC3E700DE0020214601F016FAA6
:10158000D3E700DEE0E700BF202000201B207047EB
:10159000704700BF90F8423143F0020380F84231B7
:1015A000704700BF90F8423123F0020380F84231C7
:1015B000704700BFB0F84031B0F80421981880B2ED
:1015C000704700BF0278038E12B1581E80B2704778
:1015D000418DB0F804215818104480B2704700BF04
:1015E00010B504460B68C4F8323032300B79037101
:1015F0000521FBF7D9FA94F8373060F3050384F836
:10160000373010BD08B50022D0E91701FBF742F9C9
:10161000B0FA80F0400908BDF8B506460C4600F067
:10162000E5FE054688B32F1D384602F0DFF8EB795A
:1016300063732946304600F0EFFE304603F04AF867
:10164000AB68EA68C4F84720C4F843302B69C6F891
:101650009030A5690023A361ADB103232F792B71CD
:10166000B38CEB8005F11C01204602F0A7F82E2F69
:1016700002D00423A372F8BD28682946FDF70AF9B1
:101680000423A372F8BD00DEE7E700DECBE700BF6E
:1016900070B504460D4600F0A1FE10B90623AB72EA
:1016A00070BD04F173063346002205F13B0105F1DC
:1016B0002B0005F081FED4F87B10C4F89C10D4F800
:1016C0008C10D4F87F20C4F8AD10D4F89010D4F862
:1016D0007730C4F8A020C4F8B11094F88B2094F8A7
:1016E000AC10C4F898300023D4F8730084F8833029
:1016F00063F30001C4E9293384F8843084F8853029
:1017000084F8863084F8873084F8883084F889300B
:1017100084F88A3042F00103C4F8940084F8AC10D5
:1017200084F88B302946204600F060FE0646A8B1BA
:10173000301D02F073F8F3796B733146204600F0E8
:101740006BFE204602F0C6FF4FF4C1636B8194F834
:10175000723043F0080384F8723070BD00DEE7E7B2
:1017600070B50C46897A82B005460D2900F22E81AB
:10177000DFE801F05F676A9B9F07070C1836393E68
:101780005053002A00F0A78002B070BD002AFBD1A0
:101790002146284600F022FE002840F0F180072371
:1017A000A372F1E7022AEFD1A0690023A361002808
:1017B00000F0298103230371AB8CC380237A052BAE
:1017C00000F00981062B00F0038100DE2146284647
:1017D00000F004FE002840F0AA800923A372D3E79A
:1017E000002AD1D1F2E7002ACED10B23A372CBE796
:1017F000072AC9D12846012100F012FE2846FFF72A
:10180000C9FE2146284600F0E9FD002871D10C23CD
:10181000A372B9E7002AB7D1F3E7082AB4D140F29E
:101820000233638195F8723023F0100385F872302B
:10183000AAE7002AA8D1237A062BD6D00223A372C6
:10184000A2E7002AFAD09FE7012A9DD11146284637
:10185000019300F0E5FD2846FFF79CFE284601F0C5
:101860002BFD019B5A689968C4F82510C4F8212003
:101870001A7B84F829205A7B84F82A20D3F80E207A
:10188000D3F81210C4F83F10C4F83B20D3F8163038
:10189000C5F88C302146284600F0A0FD10BB20463C
:1018A00000F0DEFD0323A3726EE7002A7FF46CAF25
:1018B000F0E7032A0CD0042A7FF466AF062140F239
:1018C0000362072384F82010A4F84D20A3725BE77D
:1018D0000523A37258E72146284602B0BDE87040B0
:1018E000FFF7D6BE2146284602B0BDE87040FFF79C
:1018F00093BE2146284600F079FD0646002800F0F8
:101900008480301D01F09EFFF379637331462846D1
:1019100000F082FD284602F0DDFE40F60D336381C3
:1019200095F8723023F0080385F872302CE72146D1
:10193000284600F05BFD0646002868D0301D01F007
:1019400077FFF37963733146284600F065FD28463A
:1019500002F0C0FE284603F019F80023A37201210B
:10196000284600F071FD2846FFF71CFE284601F0CE
:10197000A7FC95F8723043F0100385F8723003E746
:101980002146284600F032FD0646002841D095F851
:10199000103194F84E10301D1BB1D5F820315B0783
:1019A0001DD401F059FFF37963733146284600F0E6
:1019B00033FD284602F08EFE284602F0E7FF94F839
:1019C0002030062B11D0242B3FF4DEAE00DEDBE608
:1019D0001A230371FAE61C3001F02AFFF6E60A46E4
:1019E00094F84D1001F044FFDDE70121A172284673
:1019F00000F02AFD2846FFF7D5FD284602B0BDE8D5
:101A0000704001F05DBC00DED4E600DE79E700DE68
:101A100094E700DEBBE700BF92F81FC0ACF1030CF7
:101A200002F11C03BCF1080F06D8DFE80CF0120528
:101A3000050F0505050C09003D2380F8443170476A
:101A40000822FFF78DBE0722FFF78ABE0222FFF7AA
:101A500087BE0122FFF784BE8B7A042B06D002D901
:101A6000053B082B00D8704700DEFCE705238B728E
:101A7000704700BF8B7A042B06D002D9053B082B98
:101A800000D8704700DEFCE7062040F2036207231F
:101A900081F82000A1F84D208B727047887AA0F160
:101AA0000400B0FA80F04009704700BF13460022DE
:101AB000FFF756BE70B591F82630042B0C460ED9B0
:101AC00091F82720112184F822100125134313F0E7
:101AD000070312D184F822300125284670BD032B5C
:101AE00007D091F82720042AECD8032A01D000253A
:101AF000ECE7112384F822300125A68CFFF762FD64
:101B0000801B0304E9D42823E4E700BF10B50C468A
:101B100089690023A36131B394F82130DB071DD517
:101B20000B792E2B1DD11D230B71838CCB8094F848
:101B300022300B7790F85930C3F302038B7790F87B
:101B40005830C3F302034B770868FCF7A3FE94F800
:101B5000213023F0010384F8213010BD01230B71E3
:101B6000F2E700DEDFE700DED6E700BF70B505462E
:101B70000C4601F099FB10B10123A37270BD2846F9
:101B800002F096FD0028F7D12146284600F026FCF9
:101B90000028F1D0284602F089FD0728ECD0012169
:101BA000284602F07DFD0D21284602F07DFD16231A
:101BB00063732146284600F019FC0646E061B0B385
:101BC000637B66610022162BE26109D000DE2846A5
:101BD000314600F021FC2846BDE8704001F074BB9E
:101BE00094F8203095F87C21C3F3C20363F3C50257
:101BF00085F87C2194F8202095F87C3162F302036B
:101C000085F87C3194F8203095F85820C3F3801380
:101C100063F3C30285F85820311D204601F03EFED3
:101C20000221284600F0FCFB0223A372CFE700DE6E
:101C3000E669C5E770B505460C4602F043FD10B1F4
:101C40000223A37270BD2146284600F0C7FB00287E
:101C5000F6D0284602F02AFD0728F1D00D212846AB
:101C600002F022FD172363732146284600F0BEFBD5
:101C70000646E061B8B1637B66610022172BE26122
:101C800009D000DE2846314600F0C6FB2846BDE8F4
:101C9000704002F01FBD311D284601F023FE41F6C1
:101CA00003036381EEE700DEE669E4E770B50C4606
:101CB000897A82B006461546092906D8DFE801F080
:101CC000080D454805056B058BAC00DE02B070BD04
:101CD000002DFBD10123A372F8E71946204601F03D
:101CE000F3FD94F8202096F87C31C2F3C200C3F3D0
:101CF000C2010140C2F30200034043EAC10322F0E3
:101D00003F02134384F8203096F93730002B0BDB69
:101D100094F8203013F0380F40F08E8094F8203083
:101D200023F03F0384F820300221304600F078FB96
:101D3000012DCBD196F83730DB09C6D0214630468D
:101D400002B0BDE87040FFF775BF002DBED1F5E7CA
:101D5000022DBBD190F93730002B80F2A180544B7B
:101D600096F8582093E8030094F8203002AD13430E
:101D700005E9030003F007036B4402211B7830469A
:101D800063F30612062386F85820A37202B0BDE85A
:101D9000704000F059BB032D98D11946204601F040
:101DA000B7FD21463046FFF785FE0546204600F088
:101DB00057FB002D67D094F8223096F85820282B36
:101DC00008BF86F844311346092162F3061386F8EA
:101DD0005830A1727AE7002D7FF478AFFFF7EAFB65
:101DE000A38CC01A03043FF571AF84F8225096F912
:101DF0003730002B24DB2A4694F8213062F30003AD
:101E000084F8213096F858201346092162F306130E
:101E100086F85830A17259E7042D7FF457AF214658
:101E2000FFF774FE304602F0B1FD0021304602F0AB
:101E30003BFC0023A37249E75A077FF475AF6DE7B7
:101E400094F8273096F8591094F8262013F00303DD
:101E500001F0070002F003021BD096F85850AC4680
:101E600063F3020C86F858C005F00705D2B99D420D
:101E700018BF0122C0D196F8592002F007052A1A8E
:101E800018BF0122B8E7304602F02AFC0823A372EB
:101E90001CE7002AAFD062F3020186F85910EAE786
:101EA00000DE5CE762F3020186F85910DFE700BF4D
:101EB00014A3040070B5D37F112B05460C4602F124
:101EC0001C063ED0182B09D0072B13D0242380F8F2
:101ED000443101F09DFA0023A37270BD8B7A062B6A
:101EE00040D003D8022BF8D900DE70BD083B012B8F
:101EF000FAD870BD8B7A062BF3D1002102F0D0FB0B
:101F0000D5F820311A2223F48073C5F820312046F9
:101F100084F8222000F0A4FA94F8213043F0010361
:101F200084F8213095F858201346092662F30613E9
:101F300085F85830A67228460221BDE8704000F0AE
:101F400083BA8B7A062BCCD13146204601F09EFC19
:101F500094F84E3084F822302846002102F0A0FB8D
:101F60002046D7E790F93730002B3FDA0221284688
:101F700002F096FB3146204601F0CAFC2146284675
:101F8000FFF798FD0646204600F06AFA9EB994F8DD
:101F900027302BB195F8582063F3061285F85820A6
:101FA000284601F09BF90823A37228460221BDE8C8
:101FB000704000F049BA0021284602F071FB94F805
:101FC00022300BB185F8443194F8203094F8212068
:101FD000DB0963F3000284F8212095F858100A46C3
:101FE00061F30612092385F85820DDE700DEBDE71E
:101FF00038B58B7A0C460546092B06D8DFE803F086
:1020000007070605050506050B0600DE38BDBDE819
:102010003840FFF7ABBDFFF7CDFAA38CC01A03041D
:10202000F4D495F93730002B19DB0021284602F053
:1020300037FB94F82030002284F82220DB0994F842
:10204000212063F3000284F8212095F858201346DC
:10205000092162F3061385F85830A17238BD94F84F
:10206000271095F8592094F8263011F0030102F05A
:10207000070C1AD095F85800864661F3020E13F04B
:10208000030385F858E000F0070018D063F302025C
:10209000884285F859200FD00021284602F000FB25
:1020A0000022012384F82220C9E713F00303BCD0E7
:1020B00063F3020285F859209C45EDD1B5E78842CB
:1020C000EAD1B2E78A7A0B46092A0BD8DFE802F098
:1020D0000B0B050A0A0A0B0A0B0B90F83720D209E2
:1020E000844601D100DE704710B50F4A90F858E0E1
:1020F00092E8030093F8202082B002AC4EEA02027C
:1021000004E9030002F007026A44022112786046E3
:1021100062F3061E41F606028CF858E05A8102B0BE
:10212000BDE8104000F090B914A3040038B58B7AD4
:10213000092B14D8DFE803F0121212131313121331
:10214000120505460C46FFF7E1FC284601F060F950
:102150000021284602F0A8FA0023A37238BD00DE51
:1021600038BD00BF10B592F81FE0BEF1160F02F1A6
:102170001C0310D0BEF1180F08D024230C4680F8A1
:10218000443102F003FC0023A37210BDBDE81040EF
:102190000322FFF78BBDBDE810400122FFF786BD8B
:1021A00013460022FFF782BD13460222FFF77EBDD1
:1021B00000230422FFF77ABD0023C0E90133C0E900
:1021C00003330370704700BF037801330370704717
:1021D00003785BB9C3687BB102691AB1816861B1E8
:1021E0000B6082600023C0E903337047013BDBB220
:1021F0000370002BEED0704770474360F1E700BFDB
:1022000003783BB100230C300B60436843B1196085
:1022100041607047002304300B604368002BF6D107
:10222000C0E90011704700BF00230B60836813B141
:10223000196081607047C0E90111704740687047BC
:102240000346406828B1996802685A60884208BF0E
:102250009A6070474078A0F10C00B0FA80F0400915
:10226000704700BF4078A0F10800B0FA80F0400944
:10227000704700BF4078A0F10200B0FA80F040093A
:10228000704700BF4078A0F11700B0FA80F0400915
:10229000704700BF4078A0F10100B0FA80F040091B
:1022A000704700BF4078A0F10900B0FA80F0400903
:1022B000704700BF4078A0F10600B0FA80F04009F6
:1022C000704700BF4078A0F11800B0FA80F04009D4
:1022D000704700BF4078A0F10300B0FA80F04009D9
:1022E000704700BF4078A0F10500B0FA80F04009C7
:1022F000704700BFF8B5064608460D46FAF764FA7F
:10230000044680B10027C0E90577456006722C229B
:102310003946203037F0DDFB4FF47F43FF226272F5
:102320006381A381A7732046F8BD00BF4078A0F168
:102330000200B0FA80F04009704700BF4078A0F179
:102340000200B0FA80F04009704700BF4078A0F169
:102350000200B0FA80F04009704700BF4078A0F159
:102360000100B0FA80F04009704700BF4078A0F14A
:102370000100B0FA80F04009704700BF4078A0F13A
:102380000100B0FA80F04009704700BF4078A0F12A
:102390000900B0FA80F04009704700BF4078A0F112
:1023A0001800B0FA80F04009704700BF4078A0F1F3
:1023B0000300B0FA80F04009704700BF4078A0F1F8
:1023C0000300B0FA80F04009704700BF416809B1CE
:1023D000FAF710BA00DE4168FAF70CBA024B186837
:1023E000003818BF01207047C006002010B504480F
:1023F000FAF7EAF904460430FFF7CAF8204610BDA0
:10240000C006002008B50120FCF758FA003818BFB4
:10241000012008BDFCF76CBAC430FFF705BF00BF50
:1024200038B590F8363105460C461BB11C4385F88B
:10243000364138BDC430FFF7C7FE95F836311C432E
:1024400085F8364138BD00BF90F8363123EA0101E6
:1024500080F8361101B17047C430FFF7B9BE00BF34
:10246000836943B11A792E2A04D02E221A71836906
:1024700002691A60704700DE8369F3E783694BB134
:102480001A792E2A00D0704701221A7181690868D2
:10249000FCF700BA00DE8369F2E700BF8B6913B175
:1024A0001A792E2A08D0CB692BB1D0F83C211A60BA
:1024B000CB69C0F83C3170471B68D0F838215A60AE
:1024C0008B6901221A718B69C0F83831EBE700BFC4
:1024D00070B505460C48FAF777F9044688B10A4BFF
:1024E00043600026C0E9056605722C223146203083
:1024F00037F0EFFA4FF47F43FF2262726381A381CA
:10250000A673204670BD00BFB006002010B50A4B70
:10251000022258685021FAF733F9084B0122586813
:102520005021FAF72DF9064BBDE8104058680422F7
:102530002C21FAF725B900BFB8060020B00600200C
:10254000C006002038B50446002500F035FF2046BF
:10255000C4E9365584F8E45002F0FAF9C4F8085199
:10256000C4E93A5584F8F650A4F8F450A4F8F850A9
:10257000C4F80B51A4F82851C4F81051C4F81451F0
:10258000C4F81851C4F81C51C4F82051C4F824519F
:10259000FBF7A6FC94F8723084F83651C4E9480180
:1025A000C4E94E5523F0180384F87230258638BDEF
:1025B00008460149FAF71EB9C006002010B5B0F868
:1025C000E24082B0034624B1A1420FD2641AA0F8BF
:1025D000E240B3F8F20020B181420FD2401AA3F8D2
:1025E000F20000231846137002B010BD019200F0F3
:1025F0000FFE019A58B1037A0A2B03D022236FF001
:102600007300F0E790F820306FF07300EBE700DE26
:10261000F1E700BF034B0B44B3FBF1F3A0F8F83034
:10262000704700BFFF59620210B5044602F098F9E6
:102630002046BDE8104000F0C7BE00BF10B50446FC
:1026400049B1012900D010BD02F0D4F92046BDE8FF
:10265000104000F00FBF02F0B9F92046BDE810406D
:1026600000F0FABE38B5D0F83841054634B12068DC
:1026700021464468FCF702F9002CF8D1D5F83C411A
:102680000023C5F8383134B1204624680449FAF7EC
:10269000B1F8002CF8D10023C5F83C3138BD00BF9B
:1026A000C006002090F93730002B14DA70B50446CC
:1026B0000E46032009491546FFF71CFE014640B1AE
:1026C00080F8206080F82150204600F071FD002045
:1026D00070BD0C2070BD0C20704700BFB8060020F4
:1026E00010B5074904460120FFF704FE28B1014652
:1026F000204600F05DFD002010BD0C2010BD00BF85
:10270000B806002038B504460D4602200849FFF7F8
:10271000F1FD58B190F8203065F30003014680F8D0
:102720002030204600F044FD002038BD0C2038BD8C
:10273000B806002010B5074904460420FFF7DAFD6B
:1027400028B10146204600F033FD002010BD0C20CA
:1027500010BD00BFB80600202DE9F04105468846AF
:10276000072010499DF8186017461C46FFF7C2FD68
:10277000A8B1E30008F0070803F03803BF0143EAFB
:10278000080307F040073B4343EAC613014680F8BD
:102790002030284600F00CFD0020BDE8F0810C2020
:1027A000BDE8F081B806002038B504460D4600F0BB
:1027B000A5FE204602F0A8F907490A20FFF79AFD76
:1027C00038B1014680F82050204600F0F1FC00208E
:1027D00038BD0C2038BD00BFB806002008B590F900
:1027E0003730002B08DB00F013FD20B1037A0B2BF0
:1027F0000CBF2230002008BD01F060FFF5E700BFEC
:1028000070B506460D4601F059FF20B1037A053B2D
:10281000012B044601D90C2070BD01463046FFF75C
:102820003DF90028F7D029686A68AB68ED68C4F8FC
:1028300037503046C4F82B10C4F82F20C4F833307A
:102840002146FFF709F9002070BD00BF38B50546E5
:1028500001F034FF20B1037A053B012B044601D976
:102860000C2038BD01462846FFF718F90028F7D09C
:1028700028462146FFF7FEF8002038BD2DE9F84331
:102880000546D0F82001BDF820801E4683070F467C
:10289000914617D495F93730002B1FDB2A490820C1
:1028A000FFF728FD0446002C42D0237A082B0FD0D6
:1028B000092B16D000DE2846214600F079FC0020C6
:1028C000BDE8F88320490920FFF714FD0446EAE734
:1028D000A4F828906685A4F82C80ECE71A20BDE8BF
:1028E000F883099BE784A4F828906685A4F82C80D7
:1028F00003B31B882387099B5B886387099B9B889D
:10290000A387099BDB88E387099B1B89A4F84030D8
:10291000099B5B89A4F8423095F93730002BCADA5D
:102920002846FEF79BF90146284602F061F9C2E706
:102930000C20C5E7054A4FF0FF33C4E90E23A4F885
:1029400040304FF6FF73E5E7B80600200000FFFFB8
:1029500010B5044601F0B2FE10B1037A092B00D085
:1029600010BD01462046BDE8104001F06DBD00BF1E
:1029700038B504460D4601F0A1FE10B1037A092BCB
:1029800000D038BD80F8205001462046BDE83840D0
:1029900001F05EBD08B501F091FE28B1007AA0F10A
:1029A0000900B0FA80F0400908BD00BF38B50546FF
:1029B0000C4600F02DFC10B14369A3420ED028460E
:1029C00001F07CFE10B14369A34200D038BD22461D
:1029D00001462846BDE8384001F094BF0146224632
:1029E000284600F0B5FCEAE710B5044600F010FCFC
:1029F00018B10146204600F0CDFC204601F05EFEF5
:102A0000014620B12046BDE8104001F08FBF10BD47
:102A10002DE9F041537F144605460E46002B3AD06F
:102A2000D37F1E2B24D9284600F0F2FB0746284608
:102A300001F044FE0146002F68D0FA7AE37F0028B7
:102A400043D09342C07A52D03A7B002A4FD1072B11
:102A500065D0112B74D00D2B40F086800D2802D04C
:102A60000B7B002B3BD01F2385F84431BDE8F08160
:102A7000474A52F8232022B104F11C00904760B16C
:102A8000E37F022BCFD10123224631462846BDE801
:102A9000F04101F0CBBFFF23D377284600F0B8FB0D
:102AA00030B1E27FC37A9A42E0D0037B002BDDD1C4
:102AB000284601F003FE002840D0E27FC37A9A4204
:102AC000D4D0037B002BD1D1DEE7934207D03A7BF1
:102AD0002AB9072B3CD0112B3AD00D2BD3D123464A
:102AE000324639462846BDE8F04100F0FBBB834240
:102AF000B9D00A7B002AB6D1072B2FD0112BEED1EB
:102B00004B7B94F820209A42E9D1ACE70028BAD058
:102B1000234632462846BDE8F04101F083BE94F8D2
:102B200020307A7B9A4225D00728F1D00A7B002AF0
:102B3000EED14A7B9A42EBD0242395E70346A3E7E4
:102B400094F820307A7B9A421FD01128EED1DFE72B
:102B50007A7B94F820309A4295D1C0E74A7B94F86A
:102B600020309A42BBD17EE78342D1D00B7B002B31
:102B7000CED1E1E707283FF476AF0B7B002B7FF443
:102B800072AF4B7B9342AAD16DE71128F5D16AE76A
:102B900000AC0400F8B58D6900260C4607468E612E
:102BA0002DB3012603232B71BB8CEB80237A022BE0
:102BB00005F11C0112D0042B02D000DE46B1F8BD95
:102BC000637A0C2BF9D1384600F0D2FD002EF6D1F5
:102BD00028682946BDE8F840FBF75CBE637A072BFE
:102BE0000DD0092BE9D1384600F020FDE6E7FFF7CC
:102BF00011FC05460028D5D100DE0071FFDE20461D
:102C000000F0C0FCDAE700BF70B506460C46FFF7DF
:102C1000EDFB054600284ED0237A013B291D092BE8
:102C200006D8DFE803F0141A202705050505052D51
:102C300000DEEB79637329463046FFF7EDFB237A1C
:102C40000A2B24D03046BDE8704000F03DBB08465A
:102C500000F072FC1323E372EBE7304600F0A0FCB7
:102C60000923E372E5E7204600F04EFDFF2365618E
:102C7000E372DEE7084600F069FD0C23E372D8E753
:102C8000204600F053FDFF236561E372D1E7F38C2A
:102C9000B6F8721140F2E24202FB03F342F2107204
:102CA00002FB013101393046B1FBF3F1BDE8704060
:102CB00089B200F00FBB00DEAEE700BFF8B50646F4
:102CC0000C4601F0FFFC20B103230025A372284627
:102CD000F8BD21463046FFF781FB05460028F3D0BA
:102CE00021463046FFF782FB074660B3237A022B6A
:102CF00007F1040019D0042B20D0012B1CD100F0C7
:102D000025FCFF23E372FB79637339463046FFF7F6
:102D100083FB304601F0DEFC0423A372304601F051
:102D200035FE0023A3722846F8BD0146304600F068
:102D30005BFCFF23E372E6E700DEE4E700F006FD5C
:102D4000FF23E372DFE700DED0E700BF38B50B7A80
:102D5000042B0C46054614D006D8013B012B0ED897
:102D6000BDE83840FFF7AABF0A2B08D101F00EFEDC
:102D700094F820300022A27285F8443138BD00DE7C
:102D800038BD90F808313BB9FFF798FF0028F5D01F
:102D9000012385F8083138BD01F0F8FD0023A37246
:102DA00038BD00BF38B50B7A013B0C460546092BF0
:102DB00014D8DFE803F005150D2313131313133292
:102DC0004B7A072B04D0132B02D0242385F84431EF
:102DD000284600F01DFB0023A37238BD00DE38BD7D
:102DE0004B7A072B01D0092BEFD194F82030DB0769
:102DF000EED521462846FFF7CDFEE9E74B7A0C2BAE
:102E0000E3D18B698BB121462846FFF7C3FE2846E4
:102E100000F0FEFA0023A37238BD00F0F9FA002298
:102E20001623A27285F8443138BDFFF7EBFA00286B
:102E3000E9D1284600F048FA0423A37238BD00BF48
:102E400070B50E7A731E0C460546092B06D8DFE8CE
:102E500003F0070E4D2205050505053F00DE70BD98
:102E600000F022FA00285DD00123A37270BD00F0AB
:102E70001BFA0028F8D121462846FFF7AFFA0028B0
:102E8000F2D021462846FFF7BFFE6369002B08BF3A
:102E90000326A67270BD90F80831002B3AD100F0DD
:102EA00003FA0028E0D121462846FFF797FA0028C8
:102EB000DAD021462846FFF7A7FE6269002A4FF0C4
:102EC00001030CBF03220222A27285F8083170BDF3
:102ED000FFF784FA0028C7D021462846FFF794FE62
:102EE0001622022384F82020A37270BD00F0DCF9C2
:102EF0000028B9D121462846FFF770FA0028B3D040
:102F000021462846FFF780FE6369002B18BF022682
:102F1000A67270BD0C2200234A728B61BDE870401E
:102F2000FFF740BF21462846FFF758FA00289BD0FC
:102F300021462846FFF768FE6369002B0CBF032378
:102F40000223A37270BD00BF8B7A022B06D002D978
:102F5000033B012B00D8704700DE70470B7A032B30
:102F600001D00A2BF7D1FFF71DBF00BF38B58B7A10
:102F7000032B05D001D9042B00D138BD00DE38BDAC
:102F80000546D07F0C46831E02F11C016072172B90
:102F90000DD8DFE803F00C0C0C0C0C1B0C170C0C00
:102FA000130D0C0C0C1F0C0D0C0C0C0C0C0D00DE7E
:102FB00021462846BDE83840FFF7F4BE284600F019
:102FC000EDFBF5E7284600F079FBF1E7204600F03D
:102FD000D5FAEDE7204600F059FCE9E738B58B7AE1
:102FE000032B05D8012B0AD8BDE83840FFF728BFCE
:102FF000042B03D10B7A042B0C4601D000DE38BD24
:103000000546FFF7FFF90028F9D021462846FFF7CB
:10301000C1FD284600F0FCF90023A37238BD00BFB3
:1030200038B58B7A012B06D002D9023B022B00D88F
:1030300038BD00DE38BD0546D07F0C46831E02F148
:103040001C016072102B17D8DFE803F00916161662
:1030500016161C16161618161616161610002046EA
:1030600000F070FB08212846FFF7DAF921462846D0
:10307000BDE83840FFF76ABE00DEF7E7284600F0FB
:103080008DFBF3E7284600F0EFFAEFE710B58B7AF7
:1030900082B00C46042B1ED8DFE803F01710031291
:1030A00010000B7A0A2B14D1019001F06FFC0198EB
:1030B00094F820300022A27280F8443102B010BD92
:1030C00002B0BDE81040FFF741BE01238B7202B091
:1030D00010BD00DEE8E700DEF0E700BF70B5044693
:1030E00004F0DAF858B1D4F8D85035B1D4F8DC206F
:1030F0002B68C4F8D830AA4221D0284670BD0546B6
:103100000121032004F08EF82A46064601210320FF
:10311000F9F7FCFBD4F8D85045B1D4F8DC202B6883
:10312000C4F8D830954208BFC4F8DC30002EE4D093
:10313000012211460320F9F7E9FB284670BDC4F8C7
:10314000DC30284670BD00BFF8B506460C4604F0DA
:10315000A3F868B1D6F8D850AC421FD1A3690BBB15
:103160003046FFF7BBFF2046BDE8F840FFF72EB919
:1031700005460121032004F055F82A46012107469F
:103180000320F9F7C3FBD6F8D850002FE4D0012272
:1031900011460320F9F7BAFBAC42DFD000DEA36989
:1031A000002BDDD01B792E2BDAD100DED8E700BF53
:1031B000F8B505460C4604F06FF840B100232360D3
:1031C000D5F8DC30F3B11C60C5F8DC40F8BD06462C
:1031D0000121032004F026F832460746012103208E
:1031E000F9F794FB2660D5F8DC3073B11C60C5F8A4
:1031F000DC40002FEAD00122BDE8F8401146032050
:10320000F9F784BBC5E93644F8BDC5E93644F0E7B3
:1032100070B5054604F040F818B1D5F8D8402046FE
:1032200070BD04460121032003F0FCFF2246064640
:1032300001210320F9F76AFBD5F8D840002EEED023
:10324000012211460320F9F761FB204670BD00BF43
:1032500038B50546FFF7DCFF037A013B0446092B2E
:103260001AD8DFE803F00505050519191B13130526
:10327000014600222846FFF7B1FEA37B03B938BD03
:1032800021462846BDE83840FFF75EBF01460022D0
:10329000284601F0ABF8F0E700DEEEE70146002239
:1032A0002846FEF7A5FEE8E790F8E400A0F101004B
:1032B000B0FA80F040097047012380F8E43070478D
:1032C000002380F8E4307047B0F8F830A0F8E2301E
:1032D000704700BFA0F8E210704700BF0023A0F8BD
:1032E000E230704738B50C468969054610461A46E3
:1032F000F1B1217A0139092922D8DFE801F0050569
:1033000005052121231C1C0521462846FFF72EFE1A
:10331000A36923B11B792E2B1CBF0023A361A37BC0
:1033200003B938BD21462846BDE83840FFF70CBF39
:10333000A3612061DDE72146284601F001F8E7E7B7
:1033400000DEE5E721462846FEF7B4FDE0E700BFD2
:1033500038B591F808C0BCF1070F0C46054616D0E9
:10336000BCF10A0F134602D0BCF1030F04D11A4678
:1033700021462846FFF7E8FDA37B0022626103B9DE
:1033800038BD21462846BDE83840FFF7DDBEFEF7D0
:1033900099FEF1E738B50B7A072B0C46054608D0A5
:1033A000A37B03B938BD21462846BDE83840FFF766
:1033B000CBBEFEF7BBFEF3E70222002380F8E0203D
:1033C000A0F8E230704700BF38B590F8E03004460E
:1033D000032B1BD8DFE803F002111011FFF718FFD1
:1033E000034648B11D7A2046FFF732FF0A2D14BF6D
:1033F0000123032384F8E03038BDFFF709FF0028DC
:10340000FAD02046BDE83840FFF722BF00DE38BDC5
:1034100010B590F8E0300446032B1BD8DFE803F02A
:103420000D020C02FFF7F4FE90B100230122A4F874
:10343000E230827384F8E03010BDFFF7E9FE28B176
:1034400000220123A4F8E220837310BD00DEF7E719
:1034500000DEEAE700DE10BD90F8E030022B05D078
:1034600000D87047032BFCD000DE7047002380F8A3
:10347000E030704738B590F8E0300446032B3AD876
:10348000DFE803F00926121320462946FFF706F865
:103490002846FEF79BFF2046FFF720FE0546002842
:1034A000F2D1022384F8E03038BDFFF717FE05465D
:1034B0000028F6D029462046FEF7F0FF2846FEF702
:1034C00085FF2046FFF70AFE05460028F2D1E8E70F
:1034D000FFF704FE05460028E3D029462046FEF704
:1034E000DDFF2846FEF772FF2046FFF7F7FD054691
:1034F0000028F2D1D5E700DE38BD00BF38B505465B
:10350000FFF7ECFD68B1044621462846FEF7C6FFEA
:103510002046FEF75BFF2846FFF7E0FD0446002843
:10352000F2D10024A5F8E2402146284601F0B8F87F
:1035300085F8E04038BD00BF03780121122243F036
:10354000030303704170C270704700BF037801210C
:10355000132243F0030303704170C270704700BF31
:103560000B784FF0020C43F0030307220B7081F835
:1035700001C0CA7090F84C300B7170470B7980F81D
:103580004C3070470B784FF0020C43F003030722D6
:103590000B7081F801C0CA7090F84C300B71704705
:1035A00010B50B780C460922082143F00303E170A3
:1035B0006270237090F93730002BACBF0B460E239E
:1035C000E370FAF78DFC002261F30702C1F3072CC8
:1035D0000B0C6CF30F2263F317421B0A63F31F6299
:1035E0006060A26010BD00BF38B50C460546FAF712
:1035F00077FC237843F00303237009236370E3709F
:10360000D5F82031217263F0FF031840020C0B0C37
:10361000C0F307252071C1F30721100AA2711A0A0D
:10362000E07165716172A372E27238BD0B78092294
:1036300043F003030B704A70CA70D0E94623100CA4
:10364000C2F3072C0A711A0C81F805C088714FEA81
:10365000102C0B72C3F30720130A81F807C04872BD
:103660008A72CB72704700BF2DE9F0414A68124E52
:103670008968530F83EA1273164003F001034FF079
:103680004052A3FB0232054601F0EF0786EA03042D
:10369000FAF726FC04EA0003C5F8203163F0FF03C3
:1036A000B8463340C5E946380F400122C5F82471B9
:1036B00085F81021BDE8F0812FCF87F72DE9F04183
:1036C0004C68104F8A68630F83EA147303F0010398
:1036D0004FF04051A3FB01312740054687EA030420
:1036E00002F0EF08FAF7FCFBC5E94678044008EA67
:1036F00001010123C5F82041C5F8241185F81031D6
:10370000BDE8F0812FCF87F70B784FF0030C43F023
:10371000030319220B7081F801C0CA7090F82030A1
:103720000B7190F821304B71704700BF0B7802226B
:1037300043F003030B704A70CA7090F820300B718D
:10374000704700BF0B7980F8203070470378074A34
:10375000C0F805204FF0060C43F0030340F60C516F
:10376000037080F801C0A0F803107047F105FFFF57
:103770000B784FF0060C43F003030C220B7081F81A
:1037800001C0CA7090F80A310B71B0F80B31A1F882
:103790000530B0F80D31A1F807307047012380F8EB
:1037A00009310B7980F80A31B1F80530A0F80B31F6
:1037B000B1F80730A0F80D31704700BF0B78032235
:1037C00043F003034FF0170C0B7081F801C0CA706F
:1037D000D0F82130D0F825208A604B6090F829304D
:1037E0000B7390F82A304B73704700BF10B5037805
:1037F0000D21042243F0030341700370C27084184A
:1038000003F04AFD0C2120B12046BDE8104001F034
:1038100021BE2046BDE8104001F012BE0378012110
:10382000052243F0030303704170C270704700BF6C
:1038300003780121062243F0030303704170C27034
:10384000704700BF037801210B2243F0030303708C
:103850004170C270704700BF037801714FF0020CD5
:1038600043F003030D22037080F801C0C27070475B
:103870000378017143F003034FF0030C037011232D
:1038800080F801C0C3704271704700BF0B7980F8A7
:103890004D304B7980F84E30704700BF0B784FF0B9
:1038A000030C43F0030316220B7081F801C0CA70A9
:1038B00090F82030C3F3C2034B7190F82030C3F36B
:1038C00002030B71704700BF0A7990F8203062F351
:1038D000C50380F820304A7962F3020380F8203073
:1038E000704700BF0B784FF0030C43F0030317221F
:1038F0000B7081F801C0CA7090F87C31C3F3C20329
:103900004B7190F87C31C3F302030B71704700BF19
:10391000CB8883840B7980F826304B7980F8273068
:10392000704700BF0B784FF0180C43F003030F22D1
:103930000B7081F801C0CA70C38C8B80038DCB8063
:10394000438D0B81838D4B8190F834300B73C38E84
:10395000A1F80D30038FA1F80F30438FA1F811307B
:10396000838FA1F81330C38FA1F81530B0F8403021
:10397000A1F81730B0F84230A1F81930704700BFF5
:103980000B784FF0180C43F0030310220B7081F8F2
:1039900001C0CA70C38C8B80038DCB80438D0B819B
:1039A000838D4B8190F834300B73C38EA1F80D30AA
:1039B000038FA1F80F30438FA1F81130838FA1F846
:1039C0001330C38FA1F81530B0F84030A1F817308C
:1039D000B0F84230A1F81930704700BF8B88C3841B
:1039E000CB8803850B8943854B8983850B7B80F8C6
:1039F0003430B1F80D30C386B1F80F300387B1F819
:103A000011304387B1F813308387B1F81530C3877D
:103A1000B1F81730A0F84030B1F81930A0F84230B2
:103A2000704700BF0B78002243F003034FF00C0CEB
:103A3000CA700B7081F801C090F823300B71036BD2
:103A4000094AA2FB03239B0AA1F80530438DA1F884
:103A50000930038DA1F80730838DA1F80B30838CDA
:103A6000A1F80D30704700BF5917B7D10B7980F816
:103A70002330B1F8053040F2E24202FB03F3036366
:103A8000B1F809304385B1F807300385B1F80B3040
:103A90008385B1F80D308384704700BFB1F80930D9
:103AA00003844B68C0F822300B7A80F826307047C8
:103AB0008B6900228A610BB3192293F804C01A7132
:103AC000828CDA8091F820201A774AB90A8DDA833D
:103AD0004A8D1A848A8D5A84BCF12E0F0AD0704701
:103AE000C28CDA83028D1A84B0F872215A84BCF138
:103AF0002E0FF4D118681946FAF7CCBE00DEDBE7CA
:103B000030B5C38C0A8D4C8D8D8D934285B002D11A
:103B1000038DA34214D0012381F8223002950B6B50
:103B2000CDE900240C7A91F82320898C0391A4F12B
:103B30000801B1FA81F14909EDF766F905B030BD28
:103B4000B0F872315B1B18BF0123E5E7F8B5CD690A
:103B500000230C4607461646CB618DB3291D112E56
:103B60000AD8DFE806F0200909090909091C090932
:103B7000090909090909241400DEEB796373294650
:103B80003846FEF749FC237A092B14D0F8BD0846C5
:103B900094F8202094F82110FFF76AFEEDE7204604
:103BA000FFF7DEFCE9E72046FFF73CFFE5E72046AC
:103BB000FFF7E6FEE1E73846BDE8F84000F08ABDD1
:103BC000FEF714FC05460028C8D100DEC6E700BF9A
:103BD00038B58B690C46054683BBFEF71BFC2E23CC
:103BE000A061037194F834200121002384F823108C
:103BF0002363218D4AB1B1FBF2F313FB02F3E28C94
:103C00009BB29A429CBF23851946238F994204D3C5
:103C100040F2E24202FB03F323632846FDF7D2FCA5
:103C2000298D034606310B44A384002228462146F1
:103C3000FFF78CFF4FF60B73638138BD00DECCE7D6
:103C400038B504460D4600F03DFD20B92946204612
:103C5000FEF7C4FB30B910212046FEF7E1FB092333
:103C6000AB7238BD04F1C400FEF7E8FA0028F2D1C7
:103C70002046FDF7C7FC0028EDD029462046FEF778
:103C8000B5FBE861FEF7BEFB10B90C23AB7238BD83
:103C900029462046FFF79CFF20461021BDE838400A
:103CA000FEF7D2BB70B50C460646FFF729FF237A14
:103CB000092B1DD094F82250ADB1002384F8203098
:103CC00021463046FFF7F4FE304600F05FFE237ACF
:103CD000092B05D10C4B1A68964204BF00221A60CA
:103CE0000023A37270BD2046FEF7C8FBA561EBE779
:103CF000304600F0F5FC237A092BDBD194F8203014
:103D0000002BDAD1D6E700BFB08A002070B5064696
:103D10000C4600F0D7FC10B10623A37270BD054617
:103D200021463046FEF75AFB0028F5D011222146E5
:103D30003046FFF70BFF304600F028FE237A092BB0
:103D400004D1044B1A68964208BF1D600023A37279
:103D500070BD00BFB08A0020F8B5294A1368064636
:103D60000C468BB183420FD002238B7200F0AAFC69
:103D7000054620B921463046FEF730FB68BB204699
:103D8000BDE8F840FEF76CBB218DF38C16609942BC
:103D900012D0A5690023A36185B303232F792B716A
:103DA000B38CEB8005F11C012046FFF7BBFD2E2FE5
:103DB0001FD00423A372F8BD628D338D9A42E8D1DF
:103DC000A28DB6F872319A42E3D12046FEF756FB37
:103DD00000220523A261A372F8BD4FF4726323840D
:103DE00021463046FFF792FF2046FEF747FBA561CC
:103DF000F8BD28682946FAF74DFDDAE700DECCE782
:103E0000B08A0020F0B50C46897A83B005460C29AB
:103E100000F2DE80DFE811F012001E004D005600B7
:103E200062006C007900DC007C00D2008600C000DB
:103E30000D00002A00F0D18003B0F0BD002AFBD1B4
:103E4000237A082B00F0DB80092B40F0C18001238E
:103E5000A372F1E7012AEFD119462046FFF7BEFD14
:103E6000E38C052B1BD9228DB2F5486F17D89342EE
:103E700015D8638DB3F5FA7F11D2A08DA0F10A0198
:103E800040F6764689B2B14209D8013313FB02F3FA
:103E9000B3EB800F03D294F8343093420BD940F641
:103EA0001E7323842146284603B0BDE8F040FFF787
:103EB0002DBF012AC0D82146284603B0BDE8F040F6
:103EC000FFF74ABF002AB7D10192FEF79BFA019A89
:103ED000002840F0AF800323A372ADE7032A79D016
:103EE000042AA9D10F22062384F82120A372A3E774
:103EF000002AA1D195F93730002B7EDA94F82030D2
:103F000043B10F2384F82130CCE7002A94D1C9E7CC
:103F1000002A91D1284600F0D5FB002872D0082352
:103F2000A37289E7022A87D195F83720C2F3C0111E
:103F3000D20975D019462046FFF798FD228D931FB0
:103F400040F67A419BB28B4200F28780638DB3F5D5
:103F5000FA7F80F08280A08DA0F10A0140F67646BB
:103F600089B2B14279D803FB0222B2EB800F74D23E
:103F70002846FDF727FBA38C1B1A47F6FE729BB25F
:103F8000934240F28880282385F84431284600F087
:103F9000FDFC0023A3724FE7002A7FF44DAF2846B3
:103FA000FDF708FBA38CC01A03043FF545AF21467B
:103FB000284603B0BDE8F040FFF774BE002A7FF446
:103FC0003BAF2146284603B0BDE8F040FFF738BEBE
:103FD00000DE31E70523A3722EE7FEF713FA00286F
:103FE0003FF42AAF21462846FFF7F2FD102128466C
:103FF00003B0BDE8F040FEF727BAA261E1E70A236B
:10400000A37219E721462846FEF7E8F9002886D072
:10401000102221462846FFF799FD0A2363810BE70A
:1040200084F84C10284600F04DFB0646B8B10D232D
:10403000A37201E7A669A261002E3AD00323377963
:104040003371AB8CF38006F11C012046FFF76AFC4C
:104050002E2F1BD00423A372EEE61E2394E72146E5
:104060002846FEF7BBF90028E1D007222146284662
:10407000FFF76CFD284600F089FC237A092B88D1D4
:104080000D4B1A68954284D11E6082E73068314634
:10409000FAF700FCDEE72046FEF7E2F90B23A372F5
:1040A0002846FDF78FFAA38CC31A1A043FF5C4AE55
:1040B0007DE700DEC2E700BFB08A00202DE9F041B5
:1040C0002C4E336804460D462BB1834203D00123A6
:1040D000AB72BDE8F0812046FFF7E6F80028F6D184
:1040E000204600F0E5FA07460028F0D12946204690
:1040F000FEF774F90028EAD02046FDF763FA0121A3
:104100008046204600F0CCFAA5F83680D5F81C8011
:1041100085F834703460EF61B8F1000F1BD008F1FE
:1041200004012846FFF7FEFB98F807306B73414601
:104130002046FEF771F92B7A092B08D094F8373016
:10414000DB0901D100DEC4E704236B81C1E720460F
:10415000FFF7BAF8F2E729462046FEF747F980460E
:104160000028DCD100DE04212846FFF7DBFB98F8AD
:104170000730FFDEB08A0020F8B50C46897A064683
:104180001546062909D8DFE801F00430080838642C
:104190000A001DB9237A092B29D000DEF8BD002DB5
:1041A000FCD1FDF707FAA38CC01A0304F6D4294604
:1041B000304600F075FA21463046FFF7A1FC237A1D
:1041C000092B00F0968094F82250002D40F09D803D
:1041D0002046FEF753F9A5613046FFF719F9237A17
:1041E000092B60D00023A372F8BD002DD6D1214643
:1041F0003046BDE8F840FFF761BF032D6CD0042DB9
:104200005CD0022DCAD119462046FFF72FFC228D23
:10421000931F9BB240F67A418B4262D8638DB3F50F
:10422000FA7F5ED2A08DA0F10A0140F6764789B2EE
:10423000B94256D803FB0222B2EB800F51D2294675
:10424000304600F02DFA2046FEF70AF90623A37245
:10425000F8BD002DA2D1FFF727F810B10523A372F6
:10426000F8BD21463046FEF7B9F80028F6D02946B9
:10427000304600F015FAE769E561002F4DD094F85B
:10428000202094F82110381DFFF7F2FAFB796373B0
:1042900039463046FEF7C0F8237A092B9CD13046C8
:1042A000FFF712F898E796F93730002B2FDB234BF6
:1042B0001A68964296D100221A6093E7D0F820310E
:1042C0001A2223F00203C0F82031214684F820206E
:1042D0003046FFF7EDFB7FE75B7984F8203021461D
:1042E000F6E70021304600F0DBF91E2386F8443162
:1042F00072E73046FEF7F2FF237A092B7FF463AFB3
:1043000094F82030002B3FF45EAF0023E5E7304601
:10431000FEF740FB0028CAD064E721463046FEF78E
:1043200065F807460028AAD100DE042094F8202072
:1043300094F82110FFF79CFAEB79FFDEB08A002099
:1043400020B592F81FC082B0054602F11C03BCF1F3
:10435000110F0AD8DFE80CF02D090909090909260F
:1043600009090909090909091E17242380F844319C
:104370000191FFF74DF801990B7A092B20D000230A
:104380008B7202B020BD0322284602B0BDE8204057
:10439000FFF7F2BE8B7A012BF3D9043B022BF0D945
:1043A00000DEEEE70422284602B0BDE82040FFF719
:1043B000E3BE0222284602B0BDE82040FFF7DCBE83
:1043C00095F93730002B06DB074B1A689542D6D19A
:1043D00000221A60D3E728460191FEF7DBFA019923
:1043E0000028F1D0CBE700BFB08A0020134600229E
:1043F000FFF7C2BE70B5D57F02F11C03CDB10F2D02
:1044000012D024230E4680F84431044600F0BEFA50
:10441000337A092B05D1094B1A68944204BF002254
:104420001A600023B37270BDBDE870400122FFF72F
:10443000E9BCBDE870400222FFF7E4BCB08A00206E
:1044400013460022FFF7DEBC00230322FFF7DABC8D
:1044500000230422FFF7D6BCD37F012B70B505469D
:104460000C4607D0242380F8443100F08FFA002353
:10447000A37270BD8B7A012B04D013F0FD0FF8D01E
:1044800000DE70BD02F11C012046FFF707FB284645
:10449000268CFDF797F8361A47F6FE73B6B29E42A1
:1044A00002D80223A37270BD282385F84431284620
:1044B00000F06CFA0023A37270BD00BF38B58B7A90
:1044C000012B05D0022B0C4603D0A3B901238B721C
:1044D00038BD0546FDF76EF8238CC01A0304F7D4E7
:1044E00004F122012846FDF77BF8284600F04EFA39
:1044F0000023A37238BD00DE38BD00BFD0F8E8202D
:104500008A42034608460DD18A69A2B90A46D3F801
:10451000ECC01168C3F8E810624508BFC3F8EC109E
:10452000FDF754BF00DE8A692AB9D3F8E820002AD3
:10453000EDD1FDF74BBF12792E2AF6D100DEF4E75C
:1045400038B5D0F8E8502B7A013B04460A2B28D81E
:10455000DFE803F00606060618181D1313062200EE
:1045600000222946FEF792FDAB7B2BB1294620465F
:10457000BDE83840FFF7C2BF38BD00222946FFF72B
:104580005FFFF1E700222946FDF790FAECE70022F1
:104590002946FDF705FEE7E700222946FFF78EFFD3
:1045A000E2E700DEE0E700BF70B5D0F8E85004466F
:1045B0001DB394F8F430012B03D1022384F8F030BA
:1045C00070BD29462046FDF709FF0028F5D0294691
:1045D0002046FDF70BFF064688B1311D2846FEF741
:1045E000BFFFF3796B7331462046FDF715FF0122BB
:1045F0000023AA7384F8F03070BD00DED9E700DE36
:10460000EBE700BFF8B5D0F8E8500446ADB394F836
:10461000F430012B03D1012384F8F030F8BD294692
:104620002046FDF7DBFE0028F5D029462046FDF7A1
:10463000DDFE064688B32046FEF7EAFD2A7A037AB5
:10464000934206F104071AD0082B1AD02A2194F8B5
:1046500010311BB1D4F820315B0717D43846FFF76F
:10466000FBF8F3796B7331462046FDF7D5FE012246
:104670000023AA7384F8F030F8BD00DEC7E72321D9
:10468000E5E7092A0CBF23212A21E0E70A4638463C
:1046900094F8F710FFF7ECF8E3E700DECBE700BF94
:1046A00080F8F610704700BF704700BF00207047C9
:1046B00090F8F500003818BF01207047D0F8E800E6
:1046C000704700BF90F8F400A0F10100B0FA80F04C
:1046D00040097047B0F8F830A0F8F230704700BFDA
:1046E0000023A0F8F230704738B5D0F8E840F4B1B4
:1046F000D0F8EC202368C0F8E8309442054608BFA3
:10470000C0F8EC309CB121462846FDF7C7FE204694
:10471000FDF75CFED5F8E8404CB1D5F8EC202368F5
:10472000C5F8E8309442EED1C5F8EC30EBE738BD7F
:1047300070B505460C4639B1042900D070BDFFF7AD
:10474000D3FF85F8F04070BDD0F8E860002EF5D0BA
:10475000337A112B11D832494FF0010C0CFA03F0C7
:10476000014061B910F4386F07D00A2B13D0CBB1D8
:1047700095F8F630F3B9644604E000DE337A0A2B8C
:1047800009D07BB185F8F5402846FFF7D9FE032311
:1047900085F8F03070BD2846FFF7D2FE052385F876
:1047A000F03070BDD37F86F84C302846BDE87040AD
:1047B000FFF7FABE95F93710002910DB012B20D046
:1047C000022BBBD12846FEF723FD327A037A9342AF
:1047D00021D0082B1DD02A2385F8443170BD012B30
:1047E000EED12846FEF714FD08B1FF23C372012362
:1047F00085F8F5302846FFF7A3FE032385F8F0304F
:1048000070BDD37F85F8F7302846BDE87040FFF7CC
:10481000F9BE092ADFD1232385F8443170BD00BFDA
:104820007FF4030038B50C468969054610461A46E0
:10483000237AE9B10B2B5FD8DFE803F00C060606FC
:10484000063A3A4A4242065221462846FEF7E8FB1B
:10485000A16921B10B792E2B1CBF0023A361A37B7F
:104860002BB121462846BDE83840FFF747BE38BD8A
:10487000A26120610B2B3FD801A151F823F000BFAA
:10488000F148010049480100494801004948010038
:1048900049480100B1480100B1480100D148010078
:1048A000C1480100C148010049480100E148010038
:1048B00021462846FDF7B0F8A1690029CAD1CEE704
:1048C00021462846FFF796FDA1690029C2D1C6E717
:1048D00021462846FDF746FCA1690029BAD1BEE76A
:1048E00021462846FFF7B8FDA1690029B2D1B6E7F5
:1048F00011460029AED1B2E700DEA1690029A9D195
:10490000ADE700BF38B50B7A072B0C4605460AD039
:10491000A37B002262612BB121462846BDE83840C6
:10492000FFF7ECBD38BDFDF73FFCF1E738B50B7A7A
:10493000072B0C46054608D0A37B2BB12146284601
:10494000BDE83840FFF7DABD38BDFDF731FCF3E7CD
:104950000422002380F8F020A0F8F230704700BF56
:1049600090F8F030052B0ED8DFE803F006090703B6
:104970000603D0F8E83023B97047FFF715BEFFF7FC
:1049800041BEFFF7DDBD00DEF6E700BF90F8F03076
:10499000052B04D8DFE803F004151305040500DE39
:1049A0007047D0F8E820002380F8F5305AB1002392
:1049B0000121A0F8F230917380F8F0307047FFF7D2
:1049C000F3BDFFF71FBE00DEF1E700BF90F8F03047
:1049D000052B04D8DFE803F004090B04050400DE0E
:1049E0007047002380F8F0307047FFF70BBEFFF7E9
:1049F000DBBD00BF90F8F03010B50446052B12D88F
:104A0000DFE803F0030D09030803FFF76DFE04233D
:104A100084F8F03010BDBDE81040FFF7C5BDBDE81B
:104A20001040FFF7EFBD00DE10BD00BFF0B504463B
:104A300083B00E46154673B1D27F1B2A37D8DFF8F4
:104A4000C4C090F837100CEB4203C9095F7801230A
:104A50008B403B4040D11846FDF73AFD074620B356
:104A600000230360D4F8EC301BB31860C4F8EC00EA
:104A700094F8F030052B42D8DFE803F01E27030638
:104A800006062046FFF790FDBB7B1BB1394620464A
:104A9000FFF734FDD4F8E81039B12B4632462046F2
:104AA00003B0BDE8F040FFF7BDBE03B0F0BD00238A
:104AB000D1E7C4E93A00DBE72A4600212046FFF7A8
:104AC00037FEBB7B002BE5D0E0E72046FFF79AFDE1
:104AD000BB7B002BDED0D9E71CF812300A2BBAD1F1
:104AE0000193FFF701FE0022A4F8F22084F8F520DC
:104AF00084F8F0202046FEF701FD019BABE700DEC5
:104B0000C2E700BF7CAC040010B50446FFF7ECFD23
:104B10000023A4F8F23084F8F53084F8F03010BDAA
:104B200000B9704700DE704730B991F8B83023F013
:104B3000010381F8B830704700DE91F8B83023F0F7
:104B4000010381F8B83070472DE9F041079D9DF8C9
:104B500018700646A88C4FF6FF7188422ED0314659
:104B6000284690461C46FCF745FB38BB2B780133A2
:104B7000DBB22B7033B3144BB5F840019A7A1C8129
:104B800067F300029A72114A013405F11001936033
:104B900004440022D960C3E9006811460B4BA5F814
:104BA00040410120F7F7E6FE50B9FF20FCF740FB3B
:104BB0002846FF21BDE8F041FCF706BCBDE8F081C6
:104BC00000DEF2E700DED6E7A0210020C8060020C4
:104BD000012800D0704700B583B00191F9F7F6FEC7
:104BE0000199814202D103B05DF804FB00DEFAE7CF
:104BF000C38D23B190F8B82012F0010300D07047A4
:104C000010B542F0010288B00B4C80F8B820033197
:104C10000122CDE902320690CAB2CDE90434CDE9D1
:104C2000003303211846F9F7CFF810F0FD0F01D13A
:104C300008B010BD00DEFBE7294B010038B50C467B
:104C40001546FCF71FF848B11CB1BDE83840FDF728
:104C5000FDBD2946BDE83840FDF7D2BD022038BD74
:104C600038B50C461546FCF70DF858B190F93730B9
:104C7000002B05DA2A462146BDE83840FDF712BD73
:104C80000C2038BD022038BD054B064A10B41F2049
:104C90004FF0FF3425211C601871117010BC704753
:104CA0005C8C002025AB002010B5044600789DF8F0
:104CB00008C002FB01111A4A014482FB01020A44A6
:104CC000521102EBC20002EB80028A1AD0B2C10874
:104CD0002070595C02F0070241FA02F212F0010260
:104CE0001DD1B0FBFCF10CFB11015C1EC9B20433F9
:104CF000104600F1080E14F8012F5FFA8EFE12F034
:104D0000010F00F1010C4FEA520202D039B1013912
:104D1000C9B25FFA8CF08645F1D19C42E9D110BD51
:104D2000A7C867DD4288008850407047F0B5304D15
:104D3000304C48404FF0030C060A5FFA80FE0EEB41
:104D40008E2E06EB862004EA401705EA400605EAA7
:104D50004E0004EA4E1E3E4340EA0E0000EB0027E0
:104D600006EB062E06EB0E2600EB0720C6F30746E1
:104D7000C0F3074040EA062000EB00100CF1FF3CB6
:104D800008441CF0FF0C80B2D6D141401A48A0FB69
:104D900001400C1A00EB5400400900EBC00400EB8A
:104DA0008400081AC0F3C40400F00705145D2C4108
:104DB000E407C0B21AD401FB03F3561EC3F3074342
:104DC0000432604600F1080516F8011FEDB211F03B
:104DD000010F00F101044FEA510102D033B1013B50
:104DE000DBB2E0B2A842F2D19642EBD1F0BD00BFF7
:104DF00010210200408408004D91CFBA00F020BB82
:104E000010B584B0079BD3E900209047012812D049
:104E100004460DF10F010DF10E00F9F799FD002187
:104E2000064B00919DF80F209DF80E000121F8F728
:104E3000E3FF034B1C6104B010BD00BF454E0100F1
:104E4000B021002000B585B00DF10F010DF10E006D
:104E5000F9F77EFD9DF80F20064B9DF80E0000210E
:104E600001320091D2B20221F8F7C6FF05B05DF819
:104E700004FB00BF054F0100F0B58DB00E4605469E
:104E80000DF12F010DF12E001C461746F9F760FDBC
:104E90009DF82FC006940CF1010C0024CDE90744C5
:104EA000CDE90344CDE901449DF82E000597009615
:104EB0002B465FFA8CF20121F8F714FF10F0FD0F7A
:104EC0000AD006480094064B04619DF82F209DF8F7
:104ED0002E000121F8F790FF0DB0F0BDB0210020A9
:104EE000454E010070B5059D0446F9F737FD2B4688
:104EF0002046034ABDE870400621FFF7BDBF00BF52
:104F0000014E0100014811F04BBE00BF648C00202F
:104F100070B50446059DF8F7DDFF2146F8F7DCFF84
:104F2000062800D970BD2B462046034ABDE87040D4
:104F30003121FFF7A1BF00BFE54E010008B50122F6
:104F40000021024829F017FF002008BD648C0020D2
:104F5000024BA0F2A462C3E900207047B0210020F8
:104F60000020F8F7A1BE00BF08B5F8F7B3FF014B6A
:104F7000986008BDB02100200020F7F75DBD00BF9C
:104F800008B50A4BD3F840213AB90120F7F754FD90
:104F9000BDE808400220F7F74FBD0020C3F84001EC
:104FA000D3F84031F8F78CFEEFE700BF00B00040C7
:104FB00001F0F8BC90B90E4B0E4A1978107888426F
:104FC000CBB20DD10C480D4990F800C001331370DD
:104FD0000B78634507D003780B70704700DEEAE773
:104FE00000DE1378EEE700DE03780B70704700BF39
:104FF00026AB002027AB00202BAB00202AAB0020E3
:105000000B4A0C4B117893F800C08C450DD01278E8
:105010001A70094A094B18B911781878884202D0D9
:1050200012781A70704700DEFAE700DEEFE700BF83
:1050300029AB002028AB002026AB002027AB0020A6
:1050400001F0DABD08B50B480B4B027819788A429B
:105050000CD00A4B01700022039898601146012081
:10506000F7F788FC00B908BD00DE08BD00DE19783E
:10507000EFE700BF26AB002027AB0020D8060020BA
:105080002DE9F041304A314E127833789A428AB095
:105090000C4605D12E4B2F4A1B7812789A4247D0E6
:1050A0002768DFF8B48007F12D0525F07F45D8F893
:1050B00000102846F8F710FF10F4000002D10AB0E3
:1050C000BDE8F081254A264B11781A78914213D118
:1050D0001F4A20491278097891420DD01A7801327E
:1050E000D2B21A7000221F4B009211461046F8F7F8
:1050F00083FE10F0FD0F24D11B4BE168C8F800506F
:105100000022CDE90732194BCDE90322CDE9053163
:10511000CDE901222D23009334780134E4B23B46DB
:10512000114610463470F8F7DDFD0AB0BDE8F08195
:105130000768DFF8248007F12D05044625F07F4538
:10514000DAE700DE00DED7E72AAB00202BAB002039
:1051500026AB002027AB0020848C002028AB002049
:1051600029AB002001500100B54F0100455001005E
:105170007A4A9368002B00F096802DE9F04F13686F
:1051800089B08146002B46D04FF0FF338DF80A30AE
:105190000DF10A00F9F75CFD044600283BD0037FBF
:1051A0009907F5D1857A15F00205F1D1C3684B4511
:1051B00055D00668A8462F460DF10A00F9F748FDBC
:1051C0008346F0B1027F9207F6D1827A9307F3D437
:1051D000C268B8F1000F21D04A4558D0DBF800A0D2
:1051E00031465046F8F778FE00F4000000280DF133
:1051F0000A001CBF5F465646F9F72AFD8346002881
:10520000E0D1002F08BF274639463846FFF738FF60
:1052100030F0020339D109B0BDE8F08F91458046E6
:10522000DCD1237FE16843F0020323772046A369A2
:105230009847FF238DF80A300DF10A00F9F708FDB1
:1052400004460028E7D0037F9F07F5D1837A9E07A5
:10525000F2D4C3684B4502D000DED0F80C903F4A30
:105260004846D2E9001303AA98470646002843D0CF
:1052700010F1100F59D0394A0020936811689847EF
:1052800016F10B0F10D08C36C5D000DEC3E7227F9D
:10529000E16842F0020222772046A2699047D84591
:1052A0007FF472AFC5E770472C4A0023D2F808900C
:1052B000D2E9004802261360FF278DF80B700DF12C
:1052C0000B00F9F7C5FC90B1037F9A07F7D40DB92D
:1052D000DB07F4D4C368A342F1D1037F826943F0B2
:1052E00002030377214690478DF80B70E7E701250D
:1052F000AE420AD02E46E0E7237FA269E16843F080
:10530000020323772046904785E70022CDE9042257
:105310000692039B00964946404604AA0794F9F773
:105320004FFC00287FF477AFAFE7A37A43F0020386
:10533000A3720DF10A00F9F78BFC014600283FF437
:105340006AAF037F9D07F4D1837A9C07F1D4FFF7FE
:1053500097FE30F002033FF45EAF96E7C8210020CD
:1053600010B582B01C4829F0E4FA90B31B4B00241E
:105370009C6000F0A3FA002829DB22462146012088
:105380001EF0E0FE164A00942346214601201EF03E
:10539000E1FE144A0094012123460B201EF0DAFEA0
:1053A0002146114A0094234618201EF0D3FE0F4BCD
:1053B0001022C3F804230120EFF79AFB0B20EFF72C
:1053C00097FB1820EFF794FB01F006FB204602B094
:1053D00010BD6FF01200FAE7DC9D0400C821002028
:1053E000B14F0100814F0100794F010000100040D2
:1053F00010B582B000F074FA00281FDB0120EFF72F
:1054000085FB0B200024EFF781FB1820EFF77EFBD4
:10541000234622462146009401201EF09BFE0121D6
:10542000234622460B2000941EF094FE1820009480
:105430002346224621461EF08DFE204602B010BDB6
:10544000034603488AB2194683681B68184700BFA1
:10545000DC9D040030B4074DAB685C6834B18AB29F
:10546000A44601460023284630BC60476FF0570031
:1054700030BC7047DC9D040030B4074DAB685C68FD
:1054800034B18AB2A44601460023284630BC6047A6
:105490006FF0570030BC7047DC9D0400002070475F
:1054A00070B5044682B0002833D0204B1A6882427F
:1054B00029D0FF250DF107008DF80750F9F7C8FB3B
:1054C000034640B91DE0A1420CD00DF10700F9F7E9
:1054D000BFFB0346A8B11A7F9207F6D4D9681846D5
:1054E000002CF0D11A7F9E6942F002021A77B04771
:1054F0000DF107008DF80750F9F7AAFB03460028C5
:10550000E9D102B070BD9B686BB10146002098479D
:10551000CFE7064A9368002BCBD011680029C8D08A
:1055200000209847C5E700DEC3E700BFC821002080
:105530000020704710B50446F9F77CFB8CB90D4B81
:105540009A68AAB11C6800229A601A6004B12468A3
:105550000020F9F797FB2046F9F724FC28B100203A
:1055600010BD0028F3D100DEF1E700DE002010BD01
:1055700000DEE7E7C82100202D20704710B5144653
:10558000F8F7A8FC2146F8F7A7FC030204D4023080
:10559000092898BF002010BD002010BD262810B596
:1055A000044613D0272809D0252817D1022001F05E
:1055B00089FA2046BDE8104001F08ABA502001F077
:1055C00081FA2046BDE8104001F082BA1A2001F0AD
:1055D00079FA2046BDE8104001F07ABA0A2807D9C6
:1055E00027280AD900DE2046BDE8104001F070BA35
:1055F0000230400001F066FADBE70330400001F0C2
:1056000061FAD6E701F0C2BA01F0C8BA08B501F0F4
:10561000F3FABDE8084001F031BC00BF08B501F065
:10562000EBFA01F02BFCBDE8084001F0EFBB00BF36
:1056300008B501F0E1FA01F021FC01F005FCBDE83C
:10564000084001F0E3BB00BF08B50146114801F076
:10565000B9F901F0FDFA60B101F0A6FC01F0F2F930
:1056600000F080F900280EDBBDE808400020FFF7BD
:1056700061BF01F0A1FA01F097FC01F0E3F900F03D
:1056800071F90028F0DA00DE0020BDE80840FFF7DD
:1056900051BF00BF4150010010B5044601F0ACFA03
:1056A00001F0ECFB01F0D0FB01F0B0FB2046BDE8BF
:1056B0001040FFF7C9BF00BF10B5044601F09CFAC7
:1056C0000D48214601F07EF901F0C2FA40B100F028
:1056D00049F900280ADBBDE810400020FFF72ABF87
:1056E00001F06AFA00F03EF90028F4DA00DE00204A
:1056F000BDE81040FFF71EBF415001002DE9F04FFB
:1057000089B01F469DF848B0FF23804689469246DF
:105710008DF81F300DF11F00F9F79AFA002846D0D6
:10572000037F9D07F6D1837A9C07F3D405683E6812
:105730009DF81F300593044629463046F8F7CCFB08
:10574000BBF1000F53D0BC4208BF002426460DF128
:105750001F00F9F77DFAD0B1027F9107F7D1827A65
:105760009207F4D402680490294610460392F8F791
:10577000B3FB039A049B00F4000000280DF11F0006
:105780001CBF15461E46F9F763FA0028E4D1059BB5
:105790008DF81F30314B9A68002A30D17EBB54B14E
:1057A000BBF1000F48D1BC4205D000DE03E02B4B1B
:1057B0009A68044612BBFA681A60C3E90189384640
:1057C000D04704460DF11F00F9F742FA014650B1E7
:1057D000037F9A07F6D1837A9B07F3D4FFF750FC37
:1057E00030F0020333D1204609B0BDE8F08F00024B
:1057F000A9D5FF23354605935C46A7E706464946EB
:10580000CDF800B0534640463A46F9F7D9F901467B
:1058100080B1BBF1000F0AD1BB7A980707D4C6B19B
:105820003046FFF72DFC30F0020300D000DE6FF0B1
:105830007604D8E700DEECE7CDF800B053463A46F0
:1058400049464046F9F7BCF90028F0D1EEE700DE02
:10585000C9E7002C14BF26460E46E1E7C821002008
:1058600001F1100011F09CB970B505468AB00C46E4
:105870000122002104A829F07EFA0F4B0193002693
:10588000032369462846039602931DF00DFD002868
:1058900010DB31464FF4004340F2E730E4FB0301F4
:1058A0004FF47A720023EAF77BFC02460B4604A809
:1058B00011F0B2F90AB070BD6158010010B50120B5
:1058C000064C08F009FA00230121A1606360E3603F
:1058D0002146BDE810401DF0E7BC00BF8C8C0020C5
:1058E00010B5012008F0F8F9044904461DF04BFDFD
:1058F0002046BDE810401DF022BD00BF8C8C00206A
:105900000C4B1A780AB10020704710B501201870AE
:1059100008F0E2F94FF47A710446FFF7A5FF38B9B1
:1059200020461DF00CFD02280CBF00206FF0040083
:1059300010BD00BF2CAB002008B5094BBFF35B8F37
:1059400053E8002F511C43E800100028F8D1BFF3A2
:105950005B8F002A01DC08F0C7F9002008BD00BFFA
:10596000888C002008B50E4BBFF35B8F1A68BFF31D
:105970005B8F002A10DDBFF35B8F53E8002F511EB1
:1059800043E800100028F8D1BFF35B8F012A01DC47
:1059900008F0C0F9002008BD6FF0770008BD00BF17
:1059A000888C002032207047014B33F8100070477C
:1059B000B4AC040010B50446FFF73AFE01F03AFA21
:1059C0002046BDE81040FFF73FBE00BF38B5044693
:1059D00001F03CF9FFF71AFE962001F05FFA002370
:1059E00018461A46194601F0A3F90120F9F78CF878
:1059F000F0B11C3001F0BEF801F014F900BB2146F3
:105A0000104800F0DFFF01F023FB002104460846A8
:105A100001F0C6F800210546084601F0BDF82C4407
:105A2000CB34201A01F0CCFABDE8384001F002BBBB
:105A300000DE1C3001F09EF801F0F4F80028DED002
:105A400000DEDCE7995E010010B50446FFF7F0FDCB
:105A500001F0F0F92046FFF7F7FD054B0021012288
:105A600008469C60F6F786FF00B910BD00DE10BD49
:105A7000E8060020814208B50ED00B7ADB0702D47D
:105A80006FF08B0008BD0C4B1360FFF755FF00282B
:105A90000FDB6FF00A0008BD0B7B01EB83010B6984
:105AA0001B7803F00F03012B0CBF00206FF08B005D
:105AB00008BD00DEEDE700BFC55D010010B548B1CF
:105AC0000C46FFF74FFF00280BDB2046BDE81040D7
:105AD000FFF730BD044800F075FFBDE8104001F04D
:105AE0006BB800DEF1E700BFB5590100084B042296
:105AF00010B598182821F6F743FE064B00249C8128
:105B000002222146044829F036F9204610BD00BF84
:105B1000CC8C0020BC8C0020A48C0020084B0422DC
:105B200010B598182821F6F72BFE064B00249C810F
:105B300002222146044829F01EF9204610BD00BF6C
:105B4000CC8C0020BC8C0020A48C002010B5044616
:105B50000548F6F739FE20B103460020587063600F
:105B600010BD6FF00B0010BDCC8C00200346002050
:105B7000187058709860704738B51E4D2B7B6A7B43
:105B80009A4202D055F8234034B91B48F6F71CFE60
:105B9000044680B1204638BD184811F063F82B7BCD
:105BA0006A7B9A42F6D00133DBB2032B08BF002395
:105BB0002B73204638BD11484FF42032002311F0DA
:105BC0002BF8A0B90D4811F04DF82A7B6B7B93425E
:105BD0000BD0531CDBB255F82220032B08BF002347
:105BE0002B7312B11446204638BD00DED2E700DE2A
:105BF000E8E700BFBC8C0020CC8C0020A48C0020E7
:105C000010B5027843789A4214D0D4B24470027826
:105C1000944204D05A1C4370D3B2022B0ED01A46C1
:105C200000EB82040B70606800B110BDFFF7A4FFA9
:105C3000606010BD0133DBB2022BF0D100221346AD
:105C4000EEE700BFF8B5027843789342044625D0CA
:105C5000D5B2154A507B92F80CC0431CDBB2032B23
:105C600004EB850708BF00239C450E46796806D0E3
:105C700042F8201053730D4810F092FF00216B1C66
:105C8000DBB2022B0ABF00221A461346796023704A
:105C9000012104EB820431706068F8BD1A4604EB00
:105CA00082046068F8BD00BFBC8C0020A48C00207A
:105CB00030B5037AC3F302130446002B93FAA3F022
:105CC000B0FA80F008BF4FF0FF3083B000F1010060
:105CD0003AD0217A5A1E134063F306112172243000
:105CE000FFF75CFC00230DF1070104F10C008DF8B7
:105CF0000730FFF7A7FF054620B3284600F040FF16
:105D00002B7803F00F03022B13D00DF1070104F1E0
:105D10001800FFF797FFE0B121460F4800F052FE50
:105D2000962001F0BBF8002003B0BDE8304000F041
:105D3000B7BF0A48214600F045FE03B0BDE8304039
:105D400001F056B800DED8E700DE237AC3F3021371
:105D5000BFE700DEE0E700BFCD590100B15D010003
:105D600010B50446FFF764FC237A03F07102012AA0
:105D700005D1C3F3420262F306132372DBB213F0C0
:105D8000700F05D0636853B193F82C309B0706D58C
:105D900001F050F82046BDE81040FFF755BC204602
:105DA000FFF786FF00F002FFBDE8104001F042B9A6
:105DB00010B5044600F04AFF2046BDE81040FFF74A
:105DC000CFBF00BF70B5C36804461E68F8F782F8FD
:105DD00005463046FFF7D0FB00232D1AC4E90053D7
:105DE00023812046BDE87040EBF71EBC10B582B0A1
:105DF0000446FFF7A1FD002809DB084A08490948C5
:105E000000940023F8F7FCFF18B902B010BD00DEC3
:105E1000F3E77730F9D000DEF7E700BF291600007E
:105E2000BD5A0100755A0100F8B5079D9DF818701C
:105E30009DF820400E462DB10C78B2EBD41F16D041
:105E40000020F8BD417A01F00301012901D9002C9D
:105E5000F6D03178B2EBD11FF2D1062206F108015B
:105E6000184633F04EFEB0FA80F04009F8BD1846EF
:105E70000622083133F045FE0028E1D1C4F3801436
:105E8000BC42DED10622B11C284633F03AFEB0FAFD
:105E900080F04009F8BD00BFF0B587B0044600F0BF
:105EA000CBFEC0B2002800F08B8000F0E7FE054674
:105EB00000F0D4FFEDB2064600F0DAFF00F0B0FFCC
:105EC000FFF7B6FB45B95848214600F07BFD07B007
:105ED000BDE8F04000F070BEFF2301208DF81730C0
:105EE000F8F712FE0546002800F09880237B95F80D
:105EF0001CE004EB830305F11C011F693B46F6B26D
:105F000013F802CB0CF00F00012808BF07F10800BE
:105F1000CCF380124FEADC170EF00F0C18BF0020F4
:105F2000BCF1030F4FD0BCF1050FCCD16D7F222DFA
:105F3000C9D16568002DC6D095F82C50AD07C2D4E4
:105F40000DF11705CDE90106009720460395FFF7EF
:105F50006BFF0028B7D00420F8F7D6FD0028B2D098
:105F60003248214600F02EFD00F026FE00F05AFED9
:105F7000002855D1626892F82C3043F0010382F872
:105F80002C30F8F7DBFD17224FF6FF730271C38048
:105F90008460054601F002F8286101F053F8002101
:105FA0000446084600F0FCFD241A6C61F8F7C6FDB3
:105FB000E8602868294607B0BDE8F040F8F7E8BD7A
:105FC000FFF736FB7FE7697F0C297FF47CAF002861
:105FD0007FF479AF617ACF0702D5002E3FF473AF1B
:105FE000B2EBDE1F7FF46FAF062205F124011846E5
:105FF00033F087FD00287FF466AF0D48214600F09E
:10600000E1FC00F0F5FE237E04EB8303D86900F089
:10601000B7FD00F007FE28B907B0F0BD00DE65E768
:1060200000DEA7E700DEF7E7615D0100495A0100E5
:10603000B15D0100F8B50546FFF7FAFAF8F7A4FEDE
:10604000044600283FD0214B214A1B781178A279C1
:1060500020485B0001F0010103F002030B4322F032
:10606000030213431C4A01881278A180012020708A
:10607000A371227219B195F92730002B04DB284651
:10608000BDE8F840FFF7E0BA95F82C30C3F30213EF
:10609000022B16D0042B0CBF4FF4BC77282700F03E
:1060A000BDFF064600F0C0FF361AE660EA6BC4E9A1
:1060B00004270023EB636B642846BDE8F840FFF734
:1060C000C3BA1827EBE700DEBDE700BF2FAB002007
:1060D00030AB00207EA900202DAB002008B500F0D9
:1060E000D7FD02780346012161F301021A700020F6
:1060F00008BD00BF00207047704700BF30B408499A
:10610000084A094D094C0A4800230B8013700949BD
:10611000094A2B80237003700B70137030BC7047DA
:106120007EA9002031AB002080A9002030AB0020E8
:106130002FAB00202EAB00202DAB0020814207D0DA
:1061400091F82C305B070BD50B4B188840B9704782
:10615000094A0A4B128819781AB941B100DE03E0E6
:10616000064B1B78002BF9D16FF08B007047012292
:106170001A706FF00F00704780A900202EAB00202E
:1061800038B50D4678B30446FFF7ECFB002847DB33
:10619000E2682389518B938301330B4492F92710D2
:1061A0005383002913DBF8F7EFFD002836D08379FD
:1061B00023F00303002243F00203012101708280D7
:1061C000837102722846BDE83840FFF7B3B92089D1
:1061D000136B916B00FB03330B44516B8B4228BF55
:1061E0000B469363DFE791F92730002B0ADB0D485C
:1061F000294600F0E7FB00F0DFFC95F862301B0752
:1062000008D438BD084B1B88002BF0D1074B012266
:106210001A70ECE7BDE8384000F0EEBF00DEC6E7DC
:1062200000DEB5E73560010080A900202FAB00201B
:1062300070B505460120F8F767FC40B300214177AF
:1062400095F8496006F0070600F11C04304600F09E
:10625000FBFB95F86230B2001B0742F001020DD53E
:106260001F21082000F05CFC2246314605F1630046
:1062700000F0F4FEBDE8704000F07CBC08201B215B
:1062800000F04EFC2046BDE8704000F073BC00DE1C
:10629000D4E700BF38B50446FFF7B8F9244AA0890F
:1062A00013880133138000F0F9FD94F8482094F826
:1062B0004900C2F3C00300F0070002F0070200210A
:1062C00000F036FD2046FFF7B3FF00F0ABFC60BBEB
:1062D00000F0BEFE258A034694F8490001210D35E1
:1062E00000F007001D4400F05BFC94F8493003F017
:1062F0000703022B054416D0042B0CBF4FF4BC73CC
:10630000282394F84800C0F3C00100F007001D44A2
:1063100000F042FC281A00F053FE21460548BDE873
:10632000384000F04FBB1823EBE700DED0E700BF9A
:1063300080A900204964010070B590F848300546F6
:1063400003F007040E462046C3F3C00100F07CFBB7
:1063500095F86230A200DB0642F001020CD51F2145
:10636000082000F0DDFB314605F1840000F0CEFE90
:10637000BDE8704000F004BC08201B2100F0D0FBF9
:106380003046BDE8704000F0FBBB00BFF0B50546ED
:1063900083B001AAC06C0F46296DF6F77BFA95F819
:1063A00062305A07064638D448B3019C95F86130EC
:1063B00095F8602004341C4412B9627885F8602096
:1063C00033B12378012262F30103237095F8613021
:1063D00095F86020D31A63702846FBF7D7F86378E6
:1063E00083422AD960700122237803F00F03002131
:1063F00043EA02132370A1703C6003B0F0BD43F088
:10640000040385F8623000F043FC0446237823F04F
:10641000100323703C6003B0F0BD43F0040385F823
:10642000623000F035FC0446002EEFD0037843F0D4
:10643000100303703C6003B0F0BD32682B6DD21ABC
:1064400018BF0122D0E700BF2DE9F04383B0044616
:1064500000F0F2FBC0B2002879D000F00FFC5FFA28
:1064600080F800F0DDFCFFF7D9F8A84A1388012076
:1064700003441380F8F748FB0546002800F0EB8042
:10648000B8F1000F18D1A24B1F78002F6AD101225A
:1064900001A920461A70FFF779FF94F92730002BE5
:1064A00080F2F980676CB946002F00F0CF804FF082
:1064B0000009019E474660E094F862302A7F03F0AD
:1064C0000101C2F38000884200F0A28094F92720E5
:1064D00081F0010161F30003002A84F8623005DADB
:1064E00094F82C3043F0080384F82C3094F8623090
:1064F0005E0700F1C780D4E9130101AAF6F7CAF9D3
:106500000646F0B194F86120019B1344597971B1AA
:1065100094F86230D8060AD5D4F894300133C4F820
:106520009430D4F8983043F10003C4F8983094F8CC
:1065300060300A44D2B29A42C0F0B58000F0D280F6
:1065400000DE94F862302A7F4FF0000962E0FFF726
:1065500065F87048214600F035FA03B0BDE8F04315
:1065600000F02ABB013FFFB201A920461F70FFF7D0
:106570000DFF002F91D1019EC1466648214600F0D3
:1065800021FA00F035FC94F86220337862F3C303FB
:10659000337094F862303278C3F3400363F38202BD
:1065A000327031462046FFF7C7FE00F03BFB002863
:1065B0006FD100F033FD88B1B9F1000F15D0A08A7A
:1065C0004FF6FF73984200F085804946FAF772FF54
:1065D0007FB903B0BDE8F043F8F7D2BA00F012FD7E
:1065E00000F016FDB9F1000FE9D117B903B0BDE80D
:1065F000F083F8F7A3FA03232B71A38A2868EB80B2
:106600002946F8F7ADFA03B0BDE8F043F8F7B8BA99
:106610004FF00009C2F3C002C3F340039A4245D0D1
:1066200000273B4A3C4B002111702046012201A962
:106630001A70FFF7ABFE94F92730002B4DDB2B7F50
:10664000DA0603D4019E3378DB0627D5334B1B785B
:106650003BB1019E91E700DEB8F1000F3FF413AFAC
:106660002AE7E08900F01AFC94F8490000F00700DE
:1066700000F016FB2A48214600F0A4F900F0DAFCED
:10668000019E80E723F0040384F8623000F000FBF1
:1066900057E700DE8DE70027B946D7E77378002B70
:1066A0003FF46BAFD2E784F861204AE70320F8F7A4
:1066B0002BFA0028B4D094F8623083F0020384F8F7
:1066C00062306B7F002BABD094F86230190729D46D
:1066D0000127A6E700DEA08A77E7636C002BAED027
:1066E000B846E6E60022A4F86020206D04F14C01D3
:1066F000F6F7D8F8019B1B683360019B1E60DDF83C
:10670000049094F862302A7F84E700BF7EA90020BD
:1067100031AB00203560010030AB00202EAB0020F3
:106720009562010000F036FD00285DD000F05AFDB2
:10673000002849D1D4F87330D4F87720134304D11A
:106740002B7F03F00303032B28D0284B2848022279
:1067500021461A7000F036F900F02EFA00F062FAC5
:10676000B8B900F05BFC60B1B9F1000F3FF43EAF87
:10677000A08A4FF6FF7398420DD04946FAF79AFE69
:1067800027E700F03FFC00F043FCB9F1000FEFD128
:106790002CE700DEE5E700DEA08AEEE700F07CFAF9
:1067A0004278272A0146D0D8033205F11C0033F085
:1067B00069F9D4F87330D4F87720013BC4F873300A
:1067C00042F1FF33C4F87730D4F87330074A01330D
:1067D000C4F87330D4F8773004F1730143F1000347
:1067E0004B600123137073E700DE9FE72DAB0020A1
:1067F0003560010010B582B00446FFF79DF800280F
:1068000009DB084A0849094800940023F8F7F8FA18
:1068100018B902B010BD00DEF3E77730F9D000DE22
:10682000F7E700BF59170000816101003D610100D9
:106830004FF080530246D3F8A410013107D04FF037
:106840008051D1F8A00010F0010009D17047D3F8B1
:10685000A8304FF6FF719BB28B42F0D100207047F9
:10686000D1F8A4301360D1F8A8301371C3F3072313
:1068700063F03F035371D1F8903001331CD0D1F84D
:106880009430013318D0D1F89830013314D0D1F8B6
:106890009C30013310D0D1F89030C2F80630D1F8D6
:1068A0009430C2F80A30D1F89830C2F80E30D1F8DE
:1068B0009C30C2F8123008E00023C2F80630C2F85B
:1068C0000A30C2F80E30C2F812300120704700BF03
:1068D00000234FF08052036043608360C360D2F8AE
:1068E0008030013318D0D2F88430013314D0D2F87C
:1068F0008830013310D0D2F88C3001330CD0D2F86C
:1069000080300B60D2F884304B60D2F888308B60D6
:10691000D2F88C30CB60704700230B604B608B60EB
:10692000CB607047054B4FF480320021C3F8081547
:10693000C3F84423C3F80423704700BF00B00040ED
:10694000054B1878421C1A7018B9044B01221A60C2
:1069500070470120704700BF32AB002000B00040FC
:10696000074B187848B10138C0B2187018B9054BF8
:1069700001225A6070470120704700DE1878F2E764
:1069800032AB002000B00040014BD3F80405704743
:1069900000B00040024B00F5A87043F8201070478B
:1069A00000B00040044BD3F8103123B1034A044B2C
:1069B00010681B6818477047001000408490002042
:1069C00088900020024A034B11601860704700BF96
:1069D00084900020889000204FF080434FF0FF32D9
:1069E0000021C3F8002EC3F8042EC3F8081EC3F814
:1069F0000C2EC3F8101EC3F8142EC3F8182EC3F8BB
:106A00001C2EC3F8202EC3F8242EC3F8282EC3F85A
:106A10002C2EC3F8302EC3F8342E7047074B08488D
:106A200010B44FF4905100244FF41052C0F81845A0
:106A3000C3F80018C3F8042810BC704700F00140E8
:106A400000100040704700BF054B02280CBF042116
:106A5000032140F20122C3F81015C3F850267047F5
:106A600000100040072819DC831EDBB2052B11D96A
:106A7000002818DA031D1BDA10F1080F1ADA10F1DA
:106A80000C0F19DA10F1100F18DA10F1150FCCBF36
:106A9000EC20D8200A4BC3F80C057047084B08209F
:106AA000C3F80C057047064B0020C3F80C0570476F
:106AB000FC20EFE7F820EDE7F420EBE7F020E9E732
:106AC00000100040014BC3F808057047001000405B
:106AD000084B00F07F00C3F85405D3F8182522F0C6
:106AE0000072C3F81825D3F8182542F00072C3F8D5
:106AF0001825704700100040084A00210123C2F801
:106B00002C15C2F83035C378C2F824358178038853
:106B100043EA01431B02C2F81C35704700100040D5
:106B200002F01C03A3F1080302F00302B3FA83F39B
:106B3000013A5B091B06022A98BF43F4801300F058
:106B40000F000A4A184340F48070C2F81405D2F8C6
:106B50001805074B0340C2F81835D2F81835194309
:106B600041F44031C2F81815704700BF00100040D2
:106B70000000F8FE014BC3F8040570470010004008
:106B8000014BC3F8040570470010004002280CBFF9
:106B900028202920704700BF012070472920704716
:106BA00002280CBF05200A20704700BF014B0122BC
:106BB0001A607047001000400B4B0C480C4910B491
:106BC0004FF41064C3F8084501224FF480245A6042
:106BD000DA60C0F84843074CC3F808450020C1F804
:106BE00000020A6110BC704700F0014000B0004094
:106BF00000100040C001700E094B0022C3F80021B4
:106C0000D3F80011C3F80421D3F80411C3F80C2100
:106C1000D3F80C11C3F81021D3F81031704700BF1E
:106C200000100040034BD3F80001003818BF0120CA
:106C3000704700BF00100040034BD3F80C01003830
:106C400018BF0120704700BF0010004001207047AE
:106C5000034BD3F85005B0FA80F04009704700BFED
:106C600000100040044B40F20312C3F83425C3F86F
:106C70003805C3F83C15704700100040034BD3F8AB
:106C80000004003818BF0120704700BF001000400A
:106C900000487047848F002000487047808E002095
:106CA000F0B41D4B1D4D1E4E1E4C1F4F0322C3F84A
:106CB00000222A78C6F8687502F10C03DBB2D00016
:106CC000DB00910003F1804300F1804003F5F833CD
:106CD00000F5F83001F18041C6F86C0501F510416E
:106CE00004EB82041148C3F81045C3F81405D1F829
:106CF00040352D2B8ABFD1F8403501232D3BC1F8FB
:106D000040350132064B4FF4106102F00102C3F826
:106D100004152A70F0BC70470010004033AB00200F
:106D200000F00140409100400C1100400410004070
:106D30002DE9F041284E294C294FDFF8A8E0DFF873
:106D4000A8800323C6F800322178CEF8688501F1C7
:106D50000C03DBB2DB00CD0003F1804303F5F83315
:106D600005F1804507EB810705F5F835CEF86C5540
:106D70004FEA810CC3F8107549F63465C3F8146501
:106D80004AF2B813022A18BF1D460CF1804C42F299
:106D9000B84241F28833022818BF13460CF5104C54
:106DA000124A2B44A2FB0323DCF84025B2EB931FCD
:106DB00085BF9809DCF8403501231B1ACCF8403513
:106DC0000131084B4FF4106201F00101C3F80425B2
:106DD0002170BDE8F08100BF0010004033AB0020FF
:106DE0004091004000F001400C110040D34D621072
:106DF0000449054B03204FF41062C1F80002C3F8A8
:106E0000082570470010004000F00140034B0022AD
:106E1000C3F81C21D3F81C31704700BF001000409C
:106E2000034BD3F81C01003818BF0120704700BF86
:106E300000100040034AD2F8403623F0FF03C2F8A6
:106E40004036704700100040034B0022C3F8142165
:106E5000D3F81431704700BF00100040034BD3F843
:106E60001401003818BF0120704700BF0010004017
:106E7000014BD3F810047047001000400449054B43
:106E8000054A4FF48020C1F84803C3F8082570472D
:106E900000B0004000F00140C001700E034B044AF6
:106EA0001B7803F5A87342F82300704733AB00202A
:106EB00000900040F0B4A2F574232F4DA3F5107399
:106EC000AB42044606D902F1E87202F5D432013928
:106ED00002F5A572294B2A482A4D2B4E0127DF6067
:106EE0000027C3F80475A0FB02020427C3F810753D
:106EF000900C0227C3F80875244AC3F84005C5F86A
:106F000048154FF48021C5F844134021C2F840656C
:106F1000C2F84435C2F804154CB34FF48013C2F8DC
:106F200004351B4A012100240423D160C2F8044522
:106F3000C2F81035154BC2F8084511601549C3F861
:106F400050150C32C3F8542502F5AF32124CC3F879
:106F5000584502F5FC7201F50041C3F85C25383153
:106F60000832C3F86015C3F86425F0BC70474FF4CD
:106F70000013C2F80435D4E7BFBDF07F00800040A5
:106F800083DE1B4300B0004048B1004000F00140E8
:106F9000009000400C11004040910040014BD3F89C
:106FA0004805704700B000400349044A01234B6084
:106FB0000B615360136170470080004000900040F7
:106FC0000449054BC1F844054FF08862C3F8042515
:106FD000704700BF0080004000F00140054B0648AC
:106FE0000649074AC3F84805C3F84C15C3F80425F9
:106FF000704700BF00F00140001100404080004099
:1070000080000004014BD3F8440570470080004025
:10701000014B1860704700BF7C8E0020014B186840
:10702000704700BF7C8E0020014BD3F840057047AD
:1070300000800040024B4FF00062C3F80425704707
:1070400000F00140014BD3F8480570470080004034
:10705000014BD3F84805704700800040244B30B402
:107060000024C3F800450224A142C3F800450546A8
:1070700034D003F580334FF000711E4CC3F8041573
:107080001B491D4BC1F80445D3F81835DBB21F2B43
:1070900003D9FF2B29D0191F00E01B21144B1748DF
:1070A000C3F8181500241649C3F80855C3F80C0591
:1070B000C3F81025C3F81415C3F80042C3F8004103
:1070C000D3F80021C3F80441D3F80421C3F80841E0
:1070D0000122D3F808111A6030BC7047094B0A4CE2
:1070E0004FF00071C3F80415CAE7FB21D6E700BFD3
:1070F00000F000400100000100100040808E0020E0
:10710000708D002000F001400100010130B41C4BE3
:107110001C4C1D4A0025C3F8005505460220C3F843
:107120000005C3F80445D2F81835DBB21F2B03D98C
:10713000FF2B22D01A1F00E01B22114B1348C3F86B
:1071400018250024C3F808550122114DC3F80C1569
:10715000C3F81005C3F81455C3F80022C3F8004162
:10716000D3F80011C3F80441D3F80411C3F808415F
:10717000D3F808111A6030BC7047FB22DDE700BF6E
:1071800000F000400000010100100040808E00204F
:10719000708D002038B5114C0223C4F80433D4F8A4
:1071A000043163B92025EFF3118085F31288BFF312
:1071B0006F8F1CF0FEFFD4F80431002BF3D0074B87
:1071C000074A02204FF40041C3F80803C2F88011B7
:1071D000D3F80801B0FA80F0400938BD00F0004053
:1071E00000E100E0034BD3F80004003818BF012091
:1071F000704700BF00F00040034B0121002299605E
:10720000C3F80025704700BF00F000400139012994
:1072100005D80B200AB1EDF76BBCEDF777BC00DEAB
:10722000704700BF29B10139012905D80B20EDF7BE
:1072300081BC1820EDF77EBC00DE0020704700BF47
:1072400088420BD0012803D0022809D000207047C3
:10725000A1F10200B0FA80F04009704701207047A8
:10726000A1F10100B0FA80F040097047012908D06F
:10727000022906D059B9074B4FF08072C3F800219C
:107280007047044B4FF40062C3F80021704700DEE2
:10729000704700BF00E100E008B527F0CAFE08BD56
:1072A000032803D8054B185C28B1704700DE034B58
:1072B000185C0028F9D100DE704700BFDCAC040088
:1072C000013810B41C46042806D8DFE800F0081185
:1072D0001A23030004292FD000DE10BC70470429B4
:1072E000FAD1194B9C6010BC02210020F5F742BB7B
:1072F0000329F1D1154B01219C6010BC0846F5F71C
:1073000039BB0429E8D1124B9C6010BC022101203A
:10731000F5F730BB032908D00429DDD10D4B02213C
:107320009C6010BC0846F5F725BB0B4B9C6010BC5D
:1073300001210220F5F71EBB084B9C6010BC022106
:107340000320F5F717BB00BF4807002038070020CF
:10735000280700200807002018070020F806002052
:1073600001460020FFF716BB124B30B40121044642
:1073700000205960C3F80445C3F80001C3F80401B4
:10738000196005E0D3F8042132B9D3F804251AB105
:10739000D3F80021002AF5D05960D3F80421002A3F
:1073A000E7D1D3F80455002DE3D0C3F8042530BC51
:1073B000704700BF00E0004070B58CB00E46154627
:1073C0000146102268461C46F5F732FA10220DEBF2
:1073D00002003146F5F72CFA6846FFF7C5FF25B1E4
:1073E000102208A92846F5F723FA2CB108AD0FCDD5
:1073F00020606160A260E3600CB070BD10B5094C04
:107400000A44914200D110BD11F8013B58400309D4
:107410000001E35CC0B2434018091B01205CDBB2F1
:107420005840EEE7AEF904002DE9F041144CDFF8C6
:10743000548005460E461746444508D3EDF760FCD8
:10744000114B6A221A504FF0FF30BDE8F0812368DB
:10745000AB4200D08BB9A3683A46314628469847DC
:1074600058B1EDF74DFC084B0022C2503146E3689D
:107470003A462846BDE8F04118471034DCE700BF23
:10748000E0A00400F0A004000C0000002DE9FF4182
:107490000D46164602A903AA1F46EDF75DFF0446F6
:1074A000E8B1029B5B6A13B303984FF0FF324FF0D1
:1074B000FF331FF085F90B9B01930A9B0093029BFE
:1074C0002046D3F8248032463B462946C04704462E
:1074D00003981FF077F9204604B0BDE8F081092336
:1074E000EDF70EFC034A4FF0FF341350F3E75F2330
:1074F000F6E700BF0C0000002DE9FF410D461646DF
:1075000002A903AA1F46EDF727FF0446D8B1029B44
:107510001B6B03B303984FF0FF324FF0FF331FF0A4
:107520004FF90A9B0093029B2046D3F830803246E5
:107530003B462946C047044603981FF043F92046BE
:1075400004B0BDE8F0810923EDF7DAFB034A4FF000
:10755000FF341350F3E75F23F6E700BF0C00000091
:10756000F7B507460E461446EDF710FF051E18DB6B
:107570003CB97B1E012B04D8022E17D0012E08BF68
:107580000624F1B201ABA2B2B8B202F0C3FB061EF0
:107590000EDA28461CF025FFEDF7B2FB104B7642C1
:1075A0001E504FF0FF35284603B0F0BD1124E8E728
:1075B0000198002343608367803027F033FB0198F4
:1075C0009C3027F032FD062C02D1019821F00FFAF1
:1075D000044A01994FF440432846EDF71DFFE2E7C6
:1075E0000C000000E0AC04002DE9F743DDE90A9847
:1075F0000D4658EA09010C9E07464C4613D015F17A
:10760000690F02D015F10B0F0DD1684627F0B3FEBC
:10761000DDE9002313430ED115F1690F14BF6FF09C
:1076200068056FF00B05EDF76BFB234B6D421D50AA
:107630004FF0FF3036E0B8F1FF3F08BFB9F1FF3F30
:1076400012D04FF47A71A4FB013201FB082247F6F5
:10765000FF715B1842F10002DB0B43EA42433268E0
:107660009A4294BF32603360D7F8A40008B10FF09B
:1076700013FA34684FF4004C40F2E73000214FF425
:107680007A720023E4FB0C01E8F78AFD27F0D9FDAC
:1076900033685B00642B28BF64233360D7F8A400F1
:1076A00018B9002003B0BDE8F0834FF0FF324FF06F
:1076B000FF330FF07FF9F4E70C00000070B50646C9
:1076C0001D460C4609B1142A07D0EDF719FB1A4BD9
:1076D00016221A504FF0FF3070BD02F0E3F910226D
:1076E0000146204632F00DFA0028EED0206901F064
:1076F000C5F870B996F9B600002807DC01F030F93A
:1077000038B9EDF7FDFA0C4B0222E2E701F0B6F8CA
:10771000F6E7214655B123F07CFF0028034608DA3E
:10772000EDF7EEFA044A5B421350D3E723F0A1FFD2
:10773000F3E70020D0E700BF0C00000038B540F2AE
:107740000514A142034600F09B80B1F5837F3BD234
:10775000B1F5817F6BD009D8032957D004295BD0BC
:10776000EDF7CEFA544B5F221A504CE040F2031072
:107770008142F5D111688888C5070FD55268106815
:10778000C06810F4EE1F02D1986FC40703D5C888F3
:1077900040F00100C8801068143010608A885007DB
:1077A00042BFCA8842F00402CA809A6F520742BFA1
:1077B000CA8842F00802CA809B6FDB0735D5CB88A8
:1077C00043F01003CB8030E045F21B44A14260D06F
:1077D00045F22142914257D045F211429142BFD128
:1077E000B0F8B220062A61D1B0F8B430C3F3410337
:1077F000032B14BF6FF07A036FF01503EDF780FAD7
:107800002D4A5B4213504FF0FF3004E090F87800AF
:10781000C0F34000800338BD1268816F50044CBF34
:1078200041F0020121F0020199670020F3E710689E
:107830008188C9071AD5516892680C68A24238D06D
:1078400003F1800222610A68547B042565F3050474
:1078500054730C68A27B22F02002A2730C68E268C9
:1078600022F4FE12E2600A6814320A60828852072B
:1078700003D49B6F13F0050FD7D06FF07700CAE7E2
:107880001268C0F8A420D0E7826F42F0020282673B
:10789000CBE70023146819461A461EF0E6FF6FF086
:1078A0000043984294BF20602360BEE76FF05E0300
:1078B000A4E76FF00B00AEE70C00000037B5002B1B
:1078C000069C05461CD1009314490022002302F0B7
:1078D0000BFB05F1800027F0A5F905F19C0027F0CE
:1078E000A4FB04F18000294627F0DCF9284621F0AA
:1078F0007EF804F19C0003B0BDE830401EF090BF5C
:107900000ADA5B42E367A36F43F00403A36704F161
:10791000800027F094F9ECE703B030BDA3690300C1
:1079200013B5B0F8B430C3F34103032B4FF000019B
:10793000044600914FF000024FF0000319D121F0EE
:10794000C9FB0423E367A36F43F00403A367204646
:107950001EF068FF204602F0A3FA031E06DAEDF7D8
:10796000CFF9054A5B4213504FF0FF33184602B07F
:1079700010BD02F0B9FAE4E70C00000037B5054687
:107980000C4619BBB0F8B4300091C3F34103032B8C
:107990004FF000024FF000030DD121F09BFB031EBE
:1079A0000CDAEDF7ADF90E4A5B4213504FF0FF349D
:1079B000204603B030BD02F097FAF0E7AB6F43F01A
:1079C0000103AB6728461EF02DFFF1E7EDF798F9AC
:1079D0004C1E012C024B94BF862216221A50E5E75A
:1079E0000C00000013B5044621F042F8031E07DA2C
:1079F000EDF786F90D4A5B4213504FF0FF3007E078
:107A0000B4F8B430C3F38113023B012B02D9002038
:107A100002B010BD63680093054900230022204690
:107A200002F062FA031EF2DAE2E700BF0C00000087
:107A3000A36903002DE9F043B0F8B4309146C3F3D5
:107A40008112032A85B00446884607D1EDF758F91C
:107A50002E4B5F221A504FF0FF3038E0C3F3410342
:107A6000022B33D0012B856F09D1EDF749F915F0C1
:107A7000040F264B01D0E26FECE77822EAE715F01D
:107A8000020518BF224D436819BF002600274FF496
:107A9000C0360027012A1DD100931E490022002371
:107AA00002F022FA002805DA4342EDF729F9174AD5
:107AB0001350D0E763680293CDE900672B464A462E
:107AC0004146204621F07DFA0028EDDB002005B07C
:107AD000BDE8F0830293CDE900672B464A4621F0CA
:107AE00070FA031E03DAEDF70BF95B42DFE7A36FD1
:107AF000DB07EBD46368009306490023002220468D
:107B000002F0F2F9031EE1DAEDE700BF0C0000001D
:107B1000356A0300A369030013B5B0F8B43003F06D
:107B2000C003C02B044608D1EDF7EAF80D4B5F22E5
:107B30001A504FF0FF3002B010BD21F02BFA031E97
:107B400005DAEDF7DDF8074A5B421350F1E7002351
:107B5000054900940022204621F0BCFA031EF0DB08
:107B60000020E8E70C000000BD7801002DE9F04F8F
:107B70008FB016460A224FF0FF384FF0FF390B92B4
:107B80005A06CDE90C89189F04460D4603D4836F2D
:107B900013F0020328D000220023CDE90C2308A80B
:107BA00027F0C4FBDDE90C2308A8DDE9088927F0EC
:107BB000BDFBDDE90823CDE90623A36FDB071BD45A
:107BC00063680093294900230022204602F08CF9C3
:107BD000031E11DAEDF794F8254A5B4213504FF07B
:107BE000FF300FB0BDE8F08F0CAA052102F00AFBB0
:107BF0004FF4A0220023D2E74FF0000A0DF12C0B26
:107C0000DDE90C23616837B3CDE90223199B0491A8
:107C10000093CDF804A03B4632462946204621F089
:107C2000E1FA0028DDDADDE90C230146CDE9002385
:107C3000CDF808B042464B462046FFF7D5FC013050
:107C4000CDD0DDE9062308A827F095FBDDE9082360
:107C5000CDE90C23D4E7CDE9002302913B4632461F
:107C60002946204621F061FADBE700BFA369030043
:107C70000C000000F7B5B0F8B43003F0C003C02B1F
:107C800004460E46174609D1EDF73AF8284B5F2215
:107C90001A504FF0FF35284603B0F0BD836F5A07E6
:107CA00004D5EDF72DF8E26F214BF1E79B0710D4D7
:107CB0004FF0FF334FF0FF326946CDE900231EF04D
:107CC0003DFF031E05DAEDF71BF8194A5B4213501E
:107CD000DFE7002204F1800000230EF02DFF0446B0
:107CE00020B9EDF70DF8124B0B22D1E7EDF74EFB63
:107CF000051E06DA20461EF095FD204602F0D0F85B
:107D0000C7E73A46314620461EF06DFD40B1284691
:107D10001CF067FBECF7F4FF054B86221A50E9E7ED
:107D2000044A4FF4404321462846EDF775FBB2E77D
:107D30000C000000E0AC04002DE9F04F8FB01F46AE
:107D400003924FF0FF334FF0FF32CDE90423189B2D
:107D50005C06DDE919AB06460D4603D4836F13F0CC
:107D6000020330D000220023CDE90423189B13F036
:107D70000203009306F1800439D01022002109A8E3
:107D8000DDE9048931F0A5FE04238DF831300D942E
:107D900001214B46424609A810F0CCF900F10B0135
:107DA0000B29034619D840F68102CA40D10714D5E1
:107DB000204626F0BCFF0446F8B9ECF7A1FF874B3C
:107DC0000B221A500EE004AA042102F01BFA04A9A7
:107DD00030461EF0B3FE031EC8DAECF791FF7F4A6F
:107DE0005B4213504FF0FF300FB0BDE8F08FDDE97C
:107DF000042320460EF0A0FEDDE7D0E903930193B3
:107E0000BAF1000F6ED0BBF1000F6BD0B6F8B230F4
:107E10000293DBF8008021F0D9FC94F83B30C3F3E7
:107E2000C203AAF8003094F83B30C3F3C203022B1C
:107E300013D06FF08506019BC4F80C902361002ECF
:107E400049D07642ECF75CFF644B1E50009B002B40
:107E5000C8D1204621F0F7FBC4E700222823B8F15F
:107E6000170FCDE9092333D909A9204621F060FE77
:107E7000804610B96FF06806DDE70A99204621F0C8
:107E800000FD0028F6D1E18F204621F0FAFC0646DD
:107E90000028EFD108F108020AF1040108F11803E3
:107EA00052F8040B41F8040B9A42F9D19DF80830BE
:107EB000112BBED107AB099309A9082320460A93C9
:107EC00021F036FE0028D5D00388AAF80230B2E7A8
:107ED0006FF01506AFE7BAF80030012B0DD108237B
:107EE000CBF80030002D44D0EB680BB1AB6843B940
:107EF000ECF706FF394B0C2263E7022B6BD11823FA
:107F0000EEE7204621F040FDB842824628BFBA463F
:107F10000646D3460023BBF1000F0FD1BE4203D962
:107F2000AB6943F02003AB612A69002A4CD0696930
:107F300071B30F2946D8C5F814B029E0AA68D15802
:107F4000D01821B9ECF7DCFE244B162239E7426841
:107F500003935A4528BF5A462046029221F0A7FCB7
:107F6000039B029A083308B169266BE7ABEB020B5F
:107F7000D1E7204621F008FD874228BF0746064684
:107F800003993A462046BA4621F091FC0028EBD1ED
:107F9000009BDBB9204621F056FB189B13F0200F05
:107FA0000CBF504630461FE7073323F00700034657
:107FB000103313448B428344BDD802441368002B12
:107FC000F2D1B8E71144F9E76A61E1E7019BC4F82F
:107FD0000C902361E1E7862634E700BF0C00000027
:107FE0002DE9F04F90468DB01C464FF0FF324FF018
:107FF000FF33CDE90823B0F8B430DDF858A0DF072F
:1080000005460E460ED5C3F34103022B0ED0802346
:10801000ECF776FE5C4A13504FF0FF3420460DB06B
:10802000BDE8F08F0923F3E78623F1E71AF0400F4C
:1080300002D1836F990715D500220023CDE90823CB
:10804000002CEBD0CDE90584DDE908790AF4807BCA
:10805000AEB1B8F1000F12D1F3685BB96FF0150043
:108060004342D5E713F00503EAD108AA042102F040
:10807000C9F8E5E7B3681A685B6805920793CDE92C
:108080000A7902A8DDE90A2327F050F9DDE9023474
:108090004FF00008CDE900344446069B9BB3D5F869
:1080A0008030E3B9AB6F5A0707D564BBE86F404235
:1080B000002820EAE07403DAD2E7DB070FD514BB0F
:1080C000DDE9171228461EF08EFB0028ACD11AF00D
:1080D000020FA3D12146284621F0AEF89EE757EAC9
:1080E000090312D1D6B9534606AA05A928461EF09F
:1080F000BCFB231850EA030443D157EA09071AD0FE
:10810000BBF1000F35D12046D2E70AA92846CDE9B8
:108110000A791EF013FD0028E4DAC9E7534607AADE
:1081200005A928461EF0A1FB044450EA040305D12A
:1081300057EA090302D16FF00A0091E7B26852F8DA
:108140003810014405910699091A069107994FEADA
:10815000C8030029D4D1F16808F101088845D2D0BC
:108160000833D118D2584B68059207930AB1002BF7
:10817000D4D1DDE900230AA827F0FDF8DDE90A796A
:108180008BE71C46BCE700BF0C000000F0B585B0D3
:108190001C46DDE90A6713460AB3B0F8B420C2F3FF
:1081A0008112951E012D08D80A46CDE90167009479
:1081B0000021FFF7C1FD05B0F0BD012A07D10A4635
:1081C000CDE9016700940021FFF70AFFF3E7ECF720
:1081D00097FD044B86221A504FF0FF30EBE7104614
:1081E000E9E700BF0C000000F0B5B0F8B430C3F30D
:1081F000811C85B0644699B18E68D6B10023CF68E2
:108200001D460436AF4218D1023C012C1AD80C1D71
:1082100002940C68CDE900240022FFF78DFD06E0F2
:108220001623ECF76DFD0D4A13504FF0FF3005B0EB
:10823000F0BD0C23F5E78623F3E756F835E001356A
:108240007344DFE7BCF1010FF5D10C1D02940C68FB
:10825000CDE900240022FFF7C3FEE8E70C00000090
:1082600038B50629144605461A46049B65D008DC35
:10827000002969D0012923D0ECF742FD484B6D223B
:1082800045E02929F8D1182C6ADC0F2CF4DD103CCC
:10829000082CF1D801A151F824F000BF7B83010024
:1082A0007F830100998301009D8301007982010091
:1082B00079820100798201007982010071830100D5
:1082C0000F2C38D010DC032C28D0042C18D0022C12
:1082D000D2D1092101F096FF031E27DAECF710FD39
:1082E0002F4A5B42135013E0262C21D0272CC3D1F8
:1082F0001B68042B07D1B0F8B430C3F3C2030BE002
:108300001B68042B07D0ECF7FBFC254B16221A50F8
:108310004FF0FF300BE0C36F136007E0B0F8B4100C
:10832000C1F381111B68042BEDD11160002038BD11
:10833000B0F8B210F6E70A21CCE7012C9CD1ECF79B
:10834000DFFC174B7B22E2E7022C05D0212C05D065
:10835000012C91D10821BDE71021BBE70D21B9E720
:10836000432CF7D0482C06D03E2C85D11921B1E7FB
:1083700014212846AEE71121ACE70F21F9E7B0F848
:10838000B410C1F3C201022904D0ECF7B9FC044BCC
:108390006A22BCE71321ECE70E21EAE71621E8E7A1
:1083A0000C00000070B50E46062E14460546049AD1
:1083B000194600F0828009DC002E00F08580012E35
:1083C00028D0ECF79DFC604B6D2239E0292EF8D1C6
:1083D0001A2C00F38C800F2CF3DD103C0A2CF0D803
:1083E00001A353F824F000BF178501001F85010089
:1083F000278501003F8501002F8501003B85010095
:10840000C3830100C383010005850100C38301000C
:10841000238401000F2C24D005DC022C12D00D2C5B
:10842000CFD1002070BD192CCBD1B0F8B430C3F33C
:10843000C2000138012818D9ECF762FC424B6A22CD
:108440001A500BE013460A46092101F0FFFD031EF6
:10845000E7DAECF755FC3C4A5B4213504FF0FF3033
:10846000E0E713460A460A21EFE712B141B1087866
:1084700020B923F40073A5F8B430D2E7082A04D059
:10848000ECF73EFC304B1622DAE7084601F012F911
:10849000031EDEDB00F0F2F920B9ECF731FC2A4BC9
:1084A0001322CDE7B5F8B43043F40073A5F8B43027
:1084B00001F07CF885F8B600B3E7012C81D1ECF728
:1084C0001FFC214B7B22BBE7022C0CD0212C06D0B9
:1084D000012C7FF476AF13460A460821B5E7134610
:1084E0000A460D21B1E713460A461021ADE7432C99
:1084F000F1D0482C0BD03E2C7FF463AF13460A46D4
:108500001921A2E713460A46142128469DE713467F
:108510000A46112199E713460A460F21F5E713464B
:108520000A461321F1E713460A460E21EDE701231F
:108530002846BDE87040FFF7C1B80023F8E71346AE
:108540000A461621E1E700BF0C000000F0B5B0F8C4
:10855000B4301446C3F38112032A87B00D4608D104
:10856000ECF7CEFB1E4B5F221A504FF0FF3007B0E6
:10857000F0BD01B124B9ECF7C3FB194B1622F3E7A8
:10858000D90504D4ECF7BCFB154B8022ECE7012A9B
:1085900003D1C3F34103022BF4D1038F022BEAD1A1
:1085A0000022ADF80030438F0592ADF8023000F1A3
:1085B0003C0201AF00F14C03106851683E4603C60F
:1085C00008329A423746F7D12268182A28BF182263
:1085D0006946284631F056FA182323600020C6E782
:1085E0000C000000F0B5038C022B89B004460E4647
:1085F000154628D118273A46002102A831F069FA19
:10860000B4F8B4305B051CD501AA02A92046019735
:1086100020F022FE031E07DA5B42ECF771FB0D4AE5
:1086200013504FF0FF300AE0019C2A68A24228BF95
:10863000224602A9304631F025FA2C60002009B00C
:10864000F0BD1623E9E7ECF75BFB024B16221A504C
:10865000E7E700BF0C000000034B084619684A78A2
:10866000023131F00FBA00BFC890002038B504467F
:1086700020B300680B210C301EF0EFFA20680C21AB
:1086800008441EF0EAFA23689D680F4B0F4AC3E9BD
:108690000025ACB1236810330D4A13600CF0B0FF15
:1086A00080B920462C601FF045FF0A4829460DF08E
:1086B00071F8BDE8384004480CF086BF0546E4E791
:1086C0002346E9E738BD00BFBC900020A96B03003A
:1086D000C8900020816C0300F8B506460CF048FFF6
:1086E00028F040FF1E4F044604B9F8BD94F912303B
:1086F000002B33DBA368B3F17F4F04D1E36823F091
:108700007F43BB422AD0627C012A21D80023012268
:10871000306821461FF02DFC0546F8B10CF028FF0B
:1087200028F0EAFF08220146204631F0EAF995F8E0
:108730003D30B0FA80F0400960F3820385F83D30A7
:10874000A37C03F00103C3F1020385F8293005E09F
:10875000022A01D10023DBE7032AFBD06469C3E7C7
:10876000FE00FC0038B54FF0FF324FF0FF330546F6
:108770001D481EF0ABFD1D4B1B687BB11A684FF006
:10878000FF344FF47A705BB9631C1BD1184826F094
:1087900006FCBDE8384014481EF0CDBD1A46EEE791
:1087A000D9691B8C491B00FB0313002B09DD9C427C
:1087B00028BF1C461AB1116813460A46E3E7114662
:1087C000FAE700244FF4004540F2E73000214FF46F
:1087D0007A720023E4FB0501E7F7E2FC02460B4650
:1087E00003480EF0BBFCD4E758100020F89300209B
:1087F00098220020F8B51EF0A8FE4FF0FF324FF08F
:10880000FF3306461B481EF061FD1B4A13682BB15F
:10881000002419684FF47A7C27463BB93046FFF7AD
:10882000A1FFBDE8F84013481EF085BDDD69188C36
:10883000AD1B0CFB0055002D05DD1C46C1B10868C1
:108840000B460146E9E7186864B955681060AB4209
:1088500000D1506093F822001F6067F3000083F896
:108860002200EBE720605068834208BF5460F1E7C4
:108870000846E5E758100020F8930020002808DD9E
:10888000431E054800EB8310044B984228BF00208C
:1088900070470020704700BFF413002034140020FC
:1088A000F7B51EF052FE2B4F0023019306464FF002
:1088B000FF3229484FF0FF331EF008FD3C68ECB151
:1088C000234653F82C2902B12C3A0024C6F1640641
:1088D000A3B15D6B3544002D23DD40F2E73000216C
:1088E0004FF400464FF47A720023E5FB0601E7F7E8
:1088F00057FC02460B4619480EF030FC16481EF095
:108900001AFD24B32C3C012594F83C0084F829502E
:10891000FFF7B4FF211D22F02EF8E46ABCB12C3C15
:10892000F2E77868009403F12C018142DB6A3B6036
:10893000684608BF7B601EF04CFC009C2AB1D16ADF
:1089400001B12C3913460A46C2E71146FAE703B0D3
:10895000F0BD00BFE0930020581000200822002046
:10896000054B064A934205D0054A1068002808BF07
:108970001846704700207047F4130020341400207C
:1089800024940020F8B54FF0FF33054617461048F1
:108990004FF0FF320E461EF099FC0E4B1B680BB1D8
:1089A0001C6823B9BDE8F84009481EF0C4BC5A68E9
:1089B000AA4200D022B99B683A46314628469847D9
:1089C0001CB1226823461446EBE72246FAE700BFB3
:1089D00058100020DC90002038B504460D461EF0EB
:1089E00077FC072120461EF08CFC20B3636843B15E
:1089F00005B12B60002504F114001EF09CFC2846F4
:108A000038BD4FF0FF324FF0FF330C481EF05EFCD4
:108A10000B4BD3F8E82242B96360C3F8E84205B1D2
:108A20002B6006481EF087FCE4E704481EF083FC38
:108A30006FF00205DFE76FF08505DCE758100020D6
:108A4000EC90002070B504461EF042FC0B2120463D
:108A50001EF057FC034604F1140053BB656845B390
:108A60001EF069FC204622F030FC30BB1EF06DFD8C
:108A70004FF0FF334FF0FF32C5F8E0020F481EF011
:108A800025FC05F537710E481EF0ADFB0C481EF0B5
:108A9000A0FB0A481EF04FFC0A4826F026FC0843BB
:108AA0000BD1BDE8704008484FF4004200230EF09F
:108AB00055BBBDE870401EF03EBC70BD5810002094
:108AC000D8930020E8210020D82100202DE9F3418F
:108AD0001EF03BFD3A4F0023019306464FF0FF3254
:108AE00038484FF0FF331EF0F1FB3C684CB1226870
:108AF000A4F537730AB1A2F537720024C6F57A7867
:108B0000BBB930481EF017FC002C56D02E4DA4F5F2
:108B1000377494F8E4322D480133DBB284F8E43240
:108B2000A84240D3D4F8DC42002C46D0A4F53774D8
:108B3000EFE7D3F8E05208EB0501002909DDAD1B92
:108B400015F57A7F1ED10022134621480EF006FB50
:108B5000D7E77868009403F537718142D3F8DC32A7
:108B60003B60684608BF7B601EF033FB009C3AB157
:108B7000D2F8DC1209B1A1F5377113460A46BFE7F6
:108B80001146FAE705F57A7540F2E73000214FF417
:108B900000464FF47A720023E5FB0601E7F700FB7D
:108BA00002460B46D1E74268A24201D04030B7E707
:108BB000022BB7D8FFF746FFB4E702B0BDE8F0815B
:108BC000D89300205810002034140020F413002003
:108BD000D821002038B504461EF07AFB656875B1CF
:108BE0000A484FF0FF324FF0FF331EF06FFB08488A
:108BF00005F537711EF0F7FA04481EF09CFB04F1EE
:108C00001400BDE838401EF096BB00BF581000208D
:108C1000D89300202DE9F84F1F4CDFF880B0804634
:108C20000E464FF0000A5C452CD220461EF050FB49
:108C3000D4F80490B9F1000F05D104F114001EF02E
:108C40007AFB4034EFE709F10405002709EB8713AD
:108C500093F83D309B0718D535F8043C022B14D10E
:108C60008022294640461EF0F3FA70B106B1346006
:108C70002046A5F1040A1EF04FFB30B104F11400A8
:108C80001EF059FB5046BDE8F88F0137062F05F15D
:108C90004005DBD1D1E700BFF413002034140020DD
:108CA00038B54FF0FF3204464FF0FF330F480D4602
:108CB0001EF00CFB012384F82930183421460C489F
:108CC0001EF091FA0A481EF084FA1EF03EFC294676
:108CD000024620461FF058FC0023064800220EF0F2
:108CE0003DFABDE8384001481EF025BB5810002071
:108CF000F0930020682200202DE9F047214CDFF896
:108D000088A081468846544501D3002531E0B8F15A
:108D1000000F04D0D8F800300BB1A34208D1204690
:108D20001EF0D6FA65682DB904F114001EF003FB9D
:108D30004034E8E705F5C277002605EB461393F8C3
:108D40009C31DB0718D537F8043C022B14D1802264
:108D5000394648461EF07CFA70B1B8F1000F01D0D8
:108D6000C8F800400C3604F1140005EB46151EF05F
:108D7000E2FA2846BDE8F0870136082E07F1200701
:108D8000DBD1D1E7F4130020341400202DE9F74F94
:108D90000026284DDFF8A0B08046894634465D4560
:108DA0000AD3002C43D0B8F1000F01D0C8F800401E
:108DB000012003B0BDE8F08FB8F1000F04D0D8F85F
:108DC00000300BB1AB4209D128461EF081FA6F6822
:108DD00005F1140A27B950461EF0ADFA4035DEE71A
:108DE00097F8A5329A070ED597F8A42296420AD290
:108DF000494607F5247001921EF02AFA019A0028CC
:108E00001CBF16462C4697F8CD329B07E3D597F842
:108E1000CC22B242DFD9494607F52E7001921EF0EE
:108E200017FA019A00281CBF16462C46D3E72046A5
:108E3000BFE700BFF41300203414002038B54B1CEA
:108E400004460D461ED04FF0FF334FF0FF320E4860
:108E50001EF03CFA21460D481EF0C5F90B481EF0E5
:108E6000B8F91EF072FB2946024620461FF08CFB23
:108E70000023074800220EF071F9BDE8384002488F
:108E80001EF059BA38BD00BF58100020E8930020EA
:108E90003822002010B590F825309B07044614D5E1
:108EA0004FF0FF324FF0FF3308481EF00FFA214613
:108EB00007481EF098F90022204611461FF064FB77
:108EC000BDE8104001481EF036BA10BD5810002011
:108ED000E893002070B5104C4FF0FF324FF0FF3395
:108EE00006460E480D461EF0F1F994F82230A1888E
:108EF000A26913F0010309D0022907D1964205D1D6
:108F0000294604F108001EF0C5F900B90024034801
:108F10001EF011FA204670BD009400205810002069
:108F200038B5104C4FF0FF324FF0FF3305460E4876
:108F30001EF0CCF994F82230A088A169C3F3400256
:108F400013F0010305D052B1022802D115B18D42B0
:108F500000D0002404481EF0EEF9204638BD144627
:108F6000F8E700BF00940020581000202DE9F041E0
:108F7000234F8046144623481E464FF0FF324FF0E1
:108F8000FF330D461EF0A2F997F8223013F00101CD
:108F900033D10222BA80620042F0010202F00302E1
:108FA00023F00303C7F818801A4306B361F3820263
:108FB00087F822203E841EF0C8FA3946F86112482C
:108FC0001EF007F9F869FFF7CDFB104A05F1100410
:108FD00028686968134603C30835A5421A46F7D1C5
:108FE000074C08481EF0A7F92046BDE8F08142F082
:108FF000040287F822203E84E7E70024F1E700BF5F
:109000000094002058100020F893002008940020BD
:1090100038B505464FF0FF320F484FF0FF331EF0D2
:1090200055F995F8224014F001040FD00B48294659
:109030001EF0D9F818B11EF088FAFFF793FB95F8E7
:10904000223023F0010385F82230012402481EF06B
:1090500072F9204638BD00BF58100020F893002058
:109060002DE9F04385B00023044617468DF80F30F4
:109070000D4600296AD080B90A8848F2FE039A4258
:109080000BD00B78FF2B04D14B7803F00F03022B8E
:1090900003D028461EF07DFD04462A8848F2FE03D0
:1090A0009A4233D02B78FF2B04D16B7803F00F0357
:1090B000022B2BD0294620461EF0FCFC60B190F814
:1090C0002480FCB100970DF10F034246294620464B
:1090D0001EF033F9044610E04FF08008F1E7304607
:1090E00000970DF10F03424629461EF026F940363F
:1090F000002818BF04464E45F1D3CCB1204605B038
:10910000BDE8F083124EDFF84C90F4E724B1012162
:1091100020461EF018FCDDE7FFF722FC01211EF0BF
:1091200012FC04460028E9D1094D0A4EB54204D389
:1091300005B0BDE8F04300F0B5BC012128461EF0A3
:1091400002FC04460028D9D14035EFE70C46D5E7AC
:10915000F4130020341400202DE9F04186B01E469F
:109160000023019301AB0546884617461EF0FAF925
:10917000044620B96FF0150006B0BDE8F08104F197
:109180001402BFF35B8F6369BFF35B8F002BF1D0D9
:10919000BFF35B8F581E52E8001F994204D142E88A
:1091A000000CBCF1000FF6D1BFF35B8FE7D1012BB0
:1091B00003DD002EE0D03460DEE794F83D30B8F1F6
:1091C000020F23F0020384F83D305ED1002F5CD003
:1091D0002846019F1EF07CF86B68002B51D094F854
:1091E0003D30DB0714D42A4E2A484FF0FF334FF0AE
:1091F000FF321EF06BF804F1180130461DF0F3FF4A
:10920000336813B9244825F0CAFE22481EF093F8AB
:109210000B2128461EF075F898B91E484FF0FF3212
:109220004FF0FF331EF052F81C4804F12C011DF0E2
:10923000DAFF18B1211D284621F09DFB15481EF0CC
:109240007AF8012F1DD140F2FF2302930023ADF8DD
:109250000C30ADF80E30ADF810304FF48073ADF82F
:109260001230FF238DF81430637CE27C8DF81530CA
:10927000A37C43EA0223ADF8163002A928461EF06B
:109280003BFA05F114001EF056F8002074E700BF09
:10929000F09300205810002068220020E093002066
:1092A0002DE9FF411EF051F90023039380464FF052
:1092B000FF332F484FF0FF321EF008F82D4B1D688A
:1092C000BDB12E6800244FF0FF37CDB1414628468E
:1092D0001FF092F978B9294626481DF084FF02A8AC
:1092E00002941DF076FF029C26B3336835461E4675
:1092F000EBE72E46E6E7874228BF0746B542F3D1A3
:109300007B1C10D040F2E73000214FF400454FF4B1
:109310007A720023E7FB0501E6F742FF02460B469F
:1093200015480DF01BFF12481EF005F824B904B0D3
:10933000BDE8F0813346D9E7206A1DF0C9FF94F8F3
:109340002530206A23F0020384F8253001A9FFF7B5
:1093500043FB58B9206A94F82430019904F11002B3
:109360001EF018FD206A14301DF0E5FF2468DDE7CB
:1093700058100020E8930020382200202DE9F04703
:109380001EF0E3F84FF0FF3307464FF0FF322C4852
:109390001DF09CFF2B4B1C6825461CB155F8184945
:1093A00004B1183CDFF8A0804FF0FF3675B305F12B
:1093B000180A394650461FF01FF9814608BB51462E
:1093C00020481DF010FF50464A4649461FF0DCF881
:1093D0001E48404508D241680023CA1895420AD168
:1093E000043319441EF09DFC44B3A36903B1183B38
:1093F00025461C46DAE74033B3F5C07FEDD1403057
:10940000E7E7864228BF0646AC42EDD1731C10D078
:1094100040F2E73000214FF400444FF47A72002309
:10942000E6FB0401E6F7BCFE02460B4608480DF0D9
:1094300095FEBDE8F04702481DF07DBF2346D7E703
:1094400058100020F093002034140020F413002062
:1094500068220020F8B54FF0FF33054617460E4846
:109460004FF0FF320E461DF031FF0C4B1B680BB165
:109470001C6823B9BDE8F84007481DF05CBF5B6875
:109480003A463146284698471CB12268234614467E
:10949000EFE72246FAE700BF58100020E4900020D2
:1094A000F0B585B00023CDE90133ADF80C303C4B6D
:1094B0001B6804460D465BB195F82F20082A01F180
:1094C000300164D80DF106008DF8052030F0DAFA8D
:1094D000092120466F691DF014FF00285DD00D2181
:1094E00020461DF00EFF38B94FF0FF324FF0FF332A
:1094F00004F128001DF0EAFE20461DF08FFE2946EB
:109500004368204698470D21064620461DF0F9FE87
:1095100018B904F128001DF00EFF002E2ADA1EF003
:1095200014F8204BBFF35B8F1A68BFF35B8F41F2D7
:109530008731A0EB020C8C452BD9BFF35B8F53E82E
:10954000001F914204D143E8000CBCF1000FF6D19A
:10955000BFF35B8F1DD1BFF35B8F134B002253E82A
:10956000001F43E800200028F9D1BFF35B8F284695
:1095700020F069F81FB1314638461DF053FE9DF8C2
:10958000053023B1324601A92046FFF763FF05B03D
:10959000F0BD05481DF098FFE9E76FF07206E6E7B9
:1095A000E4900020D8900020D4900020064B9842F0
:1095B00006D3064A904203D2C01A80110130704788
:1095C0004FF0FF30704700BFF41300203414002028
:1095D000002370B581F8293005460C461DF09CFE2D
:1095E00068B3012384F838302146284621F03AFD3B
:1095F0001DF0ABFF60632846FFF7D8FF4FF0FF3345
:109600004FF0FF3284F83C000D481DF05FFE04F17E
:109610002C010C481DF0E7FD0A481DF0DAFD084852
:109620001DF089FE084825F060FE084307D1BDE81B
:109630007040064840F6CD4200230DF08FBD70BD4E
:1096400058100020E093002018220020082200205B
:109650002DE9F0410D460646F8B1F1B10846E6F7AE
:10966000CBFD08281CD8114FDFF84480441C474527
:1096700008D32246294606F1080030F003FA0020FC
:10968000BDE8F081B74206D02246294607F108001E
:1096900030F037FA38B14037E9E76FF01500EFE7FF
:1096A0006FF05A00ECE76FF07700E9E7F413002061
:1096B0003414002070B50546B8B10D4C0D4EB442BF
:1096C00002D36FF0010070BD2846E6F795FD2946EC
:1096D000024604F1080030F031FA20B92046BDE816
:1096E0007040FFF763BF4034E9E76FF01500EAE729
:1096F000F4130020341400202DE9F0434448454C75
:10970000454EDFF81891464F85B04FF0FF324FF0CD
:10971000FF331DF0DBFD20F03EFAA046B4423CD3FF
:10972000404B414AA3EB08039B09B24288BF002388
:109730006BB33E493E483F4D25F025FC3E4B3F492B
:109740003F480024C3E9004425F01DFC3D4B3E4941
:109750003E48C3E9004425F016FC3D493D4825F04C
:1097600012FC402385F8E532012385F8E6322846CD
:1097700047F23053C5F8D0321EF0B1FA3649C5F879
:10978000D402364825F0FFFB354BC3E9004420489E
:1097900005B0BDE8F0431DF0CEBD23681D68284626
:1097A00025F0C7F8C0B1AD68B5B12B68A3B10721EA
:1097B00020461DF094FD04F1140025F0B6F904F1E3
:1097C000280025F0B2F92B682046984794F83C30E1
:1097D00023F0030384F83C30237A8BB920461DF034
:1097E0001DFD81450ED11F4A1368591C11601E4A88
:1097F000092101A818F08CFB01A92046FFF728FFDA
:1098000040348BE73B685A1C3A60184AF0E700BFC7
:1098100058100020F413002034140020601400209D
:10982000CC90002073140020B5130020A188010003
:1098300008220020EC900020E0930020CD8A010057
:10984000D8210020D89300207D93010068220020B9
:10985000A192010038220020F58701009822002003
:10986000F8930020D0900020AFE90400B8E904008C
:1098700038B5074C074DAC4200D338BD0321204614
:109880001DF03FFD10B920461EF020FE4034F2E7E7
:10989000F4130020341400202DE9F041174605464A
:1098A000F8B1022902D0082918BF0621DCB26E18CF
:1098B00038464FF03A085CB115F8011B01234122EC
:1098C0001EF0C9FE033CB54200F8018BE4B2F2D1B0
:1098D00087424FF0000306D000F8013C3846BDE84F
:1098E000F0810248FBE71846F9E700BFDBE9040016
:1098F00001282DE9F0470C46164638D100231360A5
:109900004C1E1A4619461D4614F8010F18B12E2890
:109910001CD101339BB2012909D9092A03D9032992
:1099200007D1632A05D86FF01500BDE8F08700293C
:10993000F9D0FF2AF7D8725522781AB10135EDB265
:10994000042D11D1032B00F09480ECE73038C7B21E
:10995000092FE8D80131C9B20429E4D002EB820210
:1099600000EB420082B2CFE700221146CCE702288A
:10997000D9D12E21204630F0D4F8237800280CBF0E
:10998000082706273A2B08BF01342046E6F734FCA7
:1099900043490022824225DB062F4FF000050CBF11
:1099A0004FF005094FF00709AA46A8462378002B77
:1099B000B9D03A2B2DD010220021204618F0D2FA2F
:1099C00040BA26F815003A21204630F0AAF804469D
:1099D000E0B101340135AF4215DC062F49D10B3619
:1099E00034BBA0E7A35C462B09D82D2B9BD92E3B7B
:1099F000DBB221FA03F3DB0795D50132CAE7613BFD
:109A0000052BFAD98FE7002CD0D18CE7A945E1DDF1
:109A100089E7BAF1000F86D1BD4220DB3A2120460A
:109A200030F0AAF8A04226D1062F20D101340B36FF
:109A300000252378002B3FF476AF00210A22204630
:109A400018F090FA2E2106F8010F204630F069F840
:109A500020B30135042D00F10104EAD109E006EB41
:109A6000450306F8158083F801800135D4E7637853
:109A70002BB9002059E7062F08BF00F1FF307D1EEB
:109A8000013010F8013D3A2B02D1013DFFF44BAFFC
:109A90008442F6D101344FF0010A9BE7032D52E7CF
:109AA000FD1FF8010048704724AD04002DE9F34183
:109AB0000746884616464FF0FF3318484FF0FF32EE
:109AC0000CF078FF164B1C68022534B913480CF0D3
:109AD000E3FF284602B0BDE8F081B8F80420237CFB
:109AE0009A4218D1627C33789A4214D1A37C72785E
:109AF0009A4200D07BB9A36813B1BA6993420AD1E4
:109B0000E368009365683346424639462046A847D5
:109B100001280546DAD12468D7E700BF6C10002081
:109B2000289400202DE9F041DDF818800D461746F5
:109B30001E46044610B3B8F1000F1FD04B1E012B78
:109B40001CD8142200212FF0C4FFC4F8048025740F
:109B50006774A6744FF0FF324FF0FF3309480CF0E2
:109B600029FF094B1A6822605A681C6002B95C60C0
:109B700004480CF091FF0020BDE8F0816FF0150063
:109B8000FAE700BF6C100020289400202DE9F74F61
:109B9000334E9DF838901F469DF8343000930446AC
:109BA0000D46934606F58D68B6F8B420D10706D465
:109BB000BC364645F8D1002003B0BDE8F08F0CB1AB
:109BC000B442F5D0B6F8B2105945F1D1718CB94212
:109BD000EED192052DD40C9B1A88022AE8D1B6F852
:109BE000B4205305E4D5328C022AE1D106F1240ACF
:109BF00050461EF07AFE024638B90C9B0190191DA2
:109C000008461EF072FE019AE0B1B9F1000F03D0D0
:109C100096F8AA100029CBD1009B3BB1002AC7D0EF
:109C20000C9B181D1EF061FE0028C1D06FF01000C3
:109C3000C2E7002DCFD096F9B6001EF066FE854231
:109C4000B6D1C8E7102250462FF05BFF0028AFD1F5
:109C5000B9F1000FEAD096F8AA20002AA8D1E5E7CA
:109C6000309400202DE9F347294C0E4617469846BC
:109C70000025A246B4F8B430DB0721D5236D984205
:109C80001ED1BC235D4305F10C0454444FF0FF3357
:109C90004FF0FF3220461EF072FEB069FFF786FCDF
:109CA0000AEB050989F8B600C6F81490D9F85430C3
:109CB000CBB920461EF094FE022002B0BDE8F0872A
:109CC0000135062D04F1BC04D4D14FF0FF324FF022
:109CD000FF330C201EF053FEB069FFF767FC002332
:109CE00083F8B630FFDE05F1600050440CF058FFF9
:109CF00020461EF075FE00240A9B019300944846FE
:109D0000D9F8545043463A463146A8472046D4E74E
:109D10003094002002282DE9F84F984605D860B904
:109D20006FF069042046BDE8F88F0338012894BF1E
:109D30006FF05F046FF06904F4E7012800F09A8087
:109D4000012900F09A80062A00F09A80022906D0A4
:109D5000032914BF6FF06A046FF07A04E2E7112A56
:109D600040F08E80002B00F08E804FF0FF3349488A
:109D70004FF0FF320CF050FF474B00261F46B3F860
:109D8000B44014F0010411D00136062E03F1BC03D7
:109D9000F5D16FF001043F480CF002FF002CC1D058
:109DA00014F1700F72D1FEF7DBFDBBE7BC22564306
:109DB000BD19214628462FF08CFEFEF7D1FDFF236A
:109DC00085F8B630354BA5F8B44033444FF001095F
:109DD000BFF35B8F53E8002F43E800910029F9D1CE
:109DE000BFF35B8FB5F8B43043F09003A5F8B430FF
:109DF00006F1200B112306F1380007EB0B0AA5F83A
:109E0000B23018224FF4807321463844A5F8AC30A4
:109E10002FF05FFE162221460AF102002FF059FEB4
:109E2000022327F80B30514628461EF0B5FDAAF84C
:109E30000200E0B1402385F8B73085F8B89085F886
:109E4000AF9006F160004FF0FF324946384424F0ED
:109E500092FF06F10C00384424F067FEB5F8B430E8
:109E600043EA0903A5F8B430C8F8005093E76FF04F
:109E70006F0490E76FF05F0454E76FF06A0451E7F6
:109E80006FF07A044EE76FF015044BE76FF00104B2
:109E900048E700BF181100203094002038940020BB
:109EA00070B50446D8B10F4B984218D303F58D63B3
:109EB000984214D200F10C064FF0FF324FF0FF33FE
:109EC000002530461EF05BFD3046C4E91555E565BA
:109ED0001EF086FD20461EF098FD284670BD6FF0EE
:109EE0001500FBE7309400202DE9F0479846B0F8C4
:109EF000B43092B0DB07DDF868A004460E46914608
:109F000040F19E8000F10C074FF0FF334FF0FF321D
:109F100038461EF034FDB4F8B230112B40F08D807D
:109F2000162200210DF132002FF0D3FDB4F8B43029
:109F30002046C3F3C203ADF830301EF052FE054692
:109F4000002856D1B4F8B400C0F3C203022B57D195
:109F500010F4806013D008AD04F1240304F1340E32
:109F60002A4618685968AC46ACE8030008337345C4
:109F70006546F6D10FCA0DAD85E80F000CA8658CBB
:109F8000ADF83250B4F8B420D4F850C0666502F48D
:109F90008073668F6DBABCF1000F33D00BB104F142
:109FA000380376BAB6B2ADB2CDE9010526490096BE
:109FB0005246604600F088FC0028054619DB59EA45
:109FC000080316D0603420460CF04CFE38461EF0D4
:109FD00007FD4A46434620460CF01EFE4FF0FF3276
:109FE0000B304FF0FF33384608BF6FF073051EF09B
:109FF000C6FC38461EF0F4FC284612B0BDE8F087D7
:10A000002846BFE7C2F38111B4F8B2E0C2F3C2023E
:10A010000BB104F1380C04F15003CDE905A376BA75
:10A02000094B0090B6B2ADB2CDE90343CDE901656D
:10A030006346704600F004FBBEE76FF06A05D8E7A0
:10A040006FF00805D8E700BF659C01002DE9F041DD
:10A05000884615461E460446002800F0CD80684B11
:10A060009842C0F0C98003F58D63984280F0C480A7
:10A0700000F10C074FF0FF324FF0FF3338461EF06F
:10A080007EFC08F1FF31192900F2AD80DFE801F014
:10A09000A8A8A8A8A8A8A80D3843A8A8A81A34A8B2
:10A0A0004EA87259A892A8A89DA805B3012E1ED843
:10A0B0002B7884F8A830002438461EF091FC204606
:10A0C000BDE8F081042E286811D1421C0DD194F90D
:10A0D000B6001EF01AFC68B194F9B6001EF015FC2B
:10A0E0001DF08EFD84F8B800E5E7FF28FAD96FF07F
:10A0F0001504E1E70120F5E72B6884F8B730DAE7CB
:10A10000002DF4D0042EF2D12B68003B18BF0123A0
:10A1100084F8A930CFE7002DE9D0042EE7D12B68D1
:10A12000003B18BF012384F8AA30C4E7002DDED01D
:10A13000042EDCD12B68B3F5803FD8D2A4F8AC3024
:10A14000B9E7B4F8B430C3F3C202022AB3D1042E83
:10A15000CDD19B052D8808D594F9B6001EF0D5FB0E
:10A160000028A8D003685D83A5E704F13C001DF03A
:10A17000B3FDF5E7B4F8B4302D68C3F3C202022A88
:10A1800034D1042EB3D103F0C003802BAFD115B965
:10A1900084F8AE508FE76B1EFE2BA8D828461EF021
:10A1A000B4FB30B307211EF0ECFB0028F0D16FF0B8
:10A1B0006A0481E7002D9AD0042E98D12B68003BC9
:10A1C00018BF012384F8AF3075E7002D8FD0042E1F
:10A1D0008DD12B68003B18BF012384F8B0306AE7AB
:10A1E0006FF0850468E76FF06C0465E76FF0690451
:10A1F00062E76FF001045FE76FF015045FE700BFEF
:10A20000309400202DE9F0410F4615461E460446C5
:10A21000002800F09D80504B9842C0F0998003F5D3
:10A220008D63984280F0948000F10C084FF0FF326B
:10A230004FF0FF3340461EF0A2FB791E19297BD850
:10A24000DFE801F0777777777777770D252E7777C7
:10A25000771B22773177533877717777747794F853
:10A26000A83025B32B700EB1012333600024404683
:10A270001EF0B6FB2046BDE8F08194F8B8302B60A4
:10A28000002EF3D00423F0E794F8B730F7E794F802
:10A29000A93065B116B13268042A08D12B60E5E710
:10A2A00094F8AA30F5E7B4F8AC30002DE7D16FF0A0
:10A2B0001504DCE7B4F8B43013F400770AD094F94D
:10A2C000B6001EF022FB10B103685F8B00E007466A
:10A2D0002F60D5E7C3F3C203022B30D104F13C0059
:10A2E0001DF0FAFC0028EFD1F2E7B4F8B430C3F364
:10A2F000C202022A23D194F8AE0078B99B050FD58B
:10A3000094F9B6001EF001FB072102461EF039FB4E
:10A31000C0B11046FFF74AF9002816DD2860AFE704
:10A32000FEF71EFBF0E794F8AF30B2E794F8B030D8
:10A33000AFE76FF085049AE76FF06C0497E76FF072
:10A34000690494E76FF06A0491E76FF001048EE707
:10A350006FF015048EE700BF3094002001460148DD
:10A360001FF008B99413002073B5044616461D4625
:10A3700024F05FFE08B1002635462B46324601A97F
:10A3800020460CF019FA0546D0B95422014601982E
:10A390002FF09FFB0198FF2280F84320094A446078
:10A3A00001239442036205D180F850301FF00EFA69
:10A3B00002B070BD044B9C4208BF80F85050F5E7D6
:10A3C0000020F5E7C00F0020A00F002002460B463A
:10A3D0000148FFF7C9BF00BFC00F00202DE9F743B8
:10A3E000DDE90A45064617469946884629B923B944
:10A3F00090F83B3013F0380F42D024F01AFE08B129
:10A400000024002530461FF091F996F83B20C2F356
:10A41000C202002840D1002A40D0022A0CBF2821C5
:10A420000021B9F1110F2FD10831B36941440BB1AB
:10A430001B685B8B022A33D1B3F5A06F38BF4FF492
:10A44000A0631B1A9942706828BF1946CDE90045E0
:10A45000164B174C174DA84208BF1C463A462046DB
:10A460001FF018F90146E8B130461FF0C3F93FB1BB
:10A47000B06839460C3019F03DFF30461FF0A6F9A0
:10A48000002003B0BDE8F083B9F1010F02D0B9F1AB
:10A490003A0FCAD10431C8E70021C6E71146C4E724
:10A4A0000B46CEE76FF00B00EBE700BF94130020E4
:10A4B00034130020C00F00202DE9F743DDE90A45E1
:10A4C000064690460F4639B932B990F83B3013F042
:10A4D000380FC3F3C20025D024F0ABFD08B100242F
:10A4E0000025B06950B94346002239463046CDE9CF
:10A4F0000A4503B0BDE8F043FFF770BF72680B4B2D
:10A500009A42F0D103685B68D3F81090B9F1000F5C
:10A51000E9D0CDE9004543463A463146C84710F1F7
:10A52000860FE0D003B0BDE8F08300BFC00F00206D
:10A5300030B585B0DDE908450093CDE90245134605
:10A540000A46014602481FF066F905B030BD00BF5B
:10A55000C00F002030B585B0DDE908450093CDE996
:10A56000024513460A46014602481FF054F905B059
:10A5700030BD00BFA00F002008B5044BB02202FB85
:10A58000003024F08FFB002008BD00BFC82200204F
:10A590000828024B28BF0020185C7047BEF9040051
:10A5A00010B588B00F4C204624F03CFB4FF0FF3232
:10A5B0004FF0FF33CDE906230023CDE90323CDE996
:10A5C00001330949094B00944FF4BC6204F12000A7
:10A5D0000CF012FF20B108B0BDE810400CF0E8BE4E
:10A5E00008B010BDC822002018E00020779B0300AF
:10A5F00002460B4601480CF0DDB900BF30100020C8
:10A6000001480CF049BA00BF3010002010B54822B4
:10A61000002104462FF05DFA4FF0FF304FF0FF317C
:10A62000FFF7E6FF054B1A6822605A681C6002B902
:10A630005C60BDE81040FFF7E3BF00BFA0980020BA
:10A640002DE9F04F89B01C46159DBDF84C300293A2
:10A65000BDF85030129E049181469246039385B313
:10A6600095F9B600FEF70AF9074628461EF0BAF932
:10A6700001904FF0FF304FF0FF31FFF7B9FF724B01
:10A68000D3F800B0BBF1000F0AD0039BDBF80080C9
:10A690005ABA93B20593331D0693BBF1000F13D141
:10A6A000FFF7AEFF4FF0FF304FF0FF31FFF7A0FF95
:10A6B000664B1F68002F75D1FFF7A2FF6FF00104F2
:10A6C0004FE02F460195D4E7BBF840204A4518D10A
:10A6D0009BF84320524514D19BF8442002F004011A
:10A6E000BEB1079269B1318802290AD1BBF81C10AA
:10A6F000022906D106980BF120011FF05DFA079A96
:10A7000048B9B8F1000F4BD0D8F80020C3469046A6
:10A71000C3E70029F5D1BBF81E10059B9942F0D183
:10A7200002F002020CB3002AEBD02288022AE8D100
:10A73000BBF80420022AE4D10BF10801201D1FF010
:10A740003BFA0028DDD0029BBBF806105ABA92B241
:10A750009142D6D1DBF83830ABB9FFF751FF6FF03B
:10A760006F04204609B0BDE8F08F002AC9D1019BD3
:10A77000002BE8D0DBF838000028E4D01EF032F9D6
:10A780000028E0D0BDE7002FE7D0B3F8B420920551
:10A79000E3D593F9B600FEF771F88742B1D1DCE753
:10A7A0004246B3E759683A681A608F4208BF5A6058
:10A7B00000233B60FFF724FF24B11EB122883388B9
:10A7C0009A423AD1169B7B63179BFB63049B039AC7
:10A7D000A7F8409087F8423087F843A0BD63314620
:10A7E00038461FF0F1F940BB2146029A38461FF067
:10A7F00021FA044608BB189B03B11F6097F8443048
:10A8000043F0010387F844304FF0FF304FF0FF3141
:10A81000FFF7EEFE0C4B1A683A605A681F6002B9E7
:10A820005F60FFF7EDFE28461EF0DFF897F8453031
:10A8300060F3000387F8453093E73846FFF7E6FEFC
:10A840006FF015048DE700BF98980020A0980020B5
:10A850001B4B984210B504462CD303F590739842D5
:10A8600028D890F84430DB0727D54FF0FF314FF060
:10A87000FF30FFF7BDFE134B1A68002152B194421E
:10A8800015D1226869B959681A608C4200D15A60A2
:10A8900000232360FFF7B4FE2046FFF7B7FE002039
:10A8A00010BD0A605A68944208BF5960F0E711462B
:10A8B0001268E3E76FF01500F2E76FF00100EFE7D1
:10A8C000A8980020989800202DE9F041144DBDF87B
:10A8D0001880A8428C4617460799BDF820200446E8
:10A8E0001E4603D26FF01500BDE8F08105F59075A6
:10A8F000A842F7D890F84430DB070DD5C0F834C033
:10A90000C7631FF061F90028ECD14246314620466A
:10A91000BDE8F0411FF08EB96FF00100E4E700BF21
:10A92000A89800202DE9F04F9A4690F83B3089B066
:10A93000C3F3C2030293013B012B05460E46069268
:10A9400000F2C880112A134601BFDAF800301A88D5
:10A950000392B3F802B0029B1CBF4FF0000BCDF87E
:10A960000CB0022B41D1086800210830FEF752F9E3
:10A970003468074604F1180104F108001FF01CF9BF
:10A9800000B91FB1039B9B4500F0A48094F8189078
:10A99000A9F1FF00D0F1000949EB00094FF0FF31A8
:10A9A0004FF0FF30FFF724FE644B00211C684FF08E
:10A9B000FF33CDE904314FF00008CCB9B8F1000FF6
:10A9C00000F09D80D8F83440D8F83C70FFF718FEAE
:10A9D000B9F1000F00F09680059B002B00F0A080DD
:10A9E00028461EF030FE002075E04FF00009D5E744
:10A9F000B4F84030069A93425CD1A36B002B4ED141
:10AA000094F84330002B57D194F844703B0703D59A
:10AA1000E388039A93424DD1F80602D5E38B5B4558
:10AA200048D1B90716D595F83B30A288C3F3C203C5
:10AA30009A423FD1022A0DD104F108031846079328
:10AA40001FF0AAF830B93168079B083118461FF08B
:10AA5000B3F878B37A0716D595F83B30A28BC3F3D9
:10AA6000C2039A4226D1022A0DD104F120031846CE
:10AA700007931FF091F830B93168079B18311846D9
:10AA80001FF09AF8B0B1049B07F07807BB4211DAC7
:10AA9000B9F1000F14D13BB20493A0460AE0B3F819
:10AAA000B4209205ACD5AF6993F9B600FDF7E6FE88
:10AAB0008742A5D0246880E7029A9342A4D0F9E7A0
:10AAC00040F6CD42002328461EF0F7FF074628B97E
:10AAD000FFF796FD022009B0BDE8F08FE36B00930D
:10AAE0000146D4F834C0534632462046E047022897
:10AAF00002D138461EF0A7FDCDF81490DAE747469C
:10AB0000444663E774B995F83B30C3F3C203022BA4
:10AB1000E0D123460422012128461FF09CF9D9E701
:10AB2000002CD7D053460097324629464046A047CE
:10AB3000831E584258414000CDE700BF989800203E
:10AB40000A4A002310B5C2E90033094A18461146E3
:10AB500014460133042B086003D0483208461146DE
:10AB6000F7E7044B044AC3E9002410BD989800207D
:10AB7000A8980020A09800208099002007B5054BD8
:10AB800000938022002302210348FEF7CBFF03B08D
:10AB90005DF804FB239D0300C89900202DE9F74FC1
:10ABA0004378FF2B06460F4615464BD1DFF8A0A091
:10ABB0004FF0FF344FF00009D04602F1020B621C47
:10ABC0009AF80A3016D1002B3AD06A7801930AF12C
:10ABD000020158462EF095FF019B68B90B2202FB3B
:10ABE00009820133937286F801907760002003B0E8
:10ABF000BDE8F08F002BE8D109F10109B9F1080F88
:10AC00000AF10B0ADBD1631C1FD00B20604308EB59
:10AC10000003A91C9A7A01329A7274706A78082A21
:10AC200004D8023040445A702EF02CFF0B235C43B2
:10AC300008EB04036A785A702B7808F80430D4E7DC
:10AC40004C46D9E76FF07700D1E76FF00100CEE70F
:10AC500034AB002010B54378FF2B024614D00C49CA
:10AC60000B2404FB0313987A0138987253786343DA
:10AC7000C818807A18B902335C18C8506060FF2386
:10AC800000205370506010BD6FF07700FBE700BFED
:10AC900034AB0020024B0B2202FB0030704700BF98
:10ACA00034AB00202DE9F04114461D46064630B174
:10ACB00087681FF0C4FDC7E90C01B3689C6317489F
:10ACC00024F013FB4FF47A72A0FB020302FB013164
:10ACD00047F6FF73C01841F10001C00B50EA414034
:10ACE00003D0844275F1000315DAE90341EA5441C7
:10ACF00040F2E733E403E0184FF47A724FF00003B8
:10AD000041F10001E5F74CFABDE8F04102460B467F
:10AD100003480CF023BABDE8F08100BFB82300203F
:10AD2000A8230020F0B5836893F848208A420FD00A
:10AD3000052A0DD083F84810816891F84830022B1D
:10AD400006D1114A13689C1C03D0581C10600B6577
:10AD5000F0BD00230D4F136019461C46682606FB04
:10AD600004F57D5D4DB185683DB195F848C0BCF1F5
:10AD7000020F02BF2965012301310134082CEED1F5
:10AD8000002BE5D01160E3E7189A0020640700204B
:10AD90002DE9FF41064628480D46174698461FF004
:10ADA000AFF90446002842D0FF234660866843700E
:10ADB0006A4605F1100E6B46286869689446ACE84F
:10ADC0000300083575456246F6D106F11C051E469E
:10ADD00003CE04AA964228606960334605F108054F
:10ADE000F5D141462046FFF79DFFA36893F84D201B
:10ADF00067F3000283F84D20A36800200021C3E917
:10AE00001001A06890F84D309B0708D423F00AFF8A
:10AE1000A26892F84D3043F0020382F84D30A368E7
:10AE200000200021C3E90C01A36800229A63204698
:10AE300004B0BDE8F08100BF580700202DE9F041C3
:10AE40000E4C0746884600262546237853B117B195
:10AE500063689F4206D1A068102241461C302EF044
:10AE600050FE38B10136082E04F16804EDD10020FF
:10AE7000BDE8F081682303FB0650F9E76407002072
:10AE80007FB5074A417818230230FEF705FD054AD1
:10AE900003461821684617F03BF807B05DF804FB3D
:10AEA0008CAB002027DB040003484FF0FF324FF04B
:10AEB000FF330BF07FBD00BF8010002001480BF076
:10AEC000EBBD00BF801000202DE9F04104460D4687
:10AED00016461F46FFF7B2FF002840D13B463246D8
:10AEE00029462046FFF754FFC8BB1E4A4FF0FF3CDF
:10AEF0006346114692F800E0BEF1000F18D0D2F878
:10AF000008E0BEF1000F13D09EF84D8018F0010F3D
:10AF10000ED19EF84880B8F1020F09D1B3F1FF3F7E
:10AF2000DEF850E002D1F446034601E0E645FAD3EC
:10AF30000130082802F16802DCD15A1C07D06822CF
:10AF400002FB0313996858681C311FF014FD3B463F
:10AF5000324629462046BDE8F041FFF719BFBDE85B
:10AF6000F08100BF640700202DE9F04188B006465B
:10AF7000FFF79AFF174C4FF000082378EBB1636896
:10AF8000B3421AD1A36893F84820052A15D004AD1E
:10AF900003F11C022F462C3310685168AC46ACE814
:10AFA000030008329A426546F6D197E80F008DE813
:10AFB0000F00694630461FF0DEFC08F10108B8F1C9
:10AFC000080F04F16804D8D108B0BDE8F041FFF7DC
:10AFD00075BF00BF640700202DE9F04F89B00D4612
:10AFE000164600211422CDE90212DDF848909DF8A2
:10AFF0004CA007469B46EBB940F2FF230493ADF803
:10B0000014B0ADF816B0ADF818B04FF48073ADF8C9
:10B010001A30FF238DF81C3099F80D3099F80F2065
:10B020008DF81D3099F80E3043EA0223ADF81E303A
:10B030000DF1100B002F00F0BF80BAF1000F50D0BF
:10B04000FEF730FD4FF00008064640F6CD420023E3
:10B05000CDE9002308F114013A2302223846FFF714
:10B0600067FA0446002800F0A480FF235A4680F8BF
:10B070003D3031461FF067F8024600284DD1872148
:10B0800020461EF035FE0646002846D102A920467D
:10B090001EF04EFD002840D0067046708670C670C7
:10B0A000494604301FF0C2FB02A920461EF05EFD97
:10B0B000064690BBBAF1000F26D020461EF086FB54
:10B0C0003A2120461FF0A4F8FFF7EEFE0023384691
:10B0D0001A464946FFF7F8FE074630BBFFF7EEFE7B
:10B0E0001BE03B6893F8118026B9494638461CF0AE
:10B0F000C7FD064630461FF088FB002853D108F1F3
:10B10000090808F0F808A0E7396801234246103121
:10B1100020461FF0A2FB0028CFD15DB36FF0680678
:10B1200028461EF090FA84BB39E0DDB183681B68C5
:10B13000806829460BBB23F0B5FD28461EF031FA86
:10B14000D7F8088005461FF07AFBC8E910011B48B4
:10B1500024F0CBF8084305D119484FF400420023EE
:10B160000BF0FCFF20461FF09BFB002815DA85B989
:10B17000FFF7A4FE6FF0680607E023F0B8FD10B1FA
:10B1800028461EF00EFAFFF799FE20461EF05BFAE5
:10B1900005E0B8681FF0C6FBEAE7FFF78FFE304610
:10B1A00009B0BDE8F08F6FF01506002DF7D0002430
:10B1B000B6E76FF00B06F8E77B78FFDE8823002008
:10B1C000782300202DE9F04F9846A5B00C230027E6
:10B1D000CDE90A7308AB0C93D2F800908D68022376
:10B1E0000C460D9345B9A0690B211FF087FB38B1C0
:10B1F000022025B0BDE8F08F2B8A6D681F44F1E76F
:10B20000E36805930AA92369069320461EF090FC83
:10B2100006460028ECD009F1080110A8BFB21FF0C3
:10B2200005FB392FE4D999F80730FF2BE0D1BDF8A1
:10B23000402048F2FE039A42DAD198F80130002B00
:10B24000D6D10B9920461EF01CFB0028D0DB778856
:10B25000D6F804A03178D6F808801FFA87F99AFA50
:10B260008AFA11B1A0691CF0F7FC9B4B0AF1FF327E
:10B270009A4214D2A3693BB15B682BB1D3F8D022B8
:10B2800092450CD0C3F8D0A2A369D3F804A0BAF1B8
:10B29000000F04D050461CF022FDCAF8D402B8F1C9
:10B2A000000F06D0A36923B15B6813B1B268C3F87D
:10B2B000D8220C2384F842300CA920461EF038FC1A
:10B2C0000DF1500A064646BB3DB900952A46A069D5
:10B2D000012310A91FF057FD0546A06910A9FDF72D
:10B2E000F9FD7FBABFB20346002800F07D81B9F1B5
:10B2F000000F40F06C81FDF78BFEFFF7D5FD002DB0
:10B3000040F08A81FFF7DAFDA069FDF763FC059B39
:10B31000E360069B236101206BE70D9920461EF038
:10B32000B0FA0028FFF664AF96F80080B8F1050F78
:10B3300068D071780DD8B8F1010F4AD0B8F1030F79
:10B340007CD0C900023920461EF09BFA002853D059
:10B350004EE7B8F1180FF4D10139CEB2022E3FF604
:10B3600047AF0623102200211CA81993CDF860A036
:10B370002EF0AFFB18A920461EF0DAFB079000283C
:10B380003FF436AF199920461EF07BFA0028FFF6ED
:10B390002FAF079B93F800B0D3F802805B78F200E0
:10B3A000C3F3C10302F0F8021CA9204607931EF064
:10B3B0007EFA0028FFF61CAFE069079BB8F1000F8A
:10B3C00040F0FB801CA900F099FAA8B100F0DCFA6B
:10B3D00012E01CAA20461FF06FFA00283FF408AFC5
:10B3E00002230093A06943461CAA10A91FF0CBFCBE
:10B3F000054600283FF4FCAE0CA920461EF098FB41
:10B40000064660E7022120461EF03BFA00287FF442
:10B41000EFAE09A920461EF053FA00287FF4E8AEEB
:10B42000099BA3F5A062B2F57B4FBFF4E1AEA26920
:10B430009BB2002AE0D012685383DDE704297FF431
:10B44000D7AE1CAB0E930EA91E2320460F931EF001
:10B450006FFB064600283FF4CBAE0F9920461EF046
:10B4600010FA0028FFF6C4AED6F80280D6F80630EF
:10B4700098FA88F21BBA9A42BED3F28948F2FE03C8
:10B480009A42B9D096F90130002B2EDA06F10E0B54
:10B49000594618A81FF0CAF93278A06918A91CF0FB
:10B4A00045FB40B9D6F80230FBB13278A069594665
:10B4B0001CF075FAC8B1D6F802307BB1013390F8B0
:10B4C00025304FD023F0010380F82530D6F8021044
:10B4D000FDF7B4FC09E000BF80EE360090F82420B0
:10B4E00000F11001A0691CF07CFC7378580683D52C
:10B4F000B8F1000F80D03378402B7FF47DAF0DF191
:10B50000600BD4F818800021102258462EF0E1FA82
:10B5100006F10E0114A81FF089F9B8F1000F26D02A
:10B52000D8F800301033CDE901B300231A46009358
:10B5300014A940461FF004F90023194658461CF090
:10B54000AEF8D6F80230834670B390F82820012A6E
:10B550002AD1591C0DD190F83D3043F001038BF8EE
:10B560003D3049E743F0010380F82530BDE743460D
:10B57000D9E7B3F5E15F09D9D6F802105846FDF7CF
:10B580008FFB9BF83D3023F00103E8E707931FF0A2
:10B5900056F901460BF118001DF015F8079B834280
:10B5A000EAD84FF4E151E9E75A1C08BF0023012211
:10B5B00018A940461CF0DDFC1EE798FA88F2CDE998
:10B5C00000231CA910AB5A4600F0A8F914E735B1C6
:10B5D000A96891F84D2042F0010281F84D203946CA
:10B5E00018461CF002FB88E6B9F10002A0693B4650
:10B5F00018BF012210A9FDF7B9FC7EE64FF0FF321B
:10B600004FF0FF330BF098FA06461FF049F9002877
:10B6100002DA30461EF017F8AB681B68A868002BEA
:10B62000ECD11FF07FF96DE62DE9F84F1FF007F917
:10B6300005468946FFF738FC374C4FF008080026CE
:10B640000027237873B3A26862B3D2E9103153EABA
:10B65000010027D013F57A7341F10001B3EB050A1D
:10B6600061EB090BBAF1010F7BF1000323DB2B48DF
:10B6700023F03BFE084315D14FEACA3340F2E732CC
:10B680004FEACB31981841EA5A414FF47A724FF0A1
:10B69000000341F10001E4F783FD02460B46204818
:10B6A0000BF05CFDB8F1010804F16804C9D1BDE8F4
:10B6B000F84FFFF703BCC2E91067A3681B68002BB3
:10B6C000F0D0A3681B68002BECD0A0684FF0FF32CD
:10B6D0004FF0FF330BF030FA82461DF0B4FF5046B6
:10B6E0001DF0B1FFA3681B681BB920461EF0FFFCCC
:10B6F000D8E7A0684FF0FF324FF0FF330BF01CFA91
:10B7000082461FF0BCFC0228CCD150461DF09BFFA6
:10B7100050461DF098FFD4E76407002088230020DE
:10B72000782300202DE9F3471FF089F880468A46E8
:10B73000FFF7BAFB374D4FF00009002600272B78A2
:10B74000002B36D0AC68A4B3D4E90C2352EA030131
:10B750002FD0A16B8A1843EBE173B2EB080263EBC5
:10B760000A03012A73F1000103DB0020FFF79AFAB4
:10B770001FE094F84830C4E90C67042B19D8DFE8BF
:10B7800003F00324282B310094F84C30022B04F1F1
:10B790001C0103D968681FF0EEF80AE0013384F851
:10B7A0004C300023CDE900131A4668681946FFF7AC
:10B7B00013FC09F10109B9F1080F05F16805BED1C3
:10B7C00002B0BDE8F047FFF779BB022384F84830A8
:10B7D000EFE704F11C01DDE7042384F8483000237F
:10B7E00084F84C3094F84C20022A04F11C0301D94F
:10B7F0001946CFE7013284F84C200022CDE900320F
:10B8000011466868FFF7E8FB4FF47A720023284678
:10B81000ACE700BF6407002007B5114B00938722F7
:10B82000002302210F48FEF77DF90F4B0093882279
:10B83000002302210D48FEF775F90D490D4823F04C
:10B84000A2FB0D4B00938622002302210B48FEF73A
:10B8500069F90B490B4803B05DF804EB23F093BB87
:10B860001FAE0300049A0020BDAA0300F099002037
:10B8700029B6010078230020C5B10100DC99002021
:10B8800025B70100A823002007B5054B00938222AD
:10B89000002302210348FEF745F903B05DF804FBDD
:10B8A00051B403001C9A0020F8B50E4615464422F8
:10B8B00004466A43002130461F462EF00AF96822EA
:10B8C000002120462EF005F9204623F02EF90449E8
:10B8D00004F1280023F057FBC4E916652766F8BD7C
:10B8E000C1B8030030B103685868034BC01A18BFD1
:10B8F00001207047012070476014002010B586B009
:10B90000044601A820F07EFA01AA2146024820F050
:10B91000A4F806B010BD00BFD82300202DE9F041E7
:10B9200094B00C46904607461E46FEF7BBF8102220
:10B93000014620462EF0E5F800B3214604A804ADE8
:10B9400020F060FA0FCD0AAC0FC42B68236031469B
:10B9500004A804AC20F056FA0FCC0FAE0FC62B682B
:10B9600033609DF86C3002931A9B01930FAB0093E8
:10B97000044843460AAA394620F0DEF814B0BDE870
:10B98000F08100BFD82300200146014820F0BDB956
:10B99000D823002010B586B0044601A820F032FA62
:10B9A00001AA2146024820F0C3F906B010BD00BF2D
:10B9B000D823002010B501460446054820F030F891
:10B9C00028B1A38D022B0CBF04F13000002010BD64
:10B9D000D8230020024B034903480822FFF764BF25
:10B9E0005CAD0400309A0020D823002098B500AF49
:10B9F0008AB0CDE90712084A0992084C084B6A46FA
:10BA0000CDE9054042F8103F064800234FF441516C
:10BA1000E7F7C6FFBD4698BD00020103F4E9040044
:10BA20000500000238A2040010B513460A469D2105
:10BA300000F02AFA044638B110F18C0F04D0024607
:10BA400002490348FFF7D2FF204610BDDFBD0400C6
:10BA500017EA0400F0B5AFB00D46164606A905AAD0
:10BA600004461F46FFF7E0FF80B9CDE9016705995D
:10BA70000095802306AA204620F0FDFA30B1024648
:10BA800003490448FFF7B2FF6FF083002FB0F0BD09
:10BA9000DFBD040020EA04002DE9F04F1646ADB0EA
:10BAA00099464A1E6FF040439A42DDF8D8A056D21C
:10BAB000BAF1070F01EA030500F003074CD8802E06
:10BAC0004DD8002065F31D000DF10C0B0DF1100891
:10BAD00067F39F7002AB5A464146FFF7BBFFB0B118
:10BAE000002465F31D0467F39F744A46CDE9008B7B
:10BAF0005FFA8AF33146204620F093FA0246E8B115
:10BB000018491948FFF772FF6FF0830404E0029BA5
:10BB1000DA0705D56FF0840420462DB0BDE8F08F1C
:10BB2000039A9642DCD19A45DAD1324649464046DC
:10BB30002DF0E7FF04460028D2D1EDE72046039917
:10BB4000424620F0CCFA04460028E5D002460749D8
:10BB50000748FFF74BFFDFE76FF08504DCE76FF086
:10BB60008604D9E72AEA040020EA0400CFBD0400D5
:10BB70002EEA04002DE9F047154698464A1E6FF05C
:10BB80004043D0B09A42DDE9587604D36FF0860086
:10BB900050B0BDE8F087B8F1000F03D1C6F80080BF
:10BBA0000020F5E721F0404400F00309002064F391
:10BBB0001D000DF1140A69F39F70524628A9FFF782
:10BBC00033FF0028E4D1059906ABC5B9A1F11D02E8
:10BBD000424514D864F31D00CDE9016369F39F70F9
:10BBE0000097434628AA20F046FA0028D0D0024603
:10BBF00013481449FFF7FAFE6FF08300C8E70020EE
:10BC000064F31D0069F39F7008AC0DF11C090293E9
:10BC100028AACDF804900094802320F02CFA024644
:10BC20000028E5D1079AAA42B0D3521B424528BF4B
:10BC300042463260611938462DF024FFB0E700BF5C
:10BC400020EA0400DFBD040010B54A1E6FF0404337
:10BC50009A42A2B022D2194041EA80746B4601AAEE
:10BC600002A92046FFF7F6FE28B9009BDB0708D59E
:10BC70006FF0840010E010F1920F02D010F1840FE9
:10BC80000AD1204620F047FA30B10246054906485D
:10BC9000FFF7ACFE6FF0910022B010BD6FF0860090
:10BCA000FAE700BFDFBD040034EA0400F0B59BB042
:10BCB00004460F461646002118220CA82DF009FF55
:10BCC0000BA90DF12A0000F063F800230D931193E6
:10BCD000BDF82A30ADF830300B9B0F934FF48073D2
:10BCE000ADF83230154D164B0E9412A93846B4F506
:10BCF000807F08BF1D4600F053F80446D0B9259B4D
:10BD00000893239B0793249B0693219B0593229BD7
:10BD1000049305230393209B02930C23CDE9006336
:10BD200012A90B9B20220CA8A8472021044612A888
:10BD30000CF03AFF20461BB0F0BD00BFF7BF030078
:10BD40000DC0030098B50D4C0D4800AF214616F00C
:10BD5000A9FF88B06A460B4BCDE905344FF4007358
:10BD6000ADF81C30084B42F8103F084800234FF450
:10BD7000E451E7F715FE0020BD4698BD3BEA0400FC
:10BD800079EA040027DB04000300000138A2040064
:10BD90004FF410530380014B0B60704700025005B5
:10BDA000F0B5074687B00E4603AD284621F0A1F84E
:10BDB00068B10821284621F09FF800281ADD0728DD
:10BDC00005D8C0F10802002128442DF082FE02AB04
:10BDD00001932023009329460848059733460C22F7
:10BDE00024F00EF80821044628460CF0DDFE20461B
:10BDF00007B0F0BD6FF09204F9E700BF0900000240
:10BE000070B50546154E16484FF0FF334FF0FF3220
:10BE10000AF0D0FD3378A3B912480C2124F0BFF802
:10BE2000044648B9012333700E4A13682B605368E7
:10BE30006B609368AB60002409480AF02DFE204631
:10BE400070BD08490C220B780133DBB201F8013BCD
:10BE5000002BE9D1013AF6D1E6E700BFB0AB0020F4
:10BE6000A8100020A4AB002007B50346C3F31D02B1
:10BE700000920846034A9B0F0F2116F049F803B0C1
:10BE80005DF804FB86EA040010B588B0CDE9011224
:10BE90001C4604A96FF001030393FFF7E5FF01AA15
:10BEA0000A4904A8E8F74AF9039A002A03DD226048
:10BEB000002008B010BD06D002320CBF6FF08B001E
:10BEC0006FF09100F5E76FF08B00F2E7C1C003005F
:10BED000F8B5036900AF0C4603F1A005BFF35B8F13
:10BEE000D3F8A030BFF35B8FC3F38003994218D11E
:10BEF000184A194B6E4688B0002918BF13466A4687
:10BF00001649CDE905134FF40073ADF81C30144BFE
:10BF100042F8103F134800234FF4E451E7F740FD87
:10BF2000B546BFF35B8F5CB155E8003F43F00403B7
:10BF300045E80032002AF7D1BFF35B8FBD46F8BD5C
:10BF400055E8003F23F0040345E80032002AF3D00F
:10BF5000F6E700BFC7EB040053F3040091EA0400C6
:10BF60000300000178A204002DE9F0470546D0F84F
:10BF700008A0894690461F4620F03BF90446D8B1F8
:10BF800090F82060F3070AD590F8243019481A4A2F
:10BF9000012117F099FE6FF07700BDE8F0873B466E
:10BFA0004246494620F0DDF848B994F82430134A57
:10BFB0001048012117F088FE6FF01200EDE79DF8A0
:10BFC000203084F8258026F00606E78484F828309F
:10BFD00084F82060DAF8183021462846984794F80B
:10BFE0002020B0FA80F35B0963F3000284F820207C
:10BFF000D3E700BF78A20400A3EA0400BDEA04006E
:10C0000070B50546866820F0F4F80446F8B190F85B
:10C010002030DB0709D490F824300E480E4A012165
:10C0200017F052FE6FF0770070BD0146F3692846A5
:10C03000984750B194F8203003F0010394F8202081
:10C0400063F3000284F82020EEE70346F6E76FF082
:10C050001200E9E778A20400DFEA0400F8B5876877
:10C060000546FB6B0C469847286920F0B0F8E0B114
:10C070002146284620F0BDF80646C8B190F8203089
:10C080009B0706D090F824300B4A0C48032117F088
:10C090001BFE346824B1BB683146284698470446E5
:10C0A00028463B6C98472046F8BD4FF0FF34F7E731
:10C0B0006FF01204F4E700BFFAEA040078A204006B
:10C0C0002DE9F341D0F808801746D8F83C300546F2
:10C0D0000E4698470C48002200233946E9F752F8EB
:10C0E000044670B9094A0A4800963B46012117F0F8
:10C0F000F5FD2846D8F840309847204602B0BDE804
:10C10000F0810676F5E700BFC41300201BEB0400A6
:10C1100078A2040010F0080F0B4B42B20CD100F0D3
:10C120000F00002A4FF0140202FB0033B4BFD3F813
:10C130000806D3F808077047002AB4BFD3F8A8064A
:10C14000D3F8A807704700BF00700240F8B5024658
:10C15000EFF31181202383F31288BFF36F8F00F078
:10C16000080520F06DFB0124844057066FEA0406A1
:10C170001BD0D5B9174F3B6823FA00F0C00714D580
:10C1800033403B6053B2DB4322F08000DB0F00F210
:10C19000DA301B0103EB40030F48C0F80038D0F839
:10C1A000043843F00203C0F804380C4803683340F5
:10C1B000036035B90A480368120654BF334023436D
:10C1C0000360054BC3F86C4481F31188BFF36F8F94
:10C1D000F8BD00BFA89C002000700240AC9C00206D
:10C1E000B09C0020EFF31180202383F31288BFF36B
:10C1F0006F8F0A4BD3F8001C032261B949F27531E5
:10C20000C3F8001CC3F8142DC3F8001C80F3118878
:10C21000BFF36F8F7047C3F8142DF7E700E00640B7
:10C22000EFF31180202383F31288BFF36F8F0A4B43
:10C23000D3F8001C61B949F27532C3F8002CC3F879
:10C24000141DC3F8002C80F31188BFF36F8F704763
:10C250000022C3F8142DF6E700E0064070B5024650
:10C2600020F0EEFAEFF31185202383F31288BFF359
:10C270006F8F531E0124062B04FA00F40FD80E4EC4
:10C280000E4B31681B680B43C34013F0010306D10A
:10C290000B4802F59472214340F822303160094A7C
:10C2A000136823431360084B8022C3F8042185F3ED
:10C2B0001188BFF36F8F70BDA89C0020B09C002038
:10C2C00000700240AC9C002000E100E0F8B50306DD
:10C2D000044623D410F0080720D100F00F0292008A
:10C2E00002F1804202F51C32D2F84434B3B1EFF3CC
:10C2F0001186202383F31288BFF36F8F20F0A0FAFA
:10C30000084DC2F8A074012303FA00F12B6823EA58
:10C3100001032B6086F31188BFF36F8F024BC3F8C4
:10C320001845F8BDB09C00200070024010B591F98E
:10C330002400174B91F824200028B4BFD3F81045EF
:10C34000D3F8144502F00F020123934023420DD18C
:10C350000F4A0028B5BFD2F81005D2F814050343E0
:10C360000343B4BFC2F81035C2F8143591F8243035
:10C370001A070AD4064AC2F80C3543F48073C2F88F
:10C380000C3591F82400FFF7A1FF002010BD00BF7D
:10C390000070024091F82430054A13F07F0F0BBF64
:10C3A000012343F480735365C2F8183500207047A9
:10C3B0000070024070B506460D461FF01AFF044695
:10C3C0001FF020FF28BB20461FF043FF08B3802D3D
:10C3D00016D1437E9A0744BF0E4A15705B070FD5EE
:10C3E0000D4B1B7813B90D4B01221A6520461FF027
:10C3F0002CFF002201463046BDE870401FF042BFCE
:10C400002846FFF72BFF20460121BDE870401FF0B2
:10C41000FEBE70BDB3AB0020B8AB00200070024080
:10C4200038B50C461FF0E5FE05461FF0EBFEB8B927
:10C4300028461FF00EFF98B14CB9437EDA070FD49F
:10C440009B0704D5074B1C70074B0122DA6420467A
:10C45000FFF704FF28460121BDE838401FF0D7BE92
:10C4600038BD00BFB3AB00200070024008B5054ADC
:10C470000548032120F0ECF921F0B5FF08F050FA4F
:10C48000002008BD49EB040080A2040010B54468F8
:10C49000206801F021FC104B1860104B1B782BB169
:10C4A0000F4B0022186811461FF0E0FE0022012108
:10C4B000272017F047FE201D08F000FA04F10800BD
:10C4C00008F03AFA21F088FF064A0748032120F0D5
:10C4D000BFF9002010BD00BF609C0020B5AB00205C
:10C4E000B49C002052EB040080A20400012810B587
:10C4F00003461AD002280AD000BB144B024601465C
:10C5000018681FF0B3FE124B01221A700CE0114B99
:10C51000114C00221A70114BC4F800332720E8F7A1
:10C52000E7FA0123C4F8043510BD084B0022014688
:10C5300018681FF09BFE064B0022E6E7084A0948F0
:10C54000BDE81040012117F0BFBB00BFB49C002024
:10C55000B5AB0020B4AB002000700240FDFFDF014E
:10C560005EEB040080A204000146014823F0BAB843
:10C57000A811002008B5054B1970054B1B7813B1A5
:10C580000420FFF7F1FF002008BD00BFB6AB00207C
:10C59000B7AB002010B5046991F824000D4A20F0D3
:10C5A0004FF9012303FA00F01368034313600BF003
:10C5B00041FA4020FFF7D8FF4FF0FF324FF0FF3332
:10C5C00004F1840104480AF035FE0BF047FA00201C
:10C5D00010BD00BFA49C00200C1200202DE9F047E4
:10C5E000064688B007694F4A4F48032120F030F9CA
:10C5F0004E4B1E6007F1840022F097FA00220023C0
:10C60000CDE9062300246FF00703CDE90334CDE91B
:10C610000144474B474900964FF4007246480AF0E0
:10C62000EBFEDFF818814649434822F008FDD8F8B0
:10C630001C20444B134043F4820343F04003C8F8EA
:10C640001C30C1464FF02C0A88F824404146304641
:10C650001FF0E4FD3C4B3D4A054678B13C4A324868
:10C66000012120F0F5F8284608B0BDE8F087C1693F
:10C6700019401143C16108F12C08E5E70134092C88
:10C6800010D00AFB0490082C817F41F04001817793
:10C69000EDD1D9F87C112F4808402F490143C9F842
:10C6A0007C11E8E72D4C2E4BE269134043F4041350
:10C6B00043F04003E3618046A1464FF02C0A68F046
:10C6C0007F0184F82410304621461FF0A7FD1E4B41
:10C6D0001E4A05460028C1D108F10108B8F1090F2A
:10C6E00017D00AFB0890B8F1080F817F41F02001B4
:10C6F000817708D1D9F87C111648084016490143C2
:10C70000C9F87C1103E0C16919401143C1612C349F
:10C71000D5E797F8803023F0760343F0760387F867
:10C720008030A0E775EB040080A20400B49C0020D8
:10C7300019C80100F8E5002040240020449E002094
:10C740007DEB04000000BEFF0000F9FF4000060082
:10C7500086EB04000000F7FFFF010800B89C0020F2
:10C760000000DEFF10B50C46204611461FF073FD99
:10C7700094F8240020F064F80146044820F06AF898
:10C780000120FFF7F1FE002010BD00BFD49F002064
:10C7900008B5074A91F82430C2F80C3543F4807389
:10C7A000C2F80C3591F82400FFF790FD002008BD79
:10C7B0000070024010B591F824404FF0FF324FF066
:10C7C000FF3312480AF028FA2046FFF7BFFC04F0B6
:10C7D0000F02012393400E4A14F0800F14BFD2F8C9
:10C7E0001015D2F814156FEA030315BF0B400B4068
:10C7F000C2F81035C2F8143504480AF0D1F9054BD7
:10C800008022C3F80421002010BD00BF3011002099
:10C810000070024000E100E02DE9F04FB44D85B01A
:10C8200004464FF0FF384FF0FF390022CDE9008970
:10C830004FF0FF31AF4822F05CFFAE484FF0FF31C0
:10C8400022F053FF0746380733D5AB4AAB480321E4
:10C850001FF0FEFFAA4842464B460AF0DDF9EFF30F
:10C860001182202383F31288BFF36F8FA54B1B78AF
:10C870007BB1D5F8003413F400730AD10121C5F857
:10C880002C15D5F82C15D5F80014890548BFC5F826
:10C890002C3582F31188BFF36F8F99480AF080F925
:10C8A00001212046FFF714FB0022032120461FF040
:10C8B000DDFCFE060DD5944A904803211FF0C8FF09
:10C8C00000212046FFF704FB0022022120461FF032
:10C8D000CDFCB8060DD58D4A884803211FF0B8FF5E
:10C8E00000212046FFF7F4FA0022022120461FF023
:10C8F000BDFCB9075CD4FA0710D5BFF35B8F844B3E
:10C90000002253E8008F43E800210029F9D1BFF34A
:10C910005B8F0126B8F1000F40F0AB8079072FD56F
:10C92000D5F88004C0B28DF80800D5F88414C9B2D7
:10C930008DF80910D5F88834D5F88C2443EA022301
:10C940009BB2ADF80A30D5F89024D5F8946442EA49
:10C950000622ADF80C20D5F89824D5F89C6442EA5C
:10C96000062292B26B4EADF80E20002840F09A805D
:10C97000052940F0978001213170002A00F09E8047
:10C980007B067FF54EAF206984304FF0FF324FF0C9
:10C99000FF330AF00FF8604E3168002940F0CA807A
:10C9A0005E480AF011FC206984300AF075F838E717
:10C9B0005B4BBFF35B8F002253E8008F43E80021FD
:10C9C0000029F9D1BFF35B8F4FF0010BB8F1000FD5
:10C9D00091D098FAA8F3B3FA83F30F2B1E46C6BF83
:10C9E000A3F11006F6B246F080060BFA03F328EA2C
:10C9F00003083306314620461FD51FF0FAFB824656
:10CA00001FF023FC814650B9464A3C483346012179
:10CA100017F05AF931462046FFF7CCFCD6E7002143
:10CA200050461FF0F4FB0022494620461FF02AFC26
:10CA3000802E08BFC5F850B0ECE71FF0DAFB824645
:10CA40001FF003FC814650B9374A2C483346012178
:10CA500017F03AF931462046FFF7E2FCB6E75046B8
:10CA600000211FF0D4FB0022494620461FF00AFC9B
:10CA7000F0E798FAA8F3B3FA83F30F2B1946C6BF71
:10CA8000A3F11001C9B241F0800106FA03F30A06CE
:10CA900028EA0308204602D5FFF78CFC3AE7FFF7A7
:10CAA000BFFC37E7214900233370D5F8702409789B
:10CAB00091420AD11E4B00221A7013E003F07F034B
:10CAC000ADF80A30ADF80C20F4E7194901220A70DC
:10CAD00032704FF4A062ADF80820D5F87024ADF89C
:10CAE0000A20039302A920461FF0F3FB48E700BF8A
:10CAF00000700240A8110020A2EB040080A20400F4
:10CB000030110020B4AB0020B9EB0400CFEB0400DF
:10CB1000D49F0020B8AB0020A49C00200C12002061
:10CB2000D09F0020E7EB040000EC0400B6AB00202F
:10CB3000B7AB002091FAA1F7B7FA87F70F2F394664
:10CB4000C6BFA7F11001C9B241F0800120461FF015
:10CB500050FB804690F824904FF0FF324FF0FF33A7
:10CB600013480AF059F84846FFF7F0FA10480AF05F
:10CB700017F8104B8022C3F80421414620461FF0CD
:10CB800099FB002140461FF042FBBFF35B8F01235E
:10CB9000BB40094ADB4352E8000F184042E800015D
:10CBA0000029F8D1BFF35B8F326813403360F3E69E
:10CBB0003011002000E100E0D09F00204FF08053B2
:10CBC000D3F83031082B02BF024B0022C3F81C2CD3
:10CBD000704700BF007002402DE9F04105464FF05C
:10CBE000FF324FF0FF3341480AF016F8404B8022E5
:10CBF000C3F884212720E7F79DFFA8B13D4F3E4BA6
:10CC00003C681B686FF30F041C434FF00108002CB5
:10CC100037D13A4E40F2FF133B602720C6F8044557
:10CC2000E7F774FFC6F80043354A13788BB1334BEE
:10CC30000021C3F808110121C3F80026C3F8041627
:10CC40005960D3F808110029FBD00021C3F808115E
:10CC500011702A4B0024C3F80045FFF7AFFF2348AB
:10CC600009F09EFF21462846FFF7CAF9F0B1254A90
:10CC7000254801211FF0ECFD6FF004052846BDE8B2
:10CC8000F08194FAA4F6B6FA86F60F2E3346C6BFA4
:10CC9000A6F11003D8B243F08000030701D4FFF7D8
:10CCA00055FA08FA06F624EA0604B0E72846802179
:10CCB000FFF7A6F905460028D9D1144B14491E6880
:10CCC000304616F060FB10F1780F044603D1304671
:10CCD00016F035FB0446002CD0DA0E4A0A482346EB
:10CCE000012116F0F1FF2546C8E700BF30110020F2
:10CCF00000E100E0B09C0020AC9C002000700240ED
:10CD0000B1AB00201DEC040080A20400609C002058
:10CD1000509C002040EC04002DE9F04FAD4BDFF8B3
:10CD2000B8A2D3F85421AD4F87B00AB30022C3F89C
:10CD30005421D3F8042391021AD5D3F8C034002B20
:10CD400014BF4FF001224FF48072A54B9B683BB992
:10CD50009AF800001FF074FD0123834022EA0302C9
:10CD60003B6813439F4A3B60136823F00123136021
:10CD7000984BD3F8604134B10022C3F86021D3F856
:10CD80006C44C3F86C44D3F828214AB10022C3F89C
:10CD90002821954B18781FF053FD012383401C4335
:10CDA0009AF800509AF900802A0700F10B81B8F137
:10CDB000000FB4BF8D4B8E4B05F00F029200134451
:10CDC0001A684AB300221A602846FFF7A3F9894B74
:10CDD0001A7800F0010050401870FFF7EFFE864B04
:10CDE00028461A681FF02CFDC240D307064600F102
:10CDF0002381B8F1000F80F20F81882D00F00C81A3
:10CE0000784A01231168B3400B43136081238AF8E9
:10CE10000030734809F0C4FE8CB13B68714ADFF8FA
:10CE2000DC9124F001210B433B60136823EA0103EA
:10CE30001360A4B24FF00108002C40F00381654B51
:10CE4000D3F800217AB10024C3F800416C4B1C7068
:10CE50006C4A6D4803211FF0FBFC684B22461868A2
:10CE600004211FF003FA5B4BD3F858212AB30022A8
:10CE7000C3F85821D3F80044C3F80044E00505D5B1
:10CE80005F4B012208201A70FFF76EFBA10505D544
:10CE90005B4B002210201A70FFF766FB62050CD571
:10CEA000574B1A784AB100221A704A4B0122C3F834
:10CEB000082520209A65FFF757FB464BDFF838B16D
:10CEC000D3F85C31F3B1464B9B681BB99AF800303C
:10CED0005B0617D03F4B0022C3F85C21DBF8003023
:10CEE000404A23F00113CBF800303B6823F4803331
:10CEF00043F001033B601368042023F00113136027
:10CF0000FFF732FBDBF800403B681C4000F0338148
:10CF1000304BD3F82C95B9F1000F40F02C813048FC
:10CF20000022002309F078FE002840F0248114F04C
:10CF300001230CBF94FAA4F393FAA3F3B3FA83F397
:10CF40000293029B9DF808400F2BC8BF103C2B4B4F
:10CF5000CCBFE4B244F08004186821461FF049F9C0
:10CF600003901FF076F963B2049304F0080305936D
:10CF700063B2002B064680F29C80039B058ADB8C03
:10CF8000D0F80C80C3F30A039D4240F28C801D460A
:10CF9000002608F06043B3F1005F06D041461B480D
:10CFA000DFF868802A462CF06DFD002E00F0B3807B
:10CFB000029B01229A40DBF8003023EA0203CBF8FF
:10CFC0000030A8E0124B134A33EA280328BF134667
:10CFD000F6E600BF00700240B2AB0020B09C00201B
:10CFE00030110020A89C0020B3AB00200871024043
:10CFF00030710240B1AB0020AC9C0020B49C0020FA
:10D00000B4AB002057EC040080A20400649C002014
:10D01000507102402C710240634831461FF01AFCE7
:10D020000220FFF7A1FAB8F1000FFFF6E9AE013DCB
:10D03000062D7FF6E5AEE9E6002DF4D15B4B01222B
:10D04000DA64E3E694FAA4F5B5FA85F508FA05F38F
:10D0500045F080052946D9F8000024EA03041FF0B2
:10D06000C8F81FF0F6F806462846FFF753F80146C1
:10D0700006F10C0017F082F9338A002B7FF4DCAE46
:10D0800030461FF0EAF818B130461FF0EAF8D3E650
:10D0900028461FF0D5FB014643481FF0DBFB02206A
:10D0A000FFF762FAC8E61FF0D8F880F00106F6B282
:10D0B0006FE704F008023D4B002A5FD0D3F8C0347C
:10D0C00013F4803F08BF9946328AF368758A03EBF0
:10D0D0000208AD1A72699B1AED1A4D4553D2344AB3
:10D0E000344800954B46012116F0F8FD294606F11B
:10D0F0000C0017F00AF9039BDB8CC3F30A034B45C2
:10D100007FF456AFF2687169738A521A9B1A328A99
:10D1100093423FF44DAF4FF080530121D3F83031AB
:10D12000082B02BF214B8222C3F81C2C029B3A68B9
:10D130008AF8004001FA03F322EA03023A6004F09D
:10D1400008021A4B0ABB049A04F00F04002A4FF09D
:10D15000140202FB0432A9BF0A3403EB8403C2F8B1
:10D160000087C2F80457AFBF43F82410C2F8008606
:10D17000C2F80456596007B0BDE8F08F04F5947208
:10D1800053F82290A0E74D46B0E7049A002AB5BFB5
:10D19000C3F8A086C3F8A087C3F8A456C3F8A45761
:10D1A000B4BF59629964E6E7D09F00200070024046
:10D1B0005DEC040080A2040010B5EFF3118420237D
:10D1C00083F31288BFF36F8F164B1B7803F0FF02B7
:10D1D000CBB11549D1F82C3513B30023C1F82C3548
:10D1E0004FF08053D3F83031082B0CD10F4BD3F8CC
:10D1F000000CC02188B949F27530C3F8000CC3F89F
:10D20000141CC3F8000C84F31188BFF36F8F002A3D
:10D210000CBF6FF00A00002010BDC3F8141CF2E729
:10D220001A46F0E7B4AB00200070024000E0064070
:10D2300073B500220092114640230446FEF794FE87
:10D24000024648B1604A614801211FF001FB6FF0BE
:10D250000404204602B070BD009040232046802187
:10D26000FEF782FE04460028ECD15949594B48602C
:10D27000C860012618688E6016F016F8051E07DAD9
:10D28000554A52482B46314616F01EFD2C46E0E723
:10D29000EFF31185202383F31288BFF36F8F4F4B79
:10D2A0004FF40062C3F800241FF0BCFA08B1FEF787
:10D2B00099FF4FF08053D3F83031082B18D1EFF39A
:10D2C0001180202383F31288BFF36F8F444BD3F870
:10D2D000001CC022002970D149F27531C3F8001C2E
:10D2E000C3F8142CC3F8001C80F31188BFF36F8FB0
:10D2F0003A4B0122C3F80025D3F800241205FBD5D0
:10D300004FF40062C3F800244FF08053D3F830315B
:10D31000082B17D1EFF31180202383F31288BFF37A
:10D320006F8F2F4BD3F8001C002949D149F2753279
:10D33000C3F8002CC3F8141CC3F8002C80F3118828
:10D34000BFF36F8F1FF06EFA30B1FEF769FF1FF069
:10D3500069FA08B1FEF746FF4FF08053D3F8303139
:10D36000082B1E4B0AD140F2E372C3F8002840227A
:10D37000C3F80428BFF36F8FBFF34F8F8022C3F829
:10D380001C250122C3F83025164B40F2FF121A600B
:10D39000154B00211960154B1960154B1970FFF7DB
:10D3A0000DFC144B19701FF03DFA08B1FEF738FF61
:10D3B00085F31188BFF36F8F4BE7C3F8142C93E705
:10D3C0000022C3F8142CB9E77CEC040080A204000E
:10D3D000509C0020609C00209EEC040000700240E5
:10D3E00000E00640B09C0020AC9C0020A89C0020DF
:10D3F000B1AB0020B3AB0020142870B503460C4637
:10D4000012D80B4A12F81010D4E9000502EB4302BF
:10D41000A0FB01065278002301FB0561E2F770FED4
:10D42000C4E90001002070BD6FF01500FBE700BFEC
:10D43000C6F9040008B507F0A1FD034668B1074826
:10D44000074A012116F040FC06486FF004034363CD
:10D45000BDE808401C301FF039BA08BD38A10400EF
:10D46000DCEC040060020020044B93F84A3013B156
:10D47000034807F03BBEFFF7DDBF00BF600200209E
:10D4800039D50100094BBFF35B8F53E8002F511CC6
:10D4900043E800100028F8D1BFF35B8F0AB9FFF70B
:10D4A000E3BF6FF00F025A63704700BF60020020B5
:10D4B00080B500AF88B06A46094BCDE905304FF41E
:10D4C0000073ADF81C30074B42F8103F06480023AC
:10D4D0004FF4E251E6F764FA6FF00400BD4680BDF8
:10D4E000F6EC04000300000138A1040038B50F4930
:10D4F000002205460E4821F05FFF002007F02AFCBD
:10D50000044630B12868FFF7D3FF6FF004042046CB
:10D5100038BD02460121072016F014FE0548C368F5
:10D52000002BF4D104301FF0D1F9F0E785D40100CD
:10D53000D002002060020020F8B50378002B40F0F4
:10D540009A80574CE36B94F860701F42254607D1D0
:10D55000A36B002B3FD15348BDE8F8401FF0B6B98C
:10D5600094F8A810A26E94F86160A1B90121DBB211
:10D570000B420BD00F4208D016EA010CB2F90000A2
:10D5800024D000EBD070401010800232490089B2E4
:10D59000B942EDD9DCE73340018915D002EB4101F6
:10D5A0009142D5D0B2F9003003EBD3735B1022F86F
:10D5B000023BF5E732F91360002EB8BF22F81300E2
:10D5C00001338B42F6DBC3E71846FAE70028B8BF01
:10D5D000A2F800C0D9E7236D43B1B4F85C2032490A
:10D5E0003248984701280BD0022837D0B4F85C3075
:10D5F000B4F858209A4231D90133A4F85C300020A5
:10D6000094F8A830B3B994F8621018B9A36E03EB7C
:10D610004103A366A06E07F071FC034650B1244895
:10D62000244A012116F050FB6FF004031D48636388
:10D630001FF04CF9E36C1BB9BDE8F840FFF714BFCD
:10D64000BFF35B8F55E8003F5A1E45E800210029D3
:10D65000F8D1BFF35B8F012BEEDCF8BDE36C002B40
:10D660003FF479AF94F8A830002B7FF474AF1248E0
:10D670000AF000FD6FE7022B0FD107F07FFC034695
:10D680000028EAD00A480D4A012116F01DFB044883
:10D690006FF0040343631C305EE7052BDDD15AE7CE
:10D6A000600200207C020020980200204C9E0400B2
:10D6B00038A1040016ED0400D0020020DCEC0400C8
:10D6C0002DE9FF410F464FF0FF3380484FF0FF3206
:10D6D00009F0A2FA7E68731EFE2B05D97C4A7D48AC
:10D6E000012116F0E8FA10E00024254626FA04F39A
:10D6F000DA0715D507F076FBE040C3070ED4764A6B
:10D7000023467448012116F0DFFA6FF015046F48C4
:10D710001FF0DCF8204604B0BDE8F0810135EDB221
:10D720000134082CE2D10DB96C4AD8E73B7CA3F157
:10D730000802062A0FD8DFE802F0100E120E040EBF
:10D740000C000221012D7A7C0BD0002A46D0644ABD
:10D75000C5E70321F6E7634AD3E70021F2E7012199
:10D76000F0E7082A06D8DFE802F0080808080808E9
:10D770000808080013465C4AC3E73B6873B35C685B
:10D7800064BB186801387F2828D88DF808208DF8E8
:10D7900009401B68554A1B01013BADF80A300123C3
:10D7A00082F8A8308DF80C3002AA514B304607F0B1
:10D7B00055FB04460028AAD13B686A0013B19B8937
:10D7C00003FB0222FB68934211D2424800920121DE
:10D7D000484A16F083FA6FF00B0498E7434B002099
:10D7E00083F8A800424B304607F002FBE1E73F4ECA
:10D7F00086F8625096F8A830B868B066B04673B143
:10D800003B689D890135A9B207F078FB044640B119
:10D81000394A034601212F4816F056FA77E7294680
:10D82000F2E7BC46BCE80F00344D0FC5DCF8003011
:10D830002B6074633B68002B45D00FCB2F1D87E80E
:10D840000F00F36CB763A6F85C40002B3BD0BFF32E
:10D850005B8F58E8003F48E80042002AF9D1BFF347
:10D860005B8F96F8A810E1B9F46C2548254A4FF46F
:10D8700000470023E4FB0701E2F792FC0022CDE918
:10D880000001002305F128000AF0CEFB1E484FF0EE
:10D89000FF324FF0FF3309F0BFF900B17063746BD2
:10D8A00035E707F06BFB03460028EFD0174A09481D
:10D8B000012116F009FA6FF00403A5F12C0073633F
:10D8C0001FF004F8E2E7FFF7CFFDDFE76402002076
:10D8D0002FED040038A104004DED040067ED0400B5
:10D8E000A2ED04007DED0400D4ED040060020020F0
:10D8F00039D50100F7ED040016ED04009802002070
:10D900003F420F0040420F007C020020DCEC04008C
:10D9100030B587B000230393CDF80F304B798DF8E5
:10D9200013300B7913F020050C4615D08A797F2A25
:10D9300008BFFF228DF81420C3F3040203F01F0375
:10D94000072B8DF8152009D95A4A5B48012116F09A
:10D95000BBF96FF015059DE0FF22EBE722780C2A5A
:10D960001ED8DFE802F00A07111D131D151D1D1733
:10D97000191D1B0001228DF80E206278032A15D094
:10D98000042A16D04D4A0CE00222F4E70322F2E703
:10D990000422F0E70522EEE70622ECE70722EAE799
:10D9A000474A4548012116F086F9D2E701228DF851
:10D9B0000F20628844F20A018A4227D843F6FE719A
:10D9C0008A4203D8002A4BD03E4AEAE7A2F57F52AA
:10D9D0003F3A0B2AF8D801A151F822F069DA010088
:10D9E000C9D90100C9D90100C9D901002FDA010044
:10D9F000C9D9010029DA0100C9D90100C9D901003A
:10DA0000C9D90100C9D9010061DA010044F2140149
:10DA10008A4227D044F228018A4225D044F20F01DD
:10DA20008A42D1D1032200E001228DF8102026493C
:10DA3000012000FA03F391F86020DBB26DB3A57901
:10DA40007F2D13D1134381F86030237991F8612041
:10DA500003F01F0300FA03F3134381F861300BE076
:10DA60000222E2E70422E0E70522DEE722EA0302DF
:10DA70008DF8110081F8602003A820F0EAFC05462B
:10DA800040B1237903F01F03104A009001210A4896
:10DA900016F024F9284607B030BD134381F86030F2
:10DAA000237991F8612003F01F0300FA03F322EABF
:10DAB0000303D2E71CEE040038A1040052EE040078
:10DAC00033EE040076EE040060020020A1EE0400B4
:10DAD00070B50D460649411A0446491105484022D1
:10DAE0001EF0FFFE2B4601462046BDE87040184759
:10DAF000EC9F00206C9D040037B50C460A490B4A88
:10DB0000411A4023009349110546234608481EF058
:10DB100014FF014628B12846234603B0BDE8304033
:10DB2000184703B030BD00BFEC9F0020A7C9030019
:10DB30006C9D04000022F8B501210546104616F040
:10DB400001FB104806F0D4FB0446B8B906F0F0FB20
:10DB50002F690D49384615F094FB031E09DB012699
:10DB6000BE642D69084905F1200015F08AFB031EEB
:10DB700002DA1C462046F8BD6E65FBE76FF0040430
:10DB8000F8E700BFBDDC0100D0AD040010B50022F5
:10DB900086B00123CDE9022304ABCDE904336C4602
:10DBA000074A6B46CDE900441EF0F6FE28B94FF453
:10DBB00080420023684609F02FF806B010BD00BF70
:10DBC000B3C9030010B5EFF31184202383F3128847
:10DBD000BFF36F8F074A136823F00201DB07116060
:10DBE00002D4012020F0D2F884F31188BFF36F8FA4
:10DBF00010BD00BF44A0002030B4104B0C2202FB2B
:10DC0000003301460020D3E910521864EFF311806D
:10DC1000202484F31288BFF36F8F9C6C04F0C0043F
:10DC200044F002049C6480F31188BFF36F8F1DB130
:10DC30002B46034830BC184730BC7047EC9F00208F
:10DC40006C9D040010B4EFF31180202282F312883F
:10DC5000BFF36F8F17490B6843F0020413F0010301
:10DC60000C601AD04FF08043D3F80C14D3F80C3466
:10DC700013F0010311D0EFF3118182F31288BFF387
:10DC80006F8F0D4A936C03F0C00343F0020393645B
:10DC900081F31188BFF36F8F012380F31188BFF3E5
:10DCA0006F8F1BB110BC0020FFF7A6BF10BC012076
:10DCB00020F064B844A00020EC9F002010B101289F
:10DCC00004D07047034B9B6C5B0701D1FFF794BFF7
:10DCD000704700BFEC9F0020024BC0B203EB401026
:10DCE000704700BFEC9F0020094BBFF35B8F53E8E8
:10DCF000002F42F0010143E800100028F7D1BFF3E4
:10DD00005B8F930702D4012020F038B8704700BF22
:10DD100044A0002010B5EFF31184202383F3128870
:10DD2000BFF36F8F074A136823F001019B0711604F
:10DD300002D4012020F02AF884F31188BFF36F8FFA
:10DD400010BD00BF44A00020F8B52A49BFF35B8F87
:10DD50000546012251E8003F41E800200028F9D1A2
:10DD6000BFF35B8F33B9244924484B60CB608A6092
:10DD700015F09AFA6B1E012B3BD8012D07D14FF0FD
:10DD80008043D3F81C3403F00303012B31D021F07E
:10DD900050F9A0B91A4B1E784FF080440223C4F802
:10DDA00008330127D4F81824D4F81834D20308D43F
:10DDB000002EF7D00021212021F043FAF2E70026BF
:10DDC000EAE703F00303012B0ED0D4F818354BB962
:10DDD000D4F8042132B1C4F80431D4F80431C4F8C1
:10DDE0001875A760012DE3D14FF080430222C3F8DC
:10DDF0000423F8BDE89F0020D89F00200CA000203D
:10DE00004FBB002008B5074820F093FD38B1064805
:10DE1000E7F700F90448E4F7C7FE002008BD6FF0FB
:10DE20001200FBE7C09D04002DDE01000A2838B572
:10DE3000074D044604D1AB680D215B68284698471E
:10DE4000AB6803485B68E1B29847204638BD00BF25
:10DE5000C09D0400EFF31182202383F31288BFF3E7
:10DE60006F8F0A4BD3F8001161B10021D3F8080578
:10DE7000C3F80011D3F80031C0B282F31188BFF3A8
:10DE80006F8F70476FF00A00F7E700BF00D00040C7
:10DE9000F0B503468478C678EFF3118E202080F326
:10DEA0001288BFF36F8F1D7893F801C0641B344054
:10DEB000A24288BFA2B2AF18374028461F708EF327
:10DEC0001188BFF36F8F8F188F4218D165450CD121
:10DED000EFF31181202080F31288BFF36F8F187841
:10DEE000587081F31188BFF36F8F1B79A41AA34276
:10DEF00028BF074B90B224BF01221A60F0BD03EB8C
:10DF0000000E01309EF805E001F801EB3040DBE740
:10DF100000D00040DB432DE9F04713F001050F4628
:10DF2000144604D02448FFF7B3FFBDE8F087B2B32E
:10DF3000EFF31186202383F31288BFF36F8F0D2038
:10DF4000E6F7F8FD80460D20E6F7E0FD86F3118840
:10DF5000BFF36F8FDFF864A0194ECAF80051DAF8EA
:10DF600000314FF400590123CAF800302546C6F8A5
:10DF70008091DAF80031A3B1FFF76CFF031EA4BF54
:10DF800005F1FF35ADB2C6F88091A8BF7B55002DD5
:10DF9000EFD1B8F1000F02D00D20E6F7A9FD204621
:10DFA000C3E7EFF31180202383F31288BFF36F8F51
:10DFB00016F0FFF8DDE700BF78A0002000D0004099
:10DFC00000E100E070B50D4614460CB9204670BD66
:10DFD0004FF0FF334FF0FF320C4808F01DFE224691
:10DFE00029460B48FFF754FF0646084808F0D8FDBD
:10DFF0003EB94FF0FF324FF0FF33064808F00CFEF9
:10E00000E6E7A41BA4B23544DFE700BF48A0002028
:10E010008DA0002060A0002038B5012211461848CC
:10E0200020F0A9FE164D0122002105F1180020F074
:10E03000A2FE40F20743A5F848304FF070632B630F
:10E040000C2385F8343000240E4B85F84540A5F8A4
:10E050004640D3F8042542F00102C3F8042501210B
:10E06000C3F80041D3F80021C3F804132246196015
:10E070000D2016F067F80D20E6F73AFD204638BD72
:10E0800048A0002000D0004010B5FFF7E3FE0028B4
:10E0900020DB174B93F8322093F8314093F833107C
:10E0A000141B31EA0404C0B20DD193F8472093F851
:10E0B000464093F84810141B31EA04040BD10D4B71
:10E0C00001225A600EE09C180132114084F835009C
:10E0D00083F8321010BD9C180132114084F84A00B8
:10E0E00083F847100448BDE8104008F059BD00BF50
:10E0F00048A0002000D0004060A00020024B0B6030
:10E1000001231360704700BF9CA0002000487047A7
:10E11000F4AD040007B50346054A00910548012106
:10E1200015F0DCFD6FF0150003B05DF804FB00BFD7
:10E1300016EF0400D0A1040010B5012211460748D3
:10E14000074C20F018FEF6F7F9FE20F035F92060B4
:10E1500020F02EF96060002010BD00BFA4A00020B8
:10E160009CA000204FF08042D2F81015D2F8103554
:10E1700001F01E0123F01F030B4343F00103C2F81B
:10E180001035024B00221A70704700BFB9AB002057
:10E190004FF08053D3F83031082B20D14FF080421C
:10E1A000D2F81015CB071AD5D2F8103501F01E01A0
:10E1B00023F01F030B43C2F81035D2F808315BB1CE
:10E1C000D2F8103523F01F030B4343F00103C2F8CC
:10E1D00010356FF08B007047024B01221A7000203F
:10E1E000704700BFB9AB0020F8B5044620F0E0F856
:10E1F000637B05460BB1F6F7B7FE134F0026FFF71A
:10E20000C7FFE8B9606806F02FFBA3685B1BA3603B
:10E2100063682B4463603B780BB1FFF7A3FF637B1C
:10E2200001363BB9A368002BE9D1A068003818BFBC
:10E230000120F8BD3046E3F7D3F90028F2D0F4E727
:10E240006FF08B00F5E700BFB9AB002070B5437BE2
:10E2500004460BB1F6F788FE194E0125A368032B7F
:10E2600006D8184AD2F80034DB07FBD5002070BD71
:10E27000FFF78EFF08BB23686068196806F010FB83
:10E2800033780BB1FFF76EFF636804336360236874
:10E2900004332360A368043BA360637B0135002B38
:10E2A000DCD02846E3F79CF90028D7D0054AD2F8FD
:10E2B0000034D907FBD50120D9E76FF08B00D6E7F2
:10E2C000B9AB002000E00140F0B589B00E4615461C
:10E2D00020F06EF82946074630461EF0DBFB60B39F
:10E2E000B6FBF7F307FB136323B9B5FBF7F407FBA2
:10E2F00014545CB11F4A009533461F48012115F0A4
:10E30000EDFC6FF01504204609B0F0BDBD42FAD314
:10E310004FF0FF334FF0FF32184808F07DFCF6F75E
:10E320001FFE04AB014660B9102218462BF0D1FB4A
:10E33000CDE90565FFF758FF16E0114A0095334611
:10E34000DBE71022214618462BF0C3FB01228DF893
:10E350001D200C4ACDE902200B48CDE90565F6F7F2
:10E36000F7FD02A8E3F79CF80446044808F018FCFF
:10E37000C9E700BF33EF0400D0A10400A4A000202F
:10E3800016EF0400E9E10100645E010070B50D467E
:10E3900088B01946284616461C461EF07BFB58B925
:10E3A0001E4A00942B461E48012115F097FC6FF081
:10E3B0001504204608B070BD45EA04039B0703D04E
:10E3C000184A00942B46EEE7002CF2D04FF0FF33B2
:10E3D0004FF0FF32144808F01FFCF6F7C1FD03466A
:10E3E00004A8A3B14FF480730793104B0694CDE9B2
:10E3F000023041F64C50CDE90465F6F7A9FD02A8BC
:10E40000E3F74EF80446084808F0CAFBD1E7CDE927
:10E41000046507930694FFF719FFF3E716EF04006E
:10E42000D0A1040052EF0400A4A000204DE201009E
:10E430000048704748AE04002DE9F74F4368B1F13A
:10E440000008D3F820900646174675DB08EB020358
:10E450004B4571D848EA0204C4F30B04002C6BD17D
:10E4600000691EF069FB214630461EF07EFB4FF02E
:10E47000FF3B002F55D0002C53D1CDE9004423465B
:10E480008022062130461EF089FB0446002848D130
:10E49000B94513D1CDE9000003468022C72130469B
:10E4A0001EF07CFB00270446002C3AD140F2676244
:10E4B000002330461EF0D3FB0446DAE7204D8246A7
:10E4C0006B7883B10BFA03F238EA02020BD1012216
:10E4D0009A40BA4207D8BAF1000F1ED09AF801202C
:10E4E0009A4238BFAA460134042C05F10205E7D14F
:10E4F000BAF1000F13D000239AF800108122CDE961
:10E500000033304643461EF049FB9AF801200123B0
:10E51000934004469844FF1AC6E7AA46E3E76FF023
:10E520001504304601211EF020FB30691EF002FB6D
:10E53000204603B0BDE8F08F6FF01504F8E700BF88
:10E54000F0F904002DE9F04385B0044602AF0069FC
:10E550004FF0FF32012120F00EFC636893F84A204F
:10E56000550618D5586B20F0E4F958B9AA4AAB48BB
:10E57000012115F0A0FB6FF0120528460C37BD46AF
:10E58000BDE8F08360684FF4D01134301EF0ABFA70
:10E5900008B1A34AEBE7636893F94A20002A0EDA30
:10E5A000D86B20F0C6F908B99E4AE0E760684FF4DE
:10E5B000B0113C301EF097FA08B19B4AD7E7666865
:10E5C000306820F0B6F90028D5D0337E83B92069B1
:10E5D0001EF0B2FA20461EF0E2FB031E0EDA934A4A
:10E5E0008E48012115F070FB20691EF0A3FAC2E7E6
:10E5F000F06820F09EF90028E9D1BCE720461EF023
:10E600001DFB051E0CDDE8070AD5894A8348022157
:10E6100015F051FB0022002320461EF020FB05468A
:10E6200020691EF087FA002D06DA824A2B467B48C5
:10E63000012115F049FB9EE720691EF07DFA4FF09D
:10E640000309002307F10408CDF80490CDF80080F9
:10E650001A469F2120461EF0A1FA054620691EF0A9
:10E6600069FA15B1744A2B46E1E740464A4606F17D
:10E670002C012BF046FA804618B36C468CB097F804
:10E68000048097F805E097F806C096F82C0096F8F5
:10E690002D1096F82E3002AA684ED3620823C2E9E4
:10E6A0000568C2E907ECC2E9090142F8103F5B487E
:10E6B0002B4644F24001E5F773F96FF01505A546C6
:10E6C0005BE796F8303073B320691EF035FA2046C8
:10E6D0001EF0B4FA051E1FDD96F8303025EA03055A
:10E6E000FD704346CDE900888022062120461EF0B9
:10E6F00055FA054680B90121FB1C009301910346A0
:10E70000802220461EF04AFA054628B9002200233E
:10E7100020461EF0A4FA054620691EF00BFA15B13A
:10E72000474A2B4683E796F82F50002D39D0FF2D0E
:10E7300037D015F00B0F31D020691EF0FDF915F020
:10E74000080312D001238022FA700193FB1C00936E
:10E750001721002320461EF021FA0546B8B9226988
:10E76000137F43F00103137711E0A90705D40023B9
:10E77000CDE900338022B721ECE7CDE900338022D8
:10E78000062120461EF00AFA05460028EFD020692F
:10E790001EF0D0F92DB12B4A2B4648E76FF08505C6
:10E7A000F9E720691EF0C8F9636893F84A309A07C0
:10E7B0001BD50023CDE900338022B92120461EF06D
:10E7C000EDF9054690B9636893F84A309B070CD57C
:10E7D000256920F0A9FD4FF47A72A0FB020302FB29
:10E7E0000131C00B40EA4140A861002520691EF0BC
:10E7F000A1F9002D03DA15F1860F7FF4BEAE206972
:10E800001EF09AF920461EF0CAFA054620691EF04D
:10E8100091F905EAE575B0E694EF040050A2040012
:10E82000B0EF0400D7EF0400EAEF04000AF00400A0
:10E8300022F004003FF0040068F0040081F00400BE
:10E84000BFF00400D4F004002DE9F043476840F223
:10E850000636D0063B7C87B002EA060654BFC2F3F8
:10E86000401C4FF0030C01F01F05B6F5837F1446E2
:10E8700045EA43158DF803C044D00DD8062E16D0B6
:10E8800005D8A6B1022E3FD06FF0150037E0B6F5DF
:10E89000807FF9D101260AE040F20222964235D06B
:10E8A000B6F5407F34D0B6F5007FEDD102262203C5
:10E8B00030D57A6801238B40C2F80835B868A0BB10
:10E8C00005F01F036D092DD0012D77D13E4A02EBD3
:10E8D0008302C4F30043D2F8001783F00103C4F3AA
:10E8E000404444EA430421F4E16144EA8C0421F009
:10E8F000070144EA06230B43C2F80037002007B0A3
:10E90000BDE8F0830726D2E70426D0E70526CEE748
:10E910000326CCE7630341BF01237A688B40C2F82A
:10E920000C35CBE74FF0A042D1E70DF102022946AA
:10E930001FF0ACFC14F4403F80460CD1B868294667
:10E940001FF0D9FCB8F1000FD8D19DF80210B868BB
:10E9500005F086FED2E74FF0000901ABCDE9019941
:10E96000CDE90439CDF80C90B86803AA29461FF008
:10E9700062FB4845C2DB14F4003314D0C4F30044F6
:10E980009DF803308DF80E3084F001048DF80C6092
:10E990008DF80D40B8684B4603AA29461FF0FEFBD0
:10E9A0000028CFDAAAE7CDE904330DF1030303937E
:10E9B000B86803AA29461FF03EFBF1E703F5E073B0
:10E9C00050F82330FFDE00BF00030050420970B54D
:10E9D000034602D0012A17D070BD0D4E326951682E
:10E9E0000029F9D003F01F0301250C689D40002980
:10E9F000F2D08A682A4002D04B68304698472CB142
:10EA0000236821461C46F2E7024EE7E72346F8E773
:10EA1000A49D0400889D040038B54568A86890B19D
:10EA20001FF063FC014670B9A8681FF042FC044661
:10EA300058B902460649A8681FF025FC2246052160
:10EA4000062015F07FFB002038BD6FF00400FBE7C7
:10EA5000CDE90100F0B544681646A068227C01F0BB
:10EA60001F0587B045EA421500286DD0B6F5001F96
:10EA700004D129461FF092FC002056E06268607CB9
:10EA8000C2F8240501AA0020B6F5800F019050605D
:10EA900037D1B3F1007F14BF052304238DF8043070
:10EAA0000023CDE904230393E36823FA01F111F075
:10EAB00001010DF103073AD1B6F1A07F37D105F07E
:10EAC0001F036A0903F5E07326D0012A3FD1214ACA
:10EAD00052F82330DB072AD4A0683A4629461FF0B3
:10EAE000D5FB16301BD00297A06803AA29461FF059
:10EAF000A2FA002819DBA068012229461FF0FDFBBD
:10EB0000BAE7B3F1C06F05D0B3F1007F14BF0123A2
:10EB10000223C3E70323C1E74FF0A042D8E7A06870
:10EB2000394605F0A3FD0028DDDA07B0F0BDA06886
:10EB30003A4629461FF0AAFB0028D5D19DF80310BC
:10EB4000A06805F08DFDCFE76FF08500EDE751F887
:10EB50002330FFDE00030050014BB3F898067047E6
:10EB6000C8240020024B002083F89C16704700BF89
:10EB7000C824002038B50B4DD5F8904664B94FF441
:10EB80007A704843C5F890261EF00FFD38B9C5F8D5
:10EB900090066FF00F0038BD6FF07700FBE720465E
:10EBA000F9E700BFC824002021B1012906D06FF089
:10EBB000010070470123136000207047004BFAE703
:10EBC000B8AE0400F0B5144687B00C290ED8DFE8C3
:10EBD00001F007182F33370D0D0D0D0D0D3CA10061
:10EBE000137843B1507820B1012802D06FF015009E
:10EBF00005E01EF0F7FC20781EF004FD002007B0B1
:10EC0000F0BD53791179106833B11EF0FDFC002876
:10EC1000F4D16FF00B00F2E730B11EF0FEFC0028DB
:10EC2000ECD16FF00100EAE708461EF0F9FCE5E7D9
:10EC300010781EF0D5FCE1E710781EF0CDFCDDE782
:10EC40003B4B1268C3F89426D8E7937A43B101216D
:10EC500000201EF0D5FC012108461EF0D1FCCDE7B6
:10EC600017894FF6FF739F4236D05368A3B3ADF8B0
:10EC7000087003F1080204A912F8010D01F8010B54
:10EC80009A42F9D1256815B12E7873060ED14FF648
:10EC9000FE739F4204D00122002102A81EF0AEFCA8
:10ECA0000122114604A81EF0A9FCA7E76B78C6F361
:10ECB000C012C3F3060342EA43021E4B03A918889D
:10ECC0009B78ADF80C0012F0FF028B7007D1032285
:10ECD000A81C2AF016FF20B16FF085008FE71A2AD2
:10ECE000FAD14FF6FE739F4209D0012206F07F034E
:10ECF000009202332A46002102A81EF075FC226809
:10ED00001378012103F07F030091023304A81EF061
:10ED10006BFC73E710781EF061FC2378044A82F8DC
:10ED20009D36002B7FF46AAF1EF02AFC66E700BF19
:10ED3000C824002026F10400024B186808B10368BB
:10ED400018687047C824002070B5054688B046682A
:10ED5000046904F56E701FF065FF0122002104F5BF
:10ED6000BB6020F008F80122002104F2BC5020F022
:10ED700002F801F05BFC1EF056FC82B2D3011101D7
:10ED800001F4016103F4807312020B4302F4806208
:10ED9000134343F49553164A43F00F03A2F89836F1
:10EDA000012384F89D3633682846984704F54C764D
:10EDB00000220023CDE9062300256FF00D03CDE9E5
:10EDC0000335CDE901550B4B00944FF4487204F123
:10EDD0001001304608F010FB0749304620F02FF9AB
:10EDE000064A0748032114F066FF284608B070BDA4
:10EDF000C824002041F001002AF1040032F104008F
:10EE0000E0A104002DE9FF471F461B7C04697D2B10
:10EE10000E468046F96815460AD96A4A6A480121B1
:10EE200014F052FF6FF07905284604B0BDE8F08772
:10EE30009A1C84F8F02504F2F1501A462AF022FEBA
:10EE400004F5BB69484607F00DFF012E2AD80023C0
:10EE5000ADF80D308DF80F3006F0010695F84F3003
:10EE60008DF80A60594EC3F34002C3F380038DF856
:10EE7000093002A996F89C368DF808204FF0010A57
:10EE800004F5BE608DF80BA08DF80C3001F0FAFB94
:10EE9000014680B14E4A4C48514614F00CFF6FF0C9
:10EEA0000405C1E74B4A48483346012114F00CFFE2
:10EEB0006FF08505B8E7D6F8943613B13A46404668
:10EEC00098474FF0FF324FF0FF33484607F0A4FE5B
:10EED00094F89A2695F84F3062F3410385F84F3045
:10EEE00094F89B26DBB262F3820385F84F3094F8E6
:10EEF0007036052BD3D801A252F823F01BEF010086
:10EF0000BFEF0100B9EF010015EF01009FEE010016
:10EF1000B9EF01006FF0680586E7D4F87C56002D44
:10EF200082D02D78206800220023CDE90023002321
:10EF30001A462946FBF70EFB064670B9264A2248B8
:10EF4000012114F0B8FE6FF00B05D4F87C061EF01A
:10EF500033FB0023C4F87C3666E7D4F87C162A46D7
:10EF600001311AF0CAFD00280ADA1C4A16480121AC
:10EF700014F0A1FE6FF00B0530461AF064FBE4E7D5
:10EF800094F8883686F84D3094F98936AE339BB2C2
:10EF9000FE2B28BFFE23304686F84E301AF016FCB2
:10EFA0002068314606F08EFD20B10D4A0648032147
:10EFB00014F081FE0025DFE76FF0220534E76FF0E3
:10EFC0000F0531E750F10400E0A10400C82400203F
:10EFD0007FF1040066F1040091F10400ABF104003C
:10EFE000C8F1040008B5044A0448012114F063FE86
:10EFF0006FF0040008BD00BFECF10400E0A10400C4
:10F0000008B5074B93F99C061EF0ADFA1EF0C0FA46
:10F0100020B9FFF7E7FF6FF0040008BD0020FCE710
:10F02000C824002008B5044A0448012114F043FE16
:10F030006FF0040008BD00BF0AF20400E0A1040064
:10F040002DE9F04782B0064602AF4FF0FF384FF08F
:10F05000FF394FF0FF334FF0FF3206F56E7007F0C7
:10F060006BFD436893F800A0BAF1800F04462AD9DB
:10F07000334ACDF800A033488023012114F02EFE3E
:10F080006D4688B002AA304B5361304B93614FF408
:10F09000007393832E4B42F8103F63681978013157
:10F0A000090541F4E2512748E4F77AFCAD46002512
:10F0B0000023606863601EF07FFA002DC9D02846E7
:10F0C0001AF0C1FAC5E700231A4651463068CDE967
:10F0D0000089FBF73FFA61685246013105461AF094
:10F0E0000CFD82460028E3D1237C85F84D3094F94D
:10F0F0001130AE339BB2FE2B28BFFE2385F84E3075
:10F10000A27C95F84F3062F3000385F84F30E27C23
:10F11000DBB262F3C30385F84F303068294617F03D
:10F120002DFF002805DA0B4A0648012114F0C3FD23
:10F13000BEE76068C4F804A01EF03EFA89E700BF8D
:10F1400025F20400E0A1040027DB040059F20400CA
:10F150000300000167F2040070B4114D00232C4637
:10F16000D5F8DC6336B10133142B05F11805F7D15E
:10F1700070BC704718256B43E51803F5767385F866
:10F18000E823B4F8B825C5F8DC0385F8E913A5F839
:10F19000EA23A4F8B865E118024870BC1FF082BDEC
:10F1A000C82400208028002007B50246FFF7C4FDD0
:10F1B000531E072B18D8DFE803F01904151717178B
:10F1C000171901238DF80730094B0022A3F8B82541
:10F1D000D3F894361BB10DF107020121984703B013
:10F1E0005DF804FB0223EDE70523EBE70023E9E7E5
:10F1F000C82400204378054AC3F3001382F8B835C9
:10F200004378C3F3C00382F8B9357047C82400209F
:10F210000B4B002283F870260A7883F89A264A78E6
:10F2200083F89B268A68C3F87C2632B191F90D20B9
:10F2300083F889268A7B83F88826024807F0B0BCC9
:10F24000C8240020A02A0020064880F870161378F1
:10F2500080F89A36537880F89B3600F5BB6007F04B
:10F260009FBC00BFC8240020034B83F8D40503F2E1
:10F27000BC5007F095BC00BFC82400200348002301
:10F2800080F8D43500F2BC5007F08ABCC8240020B6
:10F2900010B5084BD3F89046024654B10021C3F88C
:10F2A0009016FFF749FD234692F90010BDE8104083
:10F2B000184710BDC824002010B5074BD3F890267E
:10F2C0004AB10021C3F89016FFF736FD47F6FF71EB
:10F2D000BDE81040104710BDC8240020036803F0AB
:10F2E0001F025B09026004D0012B034818BF0020F5
:10F2F00070474FF0A0407047000300502DE9F04FD9
:10F3000000EB8108464985B01646824640F2FF1957
:10F31000D04503D1002005B0BDE8F08FDAF8003009
:10F32000C3F3C72B1BF0080BC3F3C320C3F30804BC
:10F330006FD13C4A1B0E155C4C4508BF4FF0FF34A3
:10F340000C2B69D8DFE803F007171D5920555968C1
:10F350006868685C6200C6F80C45621C46D003A869
:10F360000394FFF7BBFF039B012707FA03F3C0F8E1
:10F370000835384618E0C6F81445631C36D0002717
:10F38000F7E7C6F80845E8E7C6F808450027601C17
:10F390002CD003A80394FFF7A1FF039B8446012010
:10F3A00000FA03F3CCF80C35DAF80030019303F4DB
:10F3B000004CBCF1000F08BF834603A818BF01270B
:10F3C0000394FFF78BFF039C019B00EB8400C3F3C6
:10F3D000412CD0F800472B0243EA8C0343EA0B038D
:10F3E0000C40234343EA4703C0F800370AF1040AFC
:10F3F0008EE7C6F80C450127C9E7C6F81045BCE7FB
:10F40000C6F80845002DB8D10625B6E7C6F80C4564
:10F41000F8E76FF015007EE76FF085007BE700BF2F
:10F42000F0F8FCFFF8F90400014B01221A60704764
:10F4300000C000400C2903690BD1DB6A064907486C
:10F440004B4393FBF0F100FB11331160536000203C
:10F4500070476FF08500704790D0030040420F0066
:10F46000044B00690022C3F80021D3F8003107F0F3
:10F4700097BB00BF00C000407FB505692B6B63B32D
:10F480004E2901D00C292BD105F118064FF0FF327F
:10F490004FF0FF33304607F08DFA134B0193286B82
:10F4A0000323002469460394029313F0FDFE4FF0FA
:10F4B000FF324FF0FF33284607F0AEFB286B13F006
:10F4C0003EFF0A4BD3F80825EA6201225A60304613
:10F4D00007F0E2FA204604B070BD6FF00A00FAE7C8
:10F4E0006FF08500F7E700BF29F4010000C000407D
:10F4F00010B504690020FEF7EFFB20634FF0FF32E8
:10F50000002120461FF037FC04F118001FF00DFB0E
:10F51000002201210C2014F015FE0C20E5F7E8FA7A
:10F52000024B0122C3F80423002010BD00C000409C
:10F530002DE9F3412B2946680369154665D1B27A56
:10F540001B8C12F02001727918BF1BB2002A3DD02B
:10F55000F27996F81080042A09BF3268F28992681D
:10F56000128919B108F1FF385FFA88F883FB02327B
:10F570004FF47A74A3FB043104FB0212B07969469C
:10F58000CDE90032FDF738FF074608BB0199009C22
:10F59000D6F814C0C8F12002B8F1200301FA02F233
:10F5A00024FA08F444EA02045CBF41FA03F31C4362
:10F5B0004FEAE47E20467146BCF1000F12D1144A96
:10F5C0000023E0F79DFDC5E9000207E06FF0850725
:10F5D000104A11483B46012114F076FB384602B030
:10F5E000BDE8F081ACFB0401B2690C4C00230CFBBC
:10F5F0000E11E0F785FD064BC61844EB0102B3423D
:10F600009341DCD26FF02107E8E76FF08507E5E76B
:10F6100040420F00B6F20400D8A2040020A1070067
:10F6200073B52B294668056901D04E2921D168465A
:10F63000D5E906231FF09FFEDDE900011FF001FE62
:10F6400030461DF00DFD044640B10B4A03460B4801
:10F65000012114F039FB204602B070BD3068836888
:10F6600029465B68984704460028F4D0044A0346BC
:10F67000EDE76FF08504EEE7C4F20400D8A20400C1
:10F68000D9F204002DE9F04182B000AF4468066968
:10F6900080460022384600231FF048FED7E90023A9
:10F6A000C6E9062320681FF044F9E8B9236813B3BC
:10F6B0001B686C4688B06A465549CDE905134FF47E
:10F6C0000073ADF81C30534B42F8103F52480023F2
:10F6D0004FF4E251E4F764F96FF01205A5462846AD
:10F6E0000837BD46BDE8F081E06930B11FF021F96F
:10F6F00018B9E369DBE7494BDBE720461DF0B0FCB6
:10F70000054630B1464A03460121434814F0DCFA6D
:10F71000E5E763794BB9434A3F486FF08503012120
:10F7200014F0D2FA6FF08505D9E7227901239340CE
:10F730007360237C3374637C737406F12003B360BD
:10F740000223F36094F8283083F00103B374D8F8EF
:10F750000430D86900282FD1D8F80440E069002887
:10F76000BDD0D8F8106094F82030026901211268E9
:10F7700099408368114214BF1B69DB68984720B128
:10F78000294A2548012114F096FA2849606A284A36
:10F790004FF4004C0C460021E0FB0C4100232046B6
:10F7A000E0F7FEFC02460B4638461FF0BFFDD7E9E6
:10F7B0000023C6E9062392E793F820105B8CD0F86B
:10F7C00010C0D0F808E0DCF80040DA0754BF43F47A
:10F7D000B01383F4D013012623F480128E40DB078C
:10F7E0004CBF3443B443CCF80040DEF800309847B7
:10F7F00004460028B0D00F4A0748012114F05BFAF4
:10F80000002CA9DA14F1860FA6D0254667E700BFC1
:10F81000E6F2040003000001D8A204001AC60400A6
:10F82000FAF2040004F3040039F304003F420F002D
:10F8300040420F0016F304002DE9F04104464768EA
:10F840000D461FF0F6FB88B14FF02008EFF311864C
:10F85000314688F31288BFF36F8F60681DF0B6FCE5
:10F8600050BB86F31188BFF36F8FEFE71F4B1B78F8
:10F87000002BE9D04FF02008642660681DF0A6FC3C
:10F8800070B901201EF029FA013EF6D10021212095
:10F890001FF0D7FCF0E786F31188BFF36F8FF5E711
:10F8A000EFF31186314688F31288BFF36F8F6068DB
:10F8B0001DF08CFC0028EED0BB691D706368BA692E
:10F8C0001B680020C3F844250122C3F84825C3F86B
:10F8D0002001D3F82041C3F85801D3F858019A60A9
:10F8E00081F31188BFF36F8FBDE8F0814FBB00201B
:10F8F0002DE9F041002205460121022014F022FCEE
:10F900000220E5F7F5F86C680121E0681DF0B2FC13
:10F910006B681A682369C2F82435617D237D0B4327
:10F92000A17D0B43C2F86C356F68D7E9004313F033
:10F93000010318D0D5F8108004F10C0108F10C0275
:10F9400004F590701EF006FA061E07DA224A2348D4
:10F95000012114F0B0F93046BDE8F08198F80C00B0
:10F9600004F0B2FC01230822C4F80025BA69C4F8E7
:10F97000442501210022C4F84825A1606BB9D4F8C0
:10F980002031002BFBD0C4F82021D4F820310123F2
:10F99000E3604FF48073C4F80433D4F85831002B7B
:10F9A000FBD00021C4F800156D682C68E8681DF0D4
:10F9B00061FC0823C4F800352A7A52B9EB69C4F80F
:10F9C00034350123C4F83835C4F81021D4F8102197
:10F9D00023600026BFE700BF68F3040070A20400A4
:10F9E0002DE9F04383B045680669D5F8188000AF6B
:10F9F0003A1D002140461DF020FB041E19DB7B68E8
:10FA0000D8F8002019791868FFF778FC041E10DB7D
:10FA1000296A481C1AD0E8691DF018FD10F1130F6F
:10FA200004460BD1344A354801211DF07BFC6FF0B0
:10FA3000120420460C37BD46BDE8F083411D05D1B8
:10FA40002F4A2E4801211DF06DFCF2E76B699847A3
:10FA5000756B4FF001080835D6E90D3203EBC20390
:10FA6000A5F10802934205D806F12C001DF087FC91
:10FA70000024DEE755F8080C1EF05BFF034615F87E
:10FA8000041C55F8080CABB96C468AB000686A468D
:10FA90001C4D07914FF40071ADF820101A49CDE9C3
:10FAA000055042F8101F15484FF41151E3F778FF45
:10FAB000A546BCE735F8023CD0F810C0D0F8089055
:10FAC000DCF80040DA0754BF43F4B01383F4D013DA
:10FAD00023F4801208FA01FEDB074CBF44EA0E044F
:10FAE00024EA0E04CCF80040D9F800309847041EF0
:10FAF00005F10805B0DA9CE7A5F3040058A204005C
:10FB0000D0F30400EDF304000400000138B50378DD
:10FB10000C4673B9D1F8985065B9D1F894301C6986
:10FB20006FF07303E36604F1540007F039F884F8CA
:10FB30009C5038BDD1F8883033B19D4216D9284A3F
:10FB4000284801211DF0EEFBD4F8903043B1D4F8E1
:10FB500098209A4226D9224A224801211DF0E2FB30
:10FB6000D4F89400BDE838401DF034BC5B1BC1F8EC
:10FB700088307BB90B6F08330B674B6F013B4B67CA
:10FB800001F1880204F1700074311DF0D2FBC4F859
:10FB90008400D9E7D1F88430002BD5D02B44C1F8AC
:10FBA0008430D1E79B1AC4F8903083B9A36F08332F
:10FBB000A367E36F013BE36704F1900204F17C016A
:10FBC00004F178001DF0B5FBC4F88C00C8E7D4F848
:10FBD0008C30002BC4D01344C4F88C30C0E700BF75
:10FBE00011F4040058A204002DE9F04F89B000AFD1
:10FBF00004697B6043683B608B88814698048A4631
:10FC0000934631D44FF0FF324FF0FF3304F13C0004
:10FC100007F002F8C4F830A0D9F81080D9F8042011
:10FC200098F89D3023B1D8F82C309A4500F0D48054
:10FC3000BAF8046016F400631DD0B54AB548012136
:10FC40001DF070FB6FF08505E36A13B19B889B0480
:10FC500005D40023236304F13C0006F0A1FF2846ED
:10FC60002437BD46BDE8F08F636C002BCAD1236BEF
:10FC70009942C7D1D0E7F10717D56D4688B0D9F8BA
:10FC800000106A46A448CDE905014FF40071ADF8B3
:10FC90001C10A24942F8101F9E484FF4E251E3F7AE
:10FCA0007FFEAD466FF01505CEE7350705D59C4ABA
:10FCB000984801211DF036FBF4E706F4FC63B3F528
:10FCC000807F01D0974AF3E7DAF80050964B9D42C7
:10FCD00001D8964AECE79446BCE80F0007F10C0EF9
:10FCE000AEE80F00DCF80030CEF80030904B9D42BB
:10FCF0004DD9904B9D424DD98F4B9D424DD98F4B45
:10FD00009D424DD98E4B9D424DD98E4B9D422CBF6D
:10FD10004FF000454FF0804516F002017D6106F07E
:10FD2000040343D0002B0CBF02230323C6F30016A9
:10FD30003B767E76D8F80030D3F80835581C0CD0C6
:10FD400003F01F0001225B09A9BB8BB3934240F073
:10FD500036817D4B8240C3F80C2598F89D302BB13D
:10FD600040461EF0F1FB002388F89D304346774A59
:10FD700007F10C0140461EF0C7FB034638B3744A36
:10FD80006448012113F0A0FF6FF004055CE74FF019
:10FD90000075C1E74FF08065BEE74FF00065BBE737
:10FDA0004FF08055B8E74FF00055B5E79B08BDE729
:10FDB0004FF0A043CEE73BB1012B40F00381624BF3
:10FDC0008240C3F80825C8E74FF0A043F8E70123B5
:10FDD00088F89D30C8F82CA0012384F89C303B683B
:10FDE000196A4A1C09D0D8691DF058FB743004D137
:10FDF000584A484802211DF095FABBF1000F7DD109
:10FE0000C4F870B00023636704F1880204F1740140
:10FE100004F170001DF08DFA7B68C4F88400002B9B
:10FE200040F09C80A3670023E36704F1900204F193
:10FE30007C0104F178001DF07CFA0023C4F88C00EA
:10FE4000606FE3661A46824240F091800022E56FBF
:10FE50001146A94240F09280E06A93422CBFC4F858
:10FE60008030C4F8802048B1037D3BB101210830C7
:10FE70001DF072FAE36A18691EF03FFD48461DF056
:10FE8000A9FAD4F880504FF4FA535D43E36A4FF473
:10FE900000461B68B5FBF3F540F2E730C83500219A
:10FEA0004FF47A720023E5FB0601E0F779F904F1DB
:10FEB000540802460B46404606F0AEFE002864D0C9
:10FEC000254A144801211DF02DFA0025C4F8985048
:10FED00020461EF039FB84F89D50D9F810606FF071
:10FEE0007309C6F86C9006F1540006F059FE86F8C6
:10FEF0009C50404606F0B6FE4D464AE0DBF8003026
:10FF00002367002B3FF47EAFDBF804307BE700BFB4
:10FF10002FF4040058A2040049F404000300000177
:10FF20006BF404008AF4040047E80100B9F404000B
:10FF30008FD003001FA107003F420F007F841E00E7
:10FF4000FF083D0000127A00000300500DFB010085
:10FF5000EAF404000FF5040039F504007B681B681F
:10FF6000A367002B3FF45FAF7B685B685CE7216FA2
:10FF700001EBC201013249680B4464E7A06F00EB5A
:10FF8000C10001314068024463E7E56E15F1740F6A
:10FF90009BD0E36A002B3FF457AE1A7D002A3FF452
:10FFA00053AE998811F480567FF44EAE18691EF056
:10FFB000A4FCE06A314608301DF0CEF944E6C1F8F1
:10FFC0000C15FFDE0023C3F80835FAE700F01F0226
:10FFD00040090DD001280ED10A4B03EB82030A4AD7
:10FFE000D3F80007024042EA8102C3F800277047B5
:10FFF0004FF0A043F1E702F5E072002353F82230FE
:020000022000DC
:10000000FFDE00BF00030050F0F8FCFF70B50123D5
:1000100083400F4ABFF35B8FDC4352E8001F01EAC5
:10002000040542E80056002EF7D1BFF35B8F4FF472
:10003000803282400748C0F80823BFF35F8FBFF3C8
:100040006F8F03EA0100003818BF012070BD00BFA8
:1000500064A100200010014011B3BFF35B8F0123A6
:10006000104A834052E800CF4CEA030C42E800C13A
:100070000029F7D1BFF35B8F0B4A4FF480338340E5
:10008000C2F80433094BBFF35B8F1B68BFF35B8F70
:10009000C340DB0742BF064B4FF40032C3F80021D8
:1000A000704700BF64A10020001001405CA1002047
:1000B00000E100E00D4B1868010A0006BFF35F8FF6
:1000C0000B4BD3F80435181841F10001B3F5801F2C
:1000D0000AD2084BD3E90023904271EB030303D209
:1000E00010F1807041F10001704700BF6CA1002049
:1000F00000100140D82B00202DE9F04F85B01646A6
:100100001F469DF840A00446FFF780FF0190FFF7CF
:10011000D1FFB04271EB07035ED23E4B301A67EB62
:100120000101984271F1000109D36FF015052046D5
:100130000199FFF791FF284605B0BDE8F08F364BD7
:1001400003EB0413D3E902239F4208BF964254D025
:1001500032494FF4803804F1500508FA04F8AD0034
:10016000C1F848832046ADB21DF0C0F926F07F4BA0
:1001700005F1804504F5A87305F58835DC464FF098
:1001800003090293029A2CF07F4341F82230C1F810
:100190004483D1F80435224A6FF00200C01A60444B
:1001A00020F07F40904228D9286868B1D1F8043502
:1001B0000393A3EB0B0020F07F40B0F5000F1CD998
:1001C00020461DF093F9039BBAF1000FADD109EB66
:1001D000030C09F10109D5E7BAF1000FA5D10123FC
:1001E000104ABFF35B8FA34052E8000F184342E868
:1001F00000010029F8D1BFF35B8F07490E98230156
:1002000001EB0412C8500F9B5360C2E9026700253E
:100210008DE700BF01008000902B002000100140FE
:10022000FDFF7F005CA100207FB5264C264BC4F863
:100230000833C4F84833254B00254FF0FF304FF00A
:10024000FF314FF48032C4F808554FF48026C3E9DB
:100250000201C4F804234FF40032C3E90601C4F8D4
:100260000423C3E90A01C4F80463C3E90E014FF48F
:100270000023C4F80433164B02260121C4F804639A
:100280001120C3F880212A4613F05CFF1120E4F707
:100290002FFC0123A36023600E4B0F221A600E4B2C
:1002A0000E221A600D4B0E4A0093CDE90155002332
:1002B0002846FFF721FF3046FDF746FD284604B0EB
:1002C00070BD00BF0010014003000F00902B002004
:1002D00000E100E064A1002060A10020E50302002D
:1002E000FFFF7F002DE9F04F394ED6F804339A070F
:1002F00087B00BD5D6F8043143B1364A0023C6F88F
:100300000431D6F80431136801331360324D0024F0
:10031000AA464FF480394FF0010BD6F8042309FAAE
:1003200004F7174249D0BFF35B8F0BFA04F12B4B54
:10033000C94353E8002F02EA010043E8000CBCF176
:10034000000FF6D1BFF35B8FE240D30703D4244AFA
:1003500052F824208AB320461DF0C8F8FFF7AAFE01
:10036000EFF311884FF0200C8CF31288BFF36F8FDE
:100370000AEB041CDCE90223904299414FF0000093
:1003800023D3CDE90423D5E900134FF0FF320393C3
:100390004FF0FF332860CCE902232046C6F84873AB
:1003A0001DF0A4F8DDE9042388F31188BFF36F8FF3
:1003B00019B103980090204688470134042C05F1B8
:1003C0001005AAD107B0BDE8F08F0146ECE700BFE9
:1003D000001001406CA10020902B00205CA10020A7
:1003E00040110140D0B522F07F44FFF763FE134A6D
:1003F000D2E90031C01AC31841F10001C2E900314D
:100400000F4B00221A60A4F50013B3F5400F09D278
:100410000C4B1B681A0A1B061E190B4B42F10007F6
:10042000C3E90067EFF31181202383F31288BFF340
:100430006F8FBDE8D04007F0F3BC00BFD02B002089
:1004400068A100206CA10020D82B002030B5104BF3
:100450001B680021181841EB01040E4BB0F5000F8A
:1004600074F10005D3E9002385B00BD2821844EB68
:100470000303CDE90111084900910020FFF73CFE7C
:1004800005B030BD0548121843F10003F1E700BF85
:1004900068A10020D02B0020E5030200FFFF7F00B1
:1004A00008B5FFF707FE034B1B68C01A024B186024
:1004B00008BD00BFD02B002068A1002010B5084C5B
:1004C000012363601120E4F721FB064BC4F80833D5
:1004D000C4F84833044B4FF40032C3F8802110BDF8
:1004E0000010014003000F0000E100E038B5064BAA
:1004F000064C9D6805492B680348042298472368E9
:10050000002BF7D038BD00BFDC9D040070A1002097
:10051000024B01221A7003F05FBD00BFDCAB00206C
:1005200008B50020FDF7D8FB054A0023D360054B32
:10053000536003239360BDE80840114612F0B4BE37
:1005400074A100201105020010B50020FDF7C4FBC6
:100550000649044612F017FF783002D1204612F007
:10056000EEFE034B00221A7010BD00BF74A10020E4
:10057000DCAB002040B2002808DB4309044900F04E
:100580001F0001224033824041F82320704700BF02
:1005900000E100E040B2002808DB4309044900F014
:1005A0001F0001226033824041F82320704700BFC2
:1005B00000E100E008B5054905481EF0E4FC002212
:1005C0000023034806F092FD002008BDD505020077
:1005D000E02B002037B50F4CA5684E21EB68204674
:1005E000984770B90C212B696A462046984740B954
:1005F000094B009A93F90010914202D01A701CF036
:10060000B4FF4FF4F0120023044806F0A7FD03B036
:1006100030BD00BFD89E0400E00C0020E02B00207D
:10062000014B93F900007047E00C002008B501F081
:10063000DFFB03F0AFF801F0B5F81CF067FF01F045
:1006400043FA0F4803F086FC1DF0ADF81DF0ADF83D
:1006500001F0F2FA02F036FF1DF02BFBFFF746FF28
:100660001DF0B7F81DF017FB03F09AFC01F0A0FB9A
:100670001CF05FFF1DF01AFBBDE8084002F0AABFA6
:1006800098AF040010B50E4B002914BF0C461C4651
:10069000017886B001316B460622C9B21DF034FAEA
:1006A00058B163780BB923783BB9E3792BB921466C
:1006B000684602F0C9FE06B010BD0B20FBE700BF84
:1006C00000FA040037B5EFF31083BFF35F8F72B603
:1006D000054CD4E9124583F31088CDE90045FEF7B7
:1006E0003BFD03B030BD00BF382C0020024B186822
:1006F00008B190F880007047D4A1002008B5FFF73A
:10070000F5FF08B1014B186808BD00BFD4A1002057
:1007100008B5082812D8DFE800F0131515070907F7
:1007200005050500022008BD0420FCE7064B1B78E8
:1007300013F0100F14BF01200420F4E71CF0FAFEA0
:100740000020F0E70120EEE7E3AB002010B5064BF8
:100750001C78064B1878FFF7DBFFE4B2844234BF05
:100760000020012010BD00BFE1AB0020E4AB002061
:100770002DE9F041094C236805460E4617460BB992
:100780001CF0D8FE23681A683146D2F80880284643
:100790003A46C04700232360BDE8F08188A10020CD
:1007A00010B5044601F030FA044B204619680122C6
:1007B0001CF0FEFFBDE8104001F0BCB984A1002090
:1007C00010B5044601F020FA054B1A78054B204677
:1007D00093F900101CF0EAFFBDE8104001F0AAB93F
:1007E000E7AB0020E6AB0020014A10701CF03ABFD6
:1007F000E4AB002070B5074E04460D460146706814
:100800001CF0BBFF70682A462146BDE87040FFF728
:10081000AFBF00BF88A100200348044B006800223E
:1008200011461DF071B900BFD4A10020B4A1002071
:1008300008B5064B1B7833B11DF02AFA3B2894BF4C
:100840000020012008BD0120FCE700BFE2AB002032
:1008500010B5114C1CF09DFF1DF0DCF92378012B25
:1008600017D903F0DFFB0D4BD3E9042390429941E4
:100870000FD2012323701DF0CEF901F08DFA01286B
:1008800003D1074B18781CF0EDFEBDE8104001F0D5
:1008900027B900232370F0E7DEAB0020102C0020E6
:1008A000E4AB002008B5084B1B785BB10021AE20FB
:1008B00003F080FB30B1FFF749FF18B1BDE80840F5
:1008C00002F08AB808BD00BFE2AB002070B586B068
:1008D00004460E46154600211822684629F0F9F80C
:1008E00002948DF80D608DF80E5074B123788DF858
:1008F0000C30EFF31081BFF35F8F72B6104BD3E96A
:10090000102381F31088CDE904230E4C69466068FA
:1009100002F022FC01F078F9201D1CF02CFF236866
:100920000BB91CF007FE2268606813686946DB6833
:1009300098470023236001F0FDF806B070BD00BFAA
:10094000382C002088A1002010B501F03FFA0F4B91
:100950001860FFF7D3FE044601F004FD4CB9BFF365
:100960005F8F0B490122D1E84F3FDBB213B1BFF3D8
:100970002F8F10BDC1E8432F002BF4D1BFF35F8F41
:100980000B20BDE81040FFF70BBF00BFD4A1002033
:10099000E5AB0020F7B5284E96F8215007461DB16B
:1009A00096F823500135EDB2244B1B78002B32D042
:1009B0007068327A03785C018ABBA3B203F1EE005F
:1009C0000DB1A83080B2002103F0F4FA18B3FFF79C
:1009D000BDFE0446F8B196F820001CF069FF184BE4
:1009E00070681A78291E18BF012161F3C3021A70BA
:1009F00002F0A6FB134B1B7800932A46124B394694
:100A000001F0EAFD012F07D11CF056FF1DF049F956
:100A100010B901F023FF0024204603B0F0BD437855
:100A200003F00703052BC8D01CF03AFEA3B2002840
:100A3000C4D003F24E40C3E788A10020E2AB0020FF
:100A4000E3AB0020DFAB0020A6A1002073B51D4B57
:100A50001B7805460C469BB3FFF778FE80B31A4A15
:100A6000137823F007031370FFF740FE0646FFF7E5
:100A700045FE01F077FC002301A8ADF804301CF01E
:100A80004AFF01F033F91CF013FF104A01AB127852
:100A90002946032001F09CFC012D09D11CF00CFF1C
:100AA0001DF0FFF820B90CB91CF044FD01232370A0
:100AB0000EB9FFF749FFFFF7AFFE054B00221A60A2
:100AC00002B070BDE2AB0020E3AB0020E0AB002041
:100AD000D0A1002010B5114B1B78EBB1FFF736FE0B
:100AE000D0B10F4C20461DF097F81DF0D1F8B0F5AD
:100AF000C07F11D32268C009831EB3EBD21F4FEA17
:100B0000D21094BFA2EBC31200222260BDE81040B5
:100B100098BF184601F090BF10BD00BFE2AB0020A7
:100B2000CCA100207FB51CF0C4FD1822002168462E
:100B300028F0CFFF074B6946586802F00DFB01F023
:100B400063F869460220FFF755FE00F0F3FF07B097
:100B50005DF804FB88A1002010B586B008284ED8A7
:100B6000DFE800F03232050F24243441470059B346
:100B7000254B19680122062006B0BDE810401CF084
:100B800017BE224C2368002283F88020204B0621C8
:100B900018681CF0F4FD1F4B20681A781E4B93F95F
:100BA000001006B0BDE810401CF000BE1822002165
:100BB000684628F08EFF194B6946586802F0CCFA57
:100BC00069460620FFF716FE06B010BD1822002168
:100BD000684628F07EFF114B6946586802F0BCFA5F
:100BE00069460520EEE7012006B0BDE810401CF084
:100BF000EABD012006B0BDE810401CF0E8BD06B01B
:100C0000BDE810401CF096BC84A10020D4A10020B7
:100C1000D0A10020E7AB0020E6AB002088A1002097
:100C20002DE9F041264B90461A6807460C464AB912
:100C3000214638461CF09BFD054648B9002528464C
:100C4000BDE8F08113681B6898470028F6D0EFE7ED
:100C50001C4C2378022B0DD101F06AFB064622784A
:100C6000022AD3B208D00AD9033B052B24D91CF0A1
:100C700061FCE3E70026F2E70FB9002EDED101F0B8
:100C8000EDFD2378022B0AD10F4B104800221A7079
:100C900003F006FA1CF0BDFF20781CF0E3FC23787B
:100CA000072B01D11CF0B9FFB8F1000FC7D0207895
:100CB0003146FFF751FFC2E7002FBFD0DFE700BF8B
:100CC00088A10020E4AB0020DEAB0020102C002027
:100CD00010B5FFF7A5FF044658B1074B1B782BB1A1
:100CE0000120FFF781FD01F051FE10B90020FFF750
:100CF0007BFD204610BD00BFE2AB002073B50D4662
:100D00001E46FFF78DFF044628B31CF08DFF38B157
:100D100001F042F8421ED2B2022A01D91CF00AFCAC
:100D20000E4B03221A700E4B02201E60FFF75CFD73
:100D30006B1F5842584100260DF107018DF80760DE
:100D4000FFF784FE9DF807302BB101F087FD314697
:100D50003046FFF77BFE204602B070BDE0AB0020BE
:100D600084A100202DE9F041734A137886B004462F
:100D7000107003F0FF0783BB002800F0A28001F091
:100D8000B5F96E4B01221A701CF091FF6C4E35784C
:100D9000EDB22846FFF7BCFC80462846FFF7B8FCBA
:100DA0004745C0F09180844271D2357802210120FC
:100DB000EDB21CF0DCFC08B91CF0BCFB022D40F0CD
:100DC000938001F0B5FA074601F048FD002F00F0CE
:100DD0009E800620FFF7E4FC9AE00028D6D1574B0E
:100DE0001A78002A53D0564D18702B78022B02D156
:100DF00001F09EFA044601F0EBF91CF059FF1CF0DB
:100E000046FF022101201CF0B2FC08B91CF092FB45
:100E10002B78082B50D8DFE803F03A050B12252574
:100E20003D3A3A00002006B0BDE8F041FFF7DCBCD7
:100E30006CB3052006B0BDE8F041FFF7B1BC414CF2
:100E40000220FFF7D1FC2368002283F880203E4B6C
:100E5000042118681CF093FC206806B0BDE8F0413E
:100E6000FFF7AEBC0220FFF7BFFC18220021684646
:100E700028F02FFE354B6946586802F06DF900F0F6
:100E8000C3FE69460420FFF7B5FC00F053FE06B030
:100E9000BDE8F0810220FFF7A7FC18220021684678
:100EA00028F017FE294B6946586802F055F900F002
:100EB000ABFE69460520E6E706B0BDE8F0411CF050
:100EC00039BB1CF0E4FE61E78442E0D33378022FA3
:100ED000DBB207D1042C05D1042B03D11C4B1B78AA
:100EE000032BD4D030781FE001F0B8FC082D20D8B7
:100EF000DFE805F00D0D1F0A050A0A0D0D00154A61
:100F0000137823F0100313700220FFF76DFC002705
:100F100028463946FFF720FE3578EDB22846FFF720
:100F2000F7FB8442B3D3284606B0BDE8F0411CF07D
:100F3000D1BB1CF0FFFAEAE7E1AB0020E2AB0020F6
:100F4000E4AB0020D4A10020D0A1002088A1002083
:100F5000DDAB0020E3AB002008B5054B1B78062B6A
:100F600001D01CF0E7FABDE808401CF00CBC00BF43
:100F7000E4AB002008B5094B1B78062B01D01CF010
:100F8000D9FA074B1B683BB1187828B1BDE8084077
:100F90000121400103F00EB808BD00BFE4AB002002
:100FA000D4A1002070B500201CF02AFE1F4B1B7836
:100FB00003F001031843C0B208B91CF0BBFA1C4B84
:100FC0001B78022B01D01CF0B5FA1A481CF05CFB10
:100FD0001CF021FE00201CF013FE044600F0DCFE95
:100FE000012820D1022002F0FFFF03F01BF8124D70
:100FF000044628460E4603F053F8A0344FF0010390
:1010000046F100062B7728460C4B2B62C5E90446B7
:1010100003F01CF808B11CF08DFA094A137801336B
:10102000DBB2137001E0002CDFD170BDE0AB00201B
:10103000E4AB0020402C0020102C002051080200BE
:10104000DEAB002008B5174B1B78022B01D01CF03B
:1010500071FA154B1B789B0701D41CF06BFA1348EF
:101060001CF012FB00F098FE01280FD0022813D0CC
:1010700000201CF0C5FD98B10D4B0E4800221A70DF
:1010800003F00EF8BDE808401CF0C0BD084B09484D
:1010900000221A7003F004F8022002F0A5FFE7E72F
:1010A00008BD00BFE4AB0020E0AB0020442C0020D2
:1010B000DEAB0020102C00202DE9F843DFF85C8126
:1010C000574D98F800302C79022B814601D01CF046
:1010D00031FA042C15D8DFE804F0031A07141800BD
:1010E00001240126274601E0042400262B685B78B2
:1010F00003F00703052B0CD14A4A137843F0010390
:10110000137000242046BDE8F8830524EDE702248F
:10111000E7E74348224649461CF012FD80B38EB1F2
:101120003F4839461CF005FC064660B9022F09D13C
:101130003C4A1378384643F00103137002F054FF21
:101140001CF034FD002600F09DFD20B12B6893F9C2
:101150000030002B16DCAEB101F080FB0021084608
:10116000FFF774FC98F800001CF07CFA2B685B78A1
:1011700003F00703022BC4D03046FFF711FBC0E792
:101180000126E0E7022C06D0042C33D0012C33D109
:10119000EC7C013401E02C7D0234E4B2214E337842
:1011A0005A0715D4204B28681B681A781CF078FA67
:1011B000530118BB03F1C000002102F0FBFE0746FB
:1011C000F8B13378164843F0040333701CF0DAFAB0
:1011D0003378DB0796D528681CF062FA002891D096
:1011E00000F06CFD00288DD00D481CF0E6FC0F4B84
:1011F000186087E76C7DCCE70024CFE703F53870F3
:10120000DAE701F02BFB39463846FFF71FFC084BA5
:101210000122196805201CF0CBFAD9E7E4AB0020C5
:10122000B4A10020E3AB0020D4A10020D0A1002075
:1012300084A1002013B5114C2378022B01D01CF09F
:1012400079F90F4A137823F007031370FFF7E4FAD4
:1012500020781CF007FA002401A8ADF804401CF027
:101260005AFB084A01AB12782146032001F0B0F87E
:101270000220FFF795FA02B010BD00BFE4AB0020DA
:10128000E3AB0020E0AB002008B5054B1B78062B34
:1012900001D01CF04FF9BDE80840FFF743BC00BF88
:1012A000E4AB00202DE9F047DFF85881564ED8F81E
:1012B0000050564F01F076F9554B18702B782B449F
:1012C00013F8010C1CF0C5FA8000FF28514B28BF11
:1012D000FF2018703368197801310622C9B23046F0
:1012E0001CF02EFC8146002836D03B78D90733D439
:1012F000032130461CF01DFB044680B901464FF423
:10130000087002F057FE48B33B7823F0050343F022
:1013100005033B701CF04AFC30461CF033FA3B7866
:10132000DA071DD53C481CF0AFF91CF071FC3B7886
:10133000DB0727D4394B18781CF094F96B7803F04D
:101340000703022B55D100F09DFC0146002850D127
:10135000BDE8F047FFF77ABB0424E0E70524DEE7A9
:1013600000F090FC82460028DCD12C4B18781CF051
:1013700079F950465146FFF769FB2046BDE8F04732
:10138000FFF70EBAB9F1000FD4D030681CF088F91D
:101390000028CFD000F092FC0028CBD02048214C70
:1013A00001F0B6FE18481CF008FC20600028C1D0EF
:1013B0000320FFF719FA1C4B1B78032B11D9206867
:1013C00001F0BEFEC02101F0C5F9C0B9D8F8003067
:1013D00083F880001CF06DF92846BDE8F047FFF760
:1013E000EFB90421022002F0EFFD10B90F481CF004
:1013F0004BF9D8F80030002283F88020EAE7BDE8F6
:10140000F08700BFD4A10020B4A10020E3AB0020EE
:10141000E6AB0020E7AB00203C2C0020E4AB002032
:1014200008FA0400D0A10020E1AB0020502C0020DD
:1014300030B51B4B1A78052A87B004D01B78042BD3
:1014400001D01CF077F8174C63685A7812070DD456
:1014500060681CF095F923680BB91CF06BF82068E4
:1014600003685B6807B0BDE8304018471D781CF082
:101470000FFC01352D018542EAD901F0EFF91CF08E
:1014800018F918220021684628F023FB6068694695
:1014900001F062FE69460420FFF7ACF907B030BDE9
:1014A000E4AB002088A1002070B5164B1B78032BFD
:1014B00001D01CF03FF8144D2B685A78120707D45E
:1014C00028681CF062F92868BDE87040FDF792BEFC
:1014D0001C781CF0DDFB013424018442F0D90B4C54
:1014E000266801F0BBF923682868002283F8802071
:1014F00005211CF044F91CF0DCF83046BDE87040D2
:10150000FFF75EB9E4AB0020D0A10020D4A10020F9
:1015100010B5094B1B78032B01D01CF00BF8074BBF
:101520001C68002384F880301CF0C3F82046BDE816
:101530001040FFF745B900BFE4AB0020D4A1002064
:1015400010B5134B1A7ACAB15868437803F00703F1
:10155000052B13D01CF0A4F880B10620FFF744F946
:10156000FFF7C4F80446FFF7C9F800F0FBFE00F0EF
:10157000D7FF64B9BDE81040FFF7E6B91CF099F851
:101580000022BDE8104011461046FFF79FB910BD7C
:1015900088A10020F8B53E4E3E4C306801780131FC
:1015A00023460322C9B21CF0AFFA002846D02368B4
:1015B0005A7802F00702022A40D1374D69688A78CA
:1015C00002F03002202A2FD12B7A022B01D81BF0F7
:1015D000B1FF2379022B01D81BF0ACFF21688B7877
:1015E00003F03003202B29D16B7BFF2B1CBF6868D5
:1015F000C018E37908BF0020FF2B1FD0F0B1AF7DEA
:10160000627CBA421AD1194428F07BFAB0B9366824
:101610006A68002786F88070537803F00703032B6D
:1016200010D01CF046F81EE01A78052A06D19A78E8
:10163000920603D4DA78CB789A42E8D0BDE8F84035
:10164000FFF770BA2B7DFF2BEBD0D35C042BE8D1D6
:1016500023685B78DB06E4D50220FFF7C5F839463E
:101660003846FFF7F3F900F09DFF33783344044622
:1016700013F8010C1CF0EDF88200FF2A28BFFF22AE
:1016800061B23046D2B2BDE8F840FFF71FB900BFE3
:10169000D4A10020B4A1002088A1002008B50C4BE3
:1016A0001B78042B01D01BF045FF0A4B1B789B07CE
:1016B00001D41BF03FFF084B1B78032B07D10420FC
:1016C00002F092FC054A137823F01003137008BD52
:1016D000E4AB0020DFAB0020DDAB0020E3AB00205B
:1016E0007FB50D481BF0D0FF1BF0E3FF182200214F
:1016F000684628F0EEF9094B6946586801F02CFD60
:1017000000F082FA69460120FFF774F800F012FA3F
:1017100007B05DF804FB00BF382C002088A1002032
:1017200037B51E4C1E4D94F900308342B8BF0346B6
:1017300023702B687F2B16D91CF0AAFAB0F5C07F56
:1017400029D32A68C009831EB3EBD21F4FEAD210F7
:1017500096BFA2EBC312002218462A6003B0BDE870
:10176000304001F069B91CF059FA20B103B0BDE86E
:101770003040FFF7AFB900F0B9FA1CF099F81BF050
:1017800098FF23788DF8043000F03EFA01A81CF091
:1017900018F800F0CFF903B030BD00BFE8AB00206F
:1017A000CCA10020094A0A4808B500231370094A51
:1017B0001370094A1370094A13701CF07BFA1CF06D
:1017C00075F8BDE808401CF0EAB900BFE4AB0020A2
:1017D000102C0020E2AB0020DEAB0020E5AB0020A7
:1017E00038B505461BF0D2FF044668B1074B1A789E
:1017F00042B11B78012B05D0012211462846FFF784
:1018000067FA044600F06CF9204638BDE4AB0020CE
:101810002DE9F04106460F46154698461BF0B6FFE7
:101820000446C8B10E4B1A78022A0DD01B78032B40
:101830000AD0FEF7FDFF044630B1069B424639460A
:101840003046FFF75BFA04460DB12046A84700F08A
:1018500047F92046BDE8F081002DFAD0A847F8E707
:10186000E4AB00202DE9F0470446894616461BF0FC
:1018700000FF804670B90727B06A431C02D00121DF
:101880001CF00DFAB8F1000F01D000F029F938462C
:10189000BDE8F087012249462046FFF7C1F900283C
:1018A000E9D006F11C0001F033FC30461BF061FF6B
:1018B000074610B11BF0FDFEDEE700F073FA224C84
:1018C00020701CF0B1F940B100F06CFA032839D057
:1018D00033D8431EDBB2012B31D800231B4ADFF87B
:1018E00070A0137023781B4AD91E4B424B411178CC
:1018F00063F30411117096F82100C0F10500C0B225
:101900003546FEF771FF0FCD54460FC40FCD0FC4FF
:1019100095E8070084E80700A9F1050460426041EA
:10192000FFF738F896F82230002BA5D00028A3D175
:10193000CAF800001BF0BDFE9DE70428CDD01BF0C7
:10194000F9FDCAE70223C9E7DDAB0020DFAB0020C9
:1019500088A10020E3AB002030B587B004461BF01F
:1019600088FE054618B3174B1B78062B1DD1164B66
:1019700022685B689A4218D100F094F90246C8B90F
:1019800004210120FFF7A4F908B91BF0D3FD1822A8
:101990000021684628F09DF82068694601F0DCFBCC
:1019A00020686A460521FEF7E3FE00F099F8284614
:1019B00007B030BD6FF00103002204210120FFF7C2
:1019C0009DF9E1E7E4AB002088A1002070B5064650
:1019D0000D461BF04EFE0446A8B1012211463046CA
:1019E000FFF71EF9044660B1084B802D38BF8025F3
:1019F0001D60074BA42207201A70FEF7F5FEFFF7C3
:101A000069F800F06DF8204670BD00BFCCA1002041
:101A1000E8AB002010B504461BF02BFE012384F830
:101A20008030BFF35F8F0B4B00221A70BFF35F8FC4
:101A300068B1094B1B7843B100F080FC28B1074B1B
:101A40001C60FEF75BFE00F08DFC00F049F8012001
:101A500010BD00BFE5AB0020E2AB0020D4A1002008
:101A600038B505461BF005FE0446B0B10C4B1B789B
:101A70001BB100F03BF91BF01BFF0A4B1B78022B3C
:101A800009D1012229461046FFF7CAF818B10021F2
:101A90000846FEF7DBFF00F023F8204638BD00BF04
:101AA000E2AB0020E4AB002010B51BF0E2FD0446E1
:101AB00030B1044B1B780BB11BF0FCFE00F010F8AA
:101AC000204610BDE2AB0020034B00221A70034BEE
:101AD000FF221A70704700BFEAAB0020E9AB00207C
:101AE00070B5134EEFF3108572B6337803F0FF0430
:101AF00033B91BF01FFDFF24347085F3108870BDCF
:101B0000013C14F0FF04F7D11CF0C6F820B185F3B6
:101B100010881CF0C3F8E5E70121084602F054FAEA
:101B200010B101201BF001FD1CF0C6F8E4E700BF76
:101B3000EAAB002010B5074C23781B0601D51BF03B
:101B4000F9FC054B1B780BB91BF0F4FCFF23237049
:101B500010BD00BFE9AB0020EAAB002010B5104B70
:101B60005C68C4F30804BCB1E4B2A4F11002D3B2BF
:101B700052B2511D06DA1BF0DDFC0A4B04F00F04D3
:101B8000185D07E0002AF8DB03F1604303F56143C9
:101B900093F80003400910BD4FF0FF30FBE700BF92
:101BA00000ED00E014ED00E038B50446FFF7D6FF85
:101BB000431C08BF7F20EFF3108572B6104A3CB972
:101BC00013782BB10F4B197843B249B2994206D121
:101BD00014780134E4B2012C147004D0012485F38C
:101BE0001088204638BD1CF066F82146204602F0D9
:101BF000EBF90028F2D020461BF099FCEEE700BF7D
:101C0000EAAB0020E9AB002010B5094C2378FF2B8C
:101C100001D01BF08FFC074B1B780BB91BF08AFC23
:101C2000FFF79CFF431C08BF7F2040B2207010BD0F
:101C3000E9AB0020EAAB002011490B464FF6FF72DA
:101C400023F80129FE22DA70FF221A710022C3F85C
:101C50000720C1F80A20B52119742D2159740221D9
:101C600099745A21D97401211975032159750421D8
:101C7000DA739975BFF35F8FDA75BFF35F8F7047C3
:101C8000ECAB0020024BD87C00F00100704700BF95
:101C9000EBAB0020024BDA7C60F30002DA74704791
:101CA000EBAB0020014B187D704700BFEBAB002071
:101CB000014B1875704700BFEBAB0020024BD87C7E
:101CC000C0F34000704700BFEBAB0020024BD87C54
:101CD000C0F38000704700BFEBAB0020024BDA7C02
:101CE00060F38202DA747047EBAB0020014BD87CC2
:101CF000C0087047EBAB0020024BDA7C60F3C702F0
:101D0000DA747047EBAB0020014B93F90000704789
:101D1000EBAB0020014B1870704700BFEBAB00200D
:101D200000487047ECAB0020024B0288A3F801206A
:101D3000704700BFEBAB002000487047F2AB0020BB
:101D4000034A0368C2F807304368C2F80B30704793
:101D5000EBAB002000487047EEAB0020024B02883E
:101D6000A3F80320704700BFEBAB0020BFF35F8FE9
:101D70000448C37DBFF35F8F002B00F1050008BF4F
:101D800000207047EBAB0020024BD3F80F3003600C
:101D9000704700BFEBAB0020014B587D704700BF80
:101DA000EBAB0020014B987D704700BFEBAB0020F0
:101DB000054A002301210133142B82F8801002F11F
:101DC0008102F8D1704700BF03AC0020074A00230E
:101DD000114692F8800018B103EBC313C81870477E
:101DE0000133142B02F18102F3D1704703AC0020C0
:101DF00010B5074C23784BB9064A042114201BF078
:101E000086FB14201BF091FB0123237010BD00BF43
:101E100017B6002089D8030008B51BF013FF064B46
:101E200001221A61D3F8002222F48072C3F8002242
:101E3000BDE8084001F03CB90080004010B5094CF5
:101E4000D4F8003223F48073C4F8003208B11BF0D8
:101E5000F9FE1BF0F1FE01F02BF91BF041FD01230F
:101E6000236110BD00800040074BD3F8502502F0DD
:101E7000F702042A06D00022C3F81021D3F810215B
:101E800001221A61704700BF0010004010B5002108
:101E9000094C042001F094F80023C4F80032FFF745
:101EA000BBFF4FF4C023C4F8083301232363BDE80C
:101EB0001040FFF7D9BF00BF0010004008B5002157
:101EC000042001F07DF8FFF7A7FF074B4FF4004215
:101ED000C3F808230022C3F8002201229A62BDE859
:101EE0000840FFF7C1BF00BF0010004008B501F077
:101EF00097F830B9034B01221A61C3F81001D3F8E7
:101F0000103108BD0010004008B5084800211BF042
:101F100096FE50B9064AD2F8003243F48073C2F8F4
:101F20000032BDE8084001F0B1B808BDD0AF0400F0
:101F30000080004013B5002301A88DF80330FFF79F
:101F400023FF0DF103001BF09EFE9DF803309DF86A
:101F50000500184440B21BF092FC9DF804401BF0B1
:101F600086FC9DF807309DF806201B0643EA0243D5
:101F70002343034A43EA0023C2F86C3602B010BD83
:101F800000100040A0F10B030F2B10B5044601D93F
:101F90001BF0D0FA04EB840404F62E14B4F5166F8B
:101FA00038BFA4F63814044B34BF44F48074A4F54D
:101FB0001664C3F8084510BD0010004010B5184B5A
:101FC000184A1B681848B3FBF2F33222534300222D
:101FD0009A421ED31BF0AEFA1BF082FC1BF05CFC95
:101FE0001BF030FE114A1049D2F8003223F48073FE
:101FF000C2F800320E4A002343F213401370C1F8B6
:1020000008030C480824C0F80843C1F80032537094
:1020100010BDD0F85015C9B20029DDD00132D7E784
:10202000240C002040420F000010004000800040BF
:102030001AB600200040014010B50A4C20781BF071
:1020400049FC00F0DFFF2078FFF7F8FE064A074B57
:10205000C2F808330023C2F80032054A13715370E6
:1020600010BD00BF19B60020001000401300060884
:102070001AB6002010B500210D4C042000F0A0FF7E
:1020800047F20203C4F808331BF0DCFD01F010F83E
:10209000084BD3F8002222F48072C3F800220122F8
:1020A0001A61054A0023C4F80032537010BD00BF06
:1020B00000100040008000401AB60020064A0023AD
:1020C0001370064A1360064A1370064A1360064AE4
:1020D0001360C2F80330704721B60020DCA1002055
:1020E00019B60020D8A100201AB6002070B5324DD4
:1020F0002B780BB11BF01EFA304B314C01211961CA
:10210000D3F8042522F00302C3F80425D3F80825E8
:1021100042F00302C3F808250422C3F81025002367
:10212000C4F8FC3FC4F8FC1F1BF098FDA0B14FF0B1
:102130008053D3F83003D3F83413D3F83823204B2B
:10214000461C18BFC4F84C07481C18BFC3F88415B8
:10215000511C18BFC3F88825194C0F23C4F810353B
:10216000184BC4F814357F23C4F81835012640F203
:102170000223C4F85066C4F83435134BC4F838351C
:102180001BF09EFBFFF7D6FEFFF7B0FDFFF7FAFE50
:102190001BF057FA30461BF0C8F9D4F800320BB1E7
:1021A0001BF0C8F91BF042FD084801211BF04EFD51
:1021B00001232B7070BD00BF21B6002000800040BD
:1021C000001000400800000621100100101100401E
:1021D00010B52D4C2378002B41D02C4B0022C3F896
:1021E000FC2F2378013B0B2B4BD8DFE803F00808CA
:1021F0000608394047394A4A39081BF04DFB1BF0A5
:1022000060FB0120FEF7C6F9214B0822C3F8082322
:102210000022C3F80C21D3F80C311E4BD3F8002256
:1022200022F44072C3F8002201221A61A3F5E043B0
:10223000C3F8FC2F1BF006FD1BF0FEFC1BF009FD94
:102240002378012B04D003201BF0FFFC1BF0EFFCD4
:10225000114A00231370537053711371237010BD12
:102260000021042000F0ACFE00F022FFC7E70B4B7A
:1022700018781BF02FFB00F0C5FEF5E700F0F8FE24
:10228000BDE71BF057F9BAE721B600200010004067
:1022900000400140008000401AB6002019B600201E
:1022A00010B5224C23780BB91BF044F92378033B7B
:1022B000DBB2082B09D8012000FA03F340F2131215
:1022C000134203D113F02C0F28D110BD00201BF0B6
:1022D00097FC012807D002280DD00028F5D0BDE8D2
:1022E00010401BF027B900201BF08CFC1BF08CFC6D
:1022F0000028EAD1F3E72278072AD3B20AD006D819
:10230000033B012BEBD8BDE810401BF089BC0B2B25
:10231000DBD0E4E7BDE810401BF083BC1BF070FC91
:102320000028D2D00128DAD1DEE700BF21B6002094
:10233000014B1878704700BF1AB6002008B5074B4C
:1023400007491B784878032BDAB203D0052A01D05D
:1023500008B9002008BD1BF0EDF8FAE721B600200F
:102360001AB60020F8B5144B0546186010B90026BF
:102370003046F8BD114F002404707E78002EF6D050
:102380000F4B1B78032BDAB212D0052A12D01BF0A8
:10239000D1F800227A700B4AC2F80455C2F8004204
:1023A000D2F85035DBB2022B04BF01239360DFE784
:1023B000054CEEE7054CECE7D8A100201AB600204A
:1023C00021B6002000100040520008001200080052
:1023D0002DE9F0479946494B494C4FF0010AC3F8A3
:1023E00010A0484B154603221A700027C5F340037E
:1023F000A370677027706771A771064699F900008E
:1024000088461BF039FC404B404AC0B2C3F80C056B
:102410001268002A63D017706770C3F804253C4A1D
:10242000C3F800220EB91BF085F8374C0023F600E4
:10243000C4F86065C4F83431D4F83421C4F82831C4
:10244000D4F82821C4F83031D4F83021C4F804314C
:10245000B8F1010FD4F8042105BFC4F80031D4F855
:10246000003143F2024443F2134415F001003AD024
:102470000C2000F02BFE244B0022C3F86821D3F877
:102480006831244BC3F80C21D3F80C210822C3F87F
:1024900004231D4B2048C3F8044300211BF0CFFB4D
:1024A000164B28BBD3F8404599F801001BF0D4FB2C
:1024B0001A4B1C60FFF7F4FE104AD2F8003243F4C6
:1024C0008073C2F8003241460122042000F010FD62
:1024D000B8F1000F10D1BDE8F047FFF707BD84F851
:1024E00001A052229CE71BF08BFB0028C0D1D0E753
:1024F0000124C3F84045D7E7BDE8F08700800040DD
:102500001AB6002021B6002000100040D8A10020FB
:102510005200080000400140D0AF0400DCA10020C0
:1025200010B51B4B1B4905221A701B4B1A681B4B1D
:102530004AB3002010704870C3F80425184AC3F845
:1025400000220024C3F80441D3F80421C3F8384121
:10255000D3F83821C3F83041D3F83021C3F83441DF
:10256000D3F8342147F20202C3F80423FFF7CCFC6E
:10257000FFF796FE22462146042000F0B9FCBDE894
:102580001040FFF7B3BC01224A701222D7E700BF08
:1025900021B600201AB60020D8A10020001000406B
:1025A0001200080013B500238DF80730094BD3F84B
:1025B000480500F07F001BF045F904460DF10700C7
:1025C0001BF061FB9DF80730E0184042C0B202B03A
:1025D00010BD00BF001000402DE9F84F9B46514B45
:1025E0009DF82890504F514CB2F1000815464FF01D
:1025F00001021A614E4B4FF006021A704D4B18BF84
:102600004FF00108002283F80080FA704A4B82469E
:102610009BF900001D700E461BF02EFB012DC0B271
:10262000C4F80C05C4F804A55ED9444AC4F80022D5
:1026300000F09CFC0022012EC4F86C21D4F86C112F
:1026400003BFC4F80021D4F800213D484FF00060DA
:10265000E5B1364A002119F0020FC2F84811D2F84C
:1026600048411BBFC2F84411D2F8441140F4802005
:1026700040F4C02019F0040F08D00021C2F8001166
:10268000D2F80021012240F00100FA70274A00240C
:10269000C2F8044140F00200D2F804113C71C2F8C3
:1026A00004039BF801001BF0D7FA8DB32549264897
:1026B0001BF0C5FA2146054622481BF0BAFAD0B9EC
:1026C000184AD2F8003243F48073C2F8003200F0A6
:1026D000DDFCFFF7E5FD314640461BF0F5F8F6B9A5
:1026E000BDE8F84FFFF702BC0CBF184A4FF4A01228
:1026F000C4F800229EE7002DE2D00A4BD3F8002256
:1027000042F48072C3F800220222C3F84025E0E7B9
:102710000F4829461BF08DFA0028D1D0EDE7BDE81F
:10272000F88F00BF008000401AB600200010004063
:1027300021B6002019B6002018B600200018140099
:1027400011000008A0AF0400D0AF0400003814004E
:10275000B8AF04002DE9F0413A4D2B78042B074621
:102760000C4601D01AF0E6FE0FB91AF0E3FE07237B
:102770003F2C2B70344D04D801232B610020BDE881
:10278000F081324B32481E682644324CA6F13F0895
:10279000C5F844854FF4A013C4F804750027C4F8A5
:1027A00000321822C4F854713946D4F8543127F055
:1027B00090F9274A0523173E394610461374556091
:1027C000D6601BF036FAD5F8003298BB43F480731C
:1027D000C5F80032FFF764FD0023C4F86C31D4F86B
:1027E0006C21C4F80431D4F804311A4C00F02EFCEA
:1027F000154B0122DA64D3F84C25D3F840359045C7
:1028000003D9984519D9934217D31BF069F8D4F826
:102810005035DBB2092B10D0D4F854316BB900F02D
:1028200027FC1BF009FA01201BF00FFA064B0122CE
:102830001A61A3E743F40073CAE7074BC4F80433F3
:1028400001209CE721B6002000800040DCA1002090
:10285000E0A100200010004012000008F8B5434C31
:1028600023780C2B7ED8DFE803F00D0D070E2D31F9
:102870004A62777D7D7A0D003D4B1022C3F8082314
:102880000C232370F8BD1BF007F81BF0DBF9394966
:102890003748D1F80032384A23F48073C1F8003247
:1028A00043F2134500231370C0F80853334D082634
:1028B000C5F80863C0F800325370FFF7D5FA01235A
:1028C0000B61DDE72B4B01221A61D9E70021284D6E
:1028D000042000F075FB47F20203C5F808331BF033
:1028E000B1F900F0E5FB2349234AD1F8003223F483
:1028F0008073C1F800320023C5F80032DCE7204FB6
:102900001B4D387800261AF0E5FF00F07BFBC5F878
:1029100000623878FFF792FA1A4BC5F80833164B65
:102920001E715E7001232B63FFF79EFAA8E7104D1E
:1029300000F09EFB0023C5F800321BF07DF90D4B23
:10294000D3F8002222F44072C3F8002201221A6157
:102950000D4BC5F80833E7E7FFF798FA90E7FFF764
:10296000ADFA8DE7BDE8F8401AF0E4BD21B60020CD
:1029700000100040008000401AB6002000400140D6
:1029800019B60020130006080200000808B50F4A17
:102990001378013B0B2B07D8DFE803F00815060A74
:1029A000060606060606060D1AF0C4FD00200BE01A
:1029B000074B0121196102231370FFF755FA054BEC
:1029C0001022C3F80423012008BD00BF21B6002057
:1029D000008000400010004010B5154C2378012BFA
:1029E00004D023780C2B01D01AF0A4FD0823237007
:1029F000104B00244FF42052C3F80022C3F8484182
:102A0000D3F84821C3F84441D3F844214FF4C022FD
:102A1000C3F80423FFF778FAFFF742FC2246214669
:102A2000042000F065FABDE81040FFF75FBA00BF70
:102A300021B600200010004038B5174D2B780C2B24
:102A4000044604D02B78012B01D01AF073FD013C11
:102A50000B23B4F5001F2B7001D31AF06BFD0F4B45
:102A6000C4F31404C3F864464FF400420024C3F8CE
:102A70000022C3F83C41D3F83C11C3F80423FFF70C
:102A800043FAFFF70DFC22462146042000F030FAFD
:102A9000BDE83840FFF72ABA21B6002000100040F8
:102AA00073B51AF076FEA64BD3F80423160714D597
:102AB000A44AD2F8681181B10021C2F86811D2F895
:102AC0006821C3F80C11D3F80C319F4B1B78032BF2
:102AD00001D01AF02FFDFEF765FA9A4BD3F80423C4
:102AE000D50718D5D3F80021AAB10022C3F80021D8
:102AF000D3F800210122C3F8082300F049FA924BD1
:102B00001B78032BDAB206D0062A1ED18F4BDB7856
:102B10000BB11AF014FE8B4BD3F8042394071CD589
:102B2000D3F80421CAB10022C3F80421D3F8042148
:102B30001022C3F80823844A1278033A042A76D86C
:102B4000DFE802F0067560666F001AF0F3FCE2E75A
:102B50007E4B9B780BB1FEF775FA7A4BD3F80423C2
:102B6000500411D5D3F8382172B10022C3F83821AE
:102B7000D3F838214FF48042C3F80823724B1B78F6
:102B8000052B57D1FEF7F6F96E4BD3F80423510508
:102B900021D5D3F82821F2B10022C3F82821D3F897
:102BA0002831694B1B78032B01D01AF0C3FC674B0B
:102BB000644D01221A70D5F8343163B9D5F86045F7
:102BC000C4F3C7042046FEF777FA84423EBF00B242
:102BD000C000C5F860055B4BD3F80423920435D5DB
:102BE000D3F8342192B30022574CC3F83421D3F8E0
:102BF00034312378032BDAB21FD0052A3DD01AF0E6
:102C000099FC23E0514B01225A71FEF7A5F9A4E784
:102C10000222C3F808234D4B01221A71FEF708FC6B
:102C20009BE70222C3F80823FEF73EFC95E71AF063
:102C300081FC92E71AF07EFCA6E7FFF7BFF9444B50
:102C400001221A610C232370FEF7F4FA3D4BD3F8EE
:102C50000423D60421D5D3F83021F2B100223A4C16
:102C6000C3F83021D3F830312378032BDAB20BD0FC
:102C7000052A29D01AF05EFC0FE0FFF7FBF90C23C0
:102C80002370FEF701FBE1E7304B01225A71FFF799
:102C900095F904232370FEF705FB2A4CD4F804337E
:102CA0001D011ED5D4F86C31DBB1274D0026C4F8C8
:102CB0006C61D4F86C312B78062BDAB20BD0072A72
:102CC00027D01AF037FC0CE0FFF7D4F90C2323705F
:102CD000FEF760FCE1E7FFF7AFF90C232B70FEF77E
:102CE0002FFC184BD3F80423D40638D5D3F8102181
:102CF000AAB30022144CC3F81021D3F81021217874
:102D00000329CAB22BD027D8022A5BD01AF012FCB2
:102D100025E000F0ADF9C4F800621AF08DFF0C4B0D
:102D2000D3F8002222F44072C3F8002201221A6173
:102D3000084BC4F808330C232B70FEF7E9FBD0E7EF
:102D4000004001400010004021B600201AB60020CB
:102D50000080004012000008063A012AD6D8524BE3
:102D6000D3F80423900315D5D3F8442192B100225F
:102D70004E4CC3F84421D3F844312378062BDAB201
:102D80002DD0082A2ED1FFF781F80C2301202370C3
:102D90001AF0C8FC444BD3F8042351034DD5D3F8A3
:102DA0004821002A49D0414C0025C3F84851D3F8A6
:102DB00048312378062BDAB217D0082A6CD01AF0E3
:102DC000B9FB3AE01022C3F8082303201AF03DFFB4
:102DD0001AF02DFF012323701AF0A1FCBFE7FEF7C4
:102DE0005DFCD7E71AF0A6FBD4E7314B1B780BB993
:102DF0001AF0A0FB2F4A1378012B18D91378013B46
:102E0000DBB213701378012BDDB216D100F0FAF8A3
:102E10002549294BC1F80032D1F848316BB10D6317
:102E2000FFF722F80023C1F84831D1F84831FFF705
:102E300003F90C232370FEF753FC1B4BD3F8042338
:102E4000120424D5D3F83C210AB3184D0024C3F84A
:102E50003C41D3F83C312B780B2B01D01AF06AFBA4
:102E6000114B8DF80740D3F86806C0B21AF001FD87
:102E70000446FFF723F80C230DF107002B701AF01E
:102E800002FF9DF80730E01A40B2FEF749FC02B09D
:102E9000BDE87040FEF724BEFEF7F8FF0C2328467D
:102EA00023701AF03FFCC8E70010004021B6002054
:102EB00019B6002018B600200038140010B5EFF342
:102EC000108472B6094BD3F8042312070AD5D3F83D
:102ED0000C213AB10022C3F80C210120D3F80C31A7
:102EE000FDF748FB84F3108810BD00BF004001408F
:102EF00010B5174B0024C3F83C41D3F83C31154BB7
:102F0000154CC3F8484500F1804000F58050C3F8E7
:102F10004C051248C3F82C09BAB1114AC3F8504500
:102F20004FF4E070C3F854250E4A11B90E49C3F8A6
:102F30004015C3F84425074BD3F8002842F080021F
:102F4000C3F80028C3F8040510BDC020ECE700BF9B
:102F50000040014000F001403C41014004F00140CC
:102F6000008000403C40014010110040064B074AE1
:102F7000C3F86025A2F58E72C3F864254FF4806211
:102F8000C3F80425704700BF00F00140481100401D
:102F9000084B0022C3F83C21D3F83C31064A074BCA
:102FA000C3F8402502F5973202F59672C3F844251E
:102FB000704700BF004001401011004000F0014088
:102FC0000F4B002914BF4FF4E072C022C3F808254C
:102FD0004FF00002C3F84825C3F84C25C3F82C294C
:102FE000C3F84025C3F844251CBFC3F85025C3F8D7
:102FF0005425D3F8002822F08002C3F80028704737
:1030000000F00140054B4FF48062C3F80825002210
:10301000C3F86025C3F86425704700BF00F0014085
:1030200008B5084BD3F85035DBB243B9064B1AF05C
:1030300057FCD3F83C01003818BF012008BD01201F
:10304000FCE700BF0010004000400140054B064A6D
:10305000C3F85825054AC3F85C254FF40072C3F83D
:103060000425704700F001404481004000100040FA
:10307000054B4FF40072C3F808250022C3F8582509
:10308000C3F85C25704700BF00F00140054B064ABD
:10309000C3F85025054AC3F854254FF48072C3F88D
:1030A0000425704700F001403C4101400080004091
:1030B000054B4FF48072C3F808250022C3F8502551
:1030C000C3F85425704700BF00F00140074B084A81
:1030D000C3F8682500F1402000F580304FF400620D
:1030E000C3F86C05C3F80425704700BF00F0014029
:1030F00068110040054B4FF40062C3F80825002218
:10310000C3F86825C3F86C25704700BF00F0014084
:10311000074A00231360074A1370074B18B9187049
:10312000064B1870704702781A704078F8E700BFB5
:10313000F8A1002024B6002023B6002022B60020EB
:10314000034B1A68034B002A18BF1846704700BF8C
:10315000F8A1002025B6002038B504460D4609B96F
:103160001AF0E8F90E4A0F4B10780F4A1B781268D4
:103170002B70687092B10D490A780132D2B240B119
:1031800023B12046BDE8384026F07CBC084B1A78B5
:10319000F7E71BB1064B1B78D21AF2E738BD00BF28
:1031A00022B6002023B60020F8A1002025B600207A
:1031B00024B600202DE9F84F04460E462779062F45
:1031C00000F23381DFE817F0070083008F009B00D7
:1031D000D000DF003801002E00F0D0806379022B90
:1031E00040F2CC802268537803F00701052967D0AC
:1031F000907800F00105C5F1040110F0200FC9B26C
:1032000000F00C0C07D1BCF1000F13D0C5F106057E
:10321000A171E9B20EE0BCF10C0FC3F3801323D10E
:1032200000F0C00EBEF1C00F40F0088183F0010332
:10323000002BEBD19378834813F00C0F18BFE1718A
:10324000937803F00C03C35CFF2B00F0978063744A
:103250000B44DBB2E374917850788D06C0F3801094
:103260000AD43F2917D81FE03F28CCD8BCF1000F63
:1032700018BF83F00103DBE701F00C050C2D05D12D
:1032800001F0C005C02DECD163720DE03F290BD9D0
:1032900080F001010DB180F0010111B12372023300
:1032A000DBB291783F29EFD8927802F0C002802AF1
:1032B00009D0C02A09D0002A60D1A2741A4422750C
:1032C000012323717AE70222F7E70822F5E7E27C7F
:1032D00063799A4205D923685B7803F00703052BCD
:1032E0004CD10223EDE7227D63799A4205D9236808
:1032F0005B7803F00703052B40D10323E1E7032E9E
:103300003CD92268517801F00703052B06D00D0740
:10331000237DC1F3C00003D46375E0750423D0E7B7
:10332000617999422AD9A372D15C5D1C8906EDB2FC
:103330005CBFE5725D1DD35C58BFEDB213F0180F92
:10334000C3F3C1000AD01AF0D6FB257310B1657320
:103350000544EDB2A5730135A075EDB220461AF013
:10336000AEFB6575E075D9E7627D63799A4261D9F4
:1033700023685B7803F00703052BA2D0BE428CBF05
:103380000020012054E0052EF8D9D4F800B063796C
:103390009BF800A00AF101029A42EFD11AF0800FC7
:1033A000ECD19BF8013003F00703052B2FD09BF8DD
:1033B000023094F815909B0722D584F80F909BF863
:1033C00000A00AF1FF35EDB2FF2D204614BF5D4489
:1033D00000251AF074FB0BEB09082D1A294640460C
:1033E0001AF05BFB60B998F8003003F07F030233FA
:1033F00098444545C2D30CD1A5EB0B055FFA85F97E
:103400000AF1FF33DBB24B4501D084F8109006235C
:1034100057E740461AF041FB0028DFD008F10208C8
:10342000A8EB0B085FFA88F9EAE71AF083F80020A6
:10343000BDE8F88F052344E70120F9E73F287FF630
:1034400015AFE3E60AFA04002DE9F0414B798CB0A0
:1034500004460D4683B38F79194B01930FCC4FF07F
:10346000000802AECDF82280CDF82680ADF82A8083
:103470000FC62B88ADF8203094E80300AB788DF8A8
:103480002530EB798DF828304FF0FF3386E80300C4
:103490000B932979EB788DF8247043EA01210DF123
:1034A000220238461AF023FA01AA414640461AF091
:1034B00095F90CB0BDE8F081FEF718FC0746CBE7A4
:1034C0001C0C0020044B002083F8210083F84500E9
:1034D00083F86900704700BF00A200202DE9F04189
:1034E0008846064608B91AF025F8B8F1000F01D150
:1034F0001AF020F8154F00243D46414638461AF090
:1035000032FB78B124235C432B1993F820308BB91C
:103510001C342C4454E8002F531C0DD1BFF32F8FC3
:10352000062005E00134032C07F12407E5D1022031
:10353000BDE8F081064CEDE7013244E800200028A8
:10354000E8D12368013B3360F2E700BF00A200200E
:10355000FCA10020034B00221A70BFF35F8F0248CA
:1035600000F09EBDA5B60020882C002013B5144C99
:10357000237843B1134B01A81B6801931AF030F96B
:1035800018B10023237002B010BD0F4A136803F571
:10359000FA7313600D4A934201D919F0CBFF0C481E
:1035A000D0E9043213F5FA7342F10002C0E90432A3
:1035B00000F04CFD0028E6D019F0BCFFE3E700BFA7
:1035C000A5B600206CA2002070A2002040420F008F
:1035D000882C0020064B0748D2221A60064A002396
:1035E0001360064A1370064A13601AF063BB00BFEB
:1035F000200C0020882C002070A20020A5B60020FE
:103600006CA2002038B5114C114D206000F00AFD6D
:1036100023681A780F4B1B6803EB42130E4A03F51D
:10362000C07313601B180D4A41F10001C2E9043157
:103630000B4B15620124104614771C7000F006FD38
:1036400018B1BDE8384019F075BF38BD6CA2002034
:103650006D350200200C002070A20020882C002074
:10366000A5B6002008B5054B1B7823B1042902D06C
:1036700010B1FFF76FFF012008BD00BFA5B6002005
:1036800008B5074B02681B689A4204D0054B1B78AB
:103690000BB119F04FFFBDE80840FFF75BBF00BF5B
:1036A0006CA20020A5B6002008B5044B1B780BB90E
:1036B00019F040FFBDE80840FFF74CBFA5B6002059
:1036C00008B5064B1B68834204D0054B1B780BB131
:1036D00019F030FFBDE80840FFF73CBF6CA20020A6
:1036E000A5B600202DE9F84332B1012A16D019F011
:1036F00021FF0020BDE8F883244ADBB1D2F8A8708E
:10370000082421320025BC462E46B44517DA6A1C2F
:10371000B2420CBF33462B460B60EAE71C4A1BB98A
:10372000D2F8C0721324EDE7D2F8C472192402F55E
:103730009872E7E7D2F8A47002240132E2E7ACEB1A
:10374000060506EB6505AF42E1D905FB04FE02EB79
:103750000E0883B152F80EE0D0F80090CE450FD895
:1037600011D3D8F804E0D0F80480F04508D30AD883
:103770000D600120BEE7B0F8008032F80EE0F4E7FB
:1037800005F1FF3CC1E76E1CBFE700BF3CA5002070
:1037900074A2002008B5AC220021084826F099F94F
:1037A0004FF432720648002126F093F9034A0123B0
:1037B0001370044B00221A7008BD00BF3CA5002006
:1037C00074A20020A6B60020014B1870704700BFFD
:1037D0003CA500202DE9F3471F46002388460193AE
:1037E0000B4601A99DF8286082469146FFF77AFFB3
:1037F000002835D1B9F1000F08D0B9F1010F63D01D
:1038000019F098FE002002B0BDE8F087464CB8F1F0
:10381000000F6CD0D4F8A83004F121050820A8349A
:10382000102BEFD0019A00FB02559A1A4243294609
:10383000284426F035F9B8F1000F0CBF0222082207
:103840005146284626F01EF9B9F1010F05D1B8F10D
:10385000000F52D0083500232B74236801332360F6
:10386000B9F1010F57D1019B304DB8F1000F46D08F
:10387000192202FB035505F59C757B783A78297C63
:103880005B0043EAD213DBB2284605EB010C047857
:1038900090F801E0E20942EA4E0214F07F04D2B24D
:1038A00004D1A2F17E0EBEF1010F01D9604534D3DF
:1038B00031441029A6DC32463946604626F0E2F84B
:1038C0002B7C1E442E7426E0184CB8F1000F06D154
:1038D000D4F8C0322546132004F53074A0E7D4F89C
:1038E000C43204F59875192004F5317498E7D4F8BA
:1038F000A430651C0220A43492E70235ABE7132202
:1039000002FB03550235B8E7A6427FF47BAF32468F
:10391000394626F0B7F8012075E7934204F1020416
:10392000F2D02044B3E700BF3CA5002074A20020E1
:1039300073B5002301930C460B4601A91546FFF70A
:10394000D1FE064620B13DB1012D1ED019F0F2FD89
:103950000026304602B070BD174D3CB3D5F8A830F4
:1039600005F121040822A835002BF1D0019902FBB2
:1039700001F05B1A013B111821445A43204426F000
:103980008FF82B68013B2B60E3E70C4D34B9D5F879
:10399000C0322C46132205F53075E5E7D5F8C43260
:1039A00005F59874192205F53175DDE7D5F8A430D1
:1039B0006C1C0222A435D7E73CA5002074A200208D
:1039C00011B1012908D07047084B10B1C3F8A810F5
:1039D0007047C3F8A4007047054B18B10022C3F824
:1039E000C4227047C3F8C002704700BF3CA5002046
:1039F00074A20020022802D8024B1870704719F0F8
:103A000099BD00BFA6B6002013B5264B0146187815
:103A100001281BD0022842D000283CD14B7A0C68E8
:103A2000FF2B18BFE018204B1B78002B37D0002845
:103A30002ED0A37803F0C003A3F1C0025342534138
:103A400001A90022FFF74EFE034621E0164B1B782A
:103A5000002BF9D00A68487A5478FF2804F007044C
:103A600014BF80180020032C17D1097CFF2914D023
:103A7000515C042911D1927802F0C002802A07D14A
:103A800000231A4601A9FFF72DFE80F00100C3B202
:103A9000184602B010BD19F04DFD0023F8E70123D0
:103AA000F6E700BFA6B600203CA5002073B50E4681
:103AB0001546D8B10B46012201A9FFF713FEA0B1AC
:103AC000019C0B4856B119235C43031904F59C74FF
:103AD00093F848312B70204402B070BD13235C432F
:103AE000031902349B7C2B70F5E728700020F3E764
:103AF00074A2002008B5FFF787FF20B1024A53786F
:103B000043F01003537008BDA8B6002008B580220A
:103B10000021084825F0DDFF0022074B054811462B
:103B200019F0F2FF054A00231360054A1370054A95
:103B3000137008BDA8B60020ECA50020E8A5002061
:103B4000A7B6002028B700202DE9F04FDFF8F89144
:103B500099F8003087B00446032B00F2C681DFE8F5
:103B600013F004000C000700C701022389F800309D
:103B700094F80480B8F1000F03D1002007B0BDE82D
:103B8000F08F724D2B79002B44D1714E737843F036
:103B90000202727022685278110744BF43F00A0390
:103BA000737023685B785A0642BF737843F0400312
:103BB000737023689B78DB0742BFB37843F001033F
:103BC000B37023689A78B37802F0C002C02A1CD17F
:103BD00043F00C03B370B378B8F1050F43F0200342
:103BE000B37002D92046FFF785FF317857488B1C08
:103BF00003310122C9B2337019F0A2FF08B919F0DC
:103C000099FCB8F1020F0BD8B7E7802AE3D143F053
:103C10000803DFE7B8F1020FAFD9022B00F29E8054
:103C200023684B4F9A7812F0010F08BFDB783A787F
:103C30000ABFFB700023012313443B70AB79FF2BB9
:103C40001CBF2E68F618EB7908BF0026FF2B1CBF9F
:103C50002A6802EB030A227A08BF4FF0000AFF2A03
:103C60001CBF23689B18A27908BF0023FF2A1CBF32
:103C700020688018627A08BF0020FF2A1CBF2168D4
:103C800001EB020BA27C019208BF4FF0000B3EB18A
:103C9000002B57D108B9FEF743F80388338002267A
:103CA000BAF1000F24D0BBF1000F21D023689A781D
:103CB0002B689B7802F0C00203F00C03A2F1C00C49
:103CC000DCF10002A3F10C0E42EB0C02DEF100036A
:103CD00043EB0E039A4201D019F02CFC5946019A8D
:103CE000504625F0CFFEDDF804B0B3445FFA8BF602
:103CF0003B78184A1E44637A3E70FF2B1CBF206835
:103D0000C0182368997801F0C001A1F1C00608BF6E
:103D1000002071427141FFF7C9FE0F4B186018B1C6
:103D2000BB7843F00203BB703978084801310322A5
:103D3000C9B219F005FF08B919F0FCFBB8F1040F7E
:103D400012D81AE71846A8E728B70020ECA50020EB
:103D5000A8B60020A7B60020E8A50020B8F1040FFF
:103D60007FF60BAF042B64D8297DA37AFF2916BFF9
:103D70002E6800267618FF2B00F0B3802268D71833
:103D8000002E00F0AE80002F00F0AD80D35C5948CB
:103D9000337001310422C9B219F0D2FE08B919F00A
:103DA000C9FBA37AFF2B03D02168CA5C52074AD112
:103DB00094F815A0AAEB030A5FFA8AFA0AF1FF3217
:103DC000D2B2791C701C25F05DFEEB7D9A445FFA3F
:103DD0008AF1494E474833781944C9B231700131EC
:103DE0000522C9B219F0ACFE08B919F0A3FB434B88
:103DF000DFF80CA11F686B7D2D681D444FB19AF848
:103E000000B00DB919F096FB5A463946284625F000
:103E100039FE31789AF8003036481944C9B28B1C03
:103E200003310622C9B2337019F08AFE08B919F0BD
:103E300081FBB8F1060F7FF4A0AE2046FFF75AFED3
:103E40002D48032341E0237BFF2B18BFC9182B7B90
:103E500008BF0021FF2B1CBF2868C018AB7A08BF21
:103E60000020FF2B34D02A68D65CC6F3C106731E2F
:103E7000022B2DD8B600033EF6B218B111B132466E
:103E800025F000FE95F80BB006F1010ABBF1FF0F1B
:103E90005FFA8AFA99D02F6817EB0B0F95D0AB7A9F
:103EA000FF2B16BFFB5C0023C3F3C1038DF810305A
:103EB0002B7BFF2B14BFDB19002304A903A8059358
:103EC000FFF70CFB30B10020012389F8003055E6E4
:103ED0000026D2E7039B47F80B3005365FFA86FAD7
:103EE00073E7002175E7394673E719F023FB44E6D1
:103EF000014843E6ECA50020A8B60020E8A5002074
:103F0000A7B6002082B00023ADF80430044B41F284
:103F100005221A60BDF804209A8002B0704700BFE5
:103F200029B7002010B50279052A0FD903689A78BD
:103F3000D2070BD4064CDB78E370FFF765FD18B1B0
:103F400012230348637010BD0223FAE70020FAE74A
:103F500029B70020014B1860704700BF04A600205D
:103F60000D4A82B00D2312F9131081420FDC0B4A67
:103F700032F81330ADF804309DF80430002063F3BC
:103F800007009DF8053063F30F2002B07047013B36
:103F9000E9D132F8013CEDE718FA040017FA040001
:103FA000024A00231370024A137070472FB7002093
:103FB00030B7002008B5034B1B780BB919F0BAFADB
:103FC000012008BD2FB7002011B1024B18787047AF
:103FD000012070472FB70020024B012204201A70E5
:103FE000FCF7C0BE2FB7002038B50C4D2B788342AC
:103FF000044608D040B9FCF7A7FA094B20461C70CC
:10400000FCF7B0FE2C7038BD002BFBD1044B1B78A5
:104010000BB119F08FFAFCF783FAF3E730B7002001
:104020002FB7002008B51BF07FF9074AA0FB020359
:1040300002FB013147F6FF73C01841F10001C00BCC
:1040400040EA4140C90B08BD40420F0037B5044665
:10405000FFF7E8FF2369181A0E4D0F496C6301281A
:10406000B8BF01204FF4004C0C460021E0FB0C418E
:104070000A4A00232046DCF793F802460B4600214B
:104080000020CDE90001284603F0CEFF002003B058
:1040900030BD00BF080F00203F420F0040420F001C
:1040A00038B50F481BF099F9044610B10524204695
:1040B00038BD0B481BF019F94FF47A75A0FB053297
:1040C00005FB012247F6FF715B1842F10002DB0B92
:1040D00053EA4243EAD0024803F0CCFFE7E700BFCF
:1040E000080F0020024AD2F80034002BFBD07047A2
:1040F00000E0014010B54FF08053D3F83021082A7A
:104100004ED14FF080420021C2F80C11C2F81011BC
:10411000C2F8381502F54042D3F80414C2F820154D
:10412000D3F80814C2F82415D3F80C14C2F82815D3
:10413000D3F81014C2F82C15D3F81414C2F83015A3
:10414000D3F81814C2F83415D3F81C14C2F840156B
:10415000D3F82014C2F84415D3F82414C2F8481533
:10416000D3F82814C2F84C15D3F82C14C2F8501503
:10417000D3F83014C2F85415D3F83414C2F86015CB
:10418000D3F83814C2F86415D3F83C14C2F8681593
:10419000D3F84014C2F86C15D3F84434C2F8703523
:1041A00019F08BFD18B1374B374AC3F88C2619F03C
:1041B00084FD18B1354BFB22C3F8182519F07DFD9D
:1041C00058B14FF080424FF08051D2F8E43ED1F820
:1041D000581261F30303C2F8E43E19F06EFD20B1FA
:1041E0002B4B4FF40072C3F840264FF08053D3F8A6
:1041F0003031082B17D14FF08043D3F80024D20779
:1042000044BF6FF00102C3F800244FF08053D3F88D
:104210003431042B81BF4FF01023D3F808224FF024
:104220008043C3F858254FF01023D3F80022002A0A
:1042300003DBD3F80432002B22DA164901234FF0B6
:104240001020C1F804351224FFF74CFFC0F80042DB
:10425000FFF748FFC0F80442FFF744FF0023C1F80E
:104260000435FFF73FFFBFF34F8F0B490B4BCA6875
:1042700002F4E0621343CB60BFF34F8F00BFFDE752
:1042800010BD00BF005000404881030000F0004016
:104290000090024000E0014000ED00E00400FA055B
:1042A000014B1860704700BF08A6002010B5054BF1
:1042B0001868144619F013FD0028A4BF20700020D0
:1042C00010BD00BF08A60020024A01238340C2F8A7
:1042D0000435704700F00140014B00201B6818476F
:1042E0000CA60020014B1B68184700BF0CA600203D
:1042F00010B50C4C237993B9012323710A4B20602C
:10430000002818BF184600F04BF850B9236807483A
:10431000002BBDE8104008BF184600F091B86FF0C0
:10432000770010BD0CA60020D9420200E542020031
:1043300008B5064B1B682BB10020E0F7FBFB08B962
:10434000E0F7D6FB024B01221A7008BD0CA6002034
:1043500031B7002038B54FF080440123C4F808334A
:1043600063600023C4F80031D4F8003142F21075C4
:10437000D4F80C24D4F80C34D20307D5DB0705D5C8
:10438000012019F0AAFC013DF2D138BD19F00DFD54
:104390000028FAD0014B00225A71F6E714A600203B
:1043A00010B508490C794CB9012308600B7119F05C
:1043B000FCFC08B9002010BD4C71FBE76FF07700E2
:1043C000F9E700BF14A600204FF080430022C3F895
:1043D0000021D3F80021094901221A60096811B1AE
:1043E000C3F804237047D3F80021002AFBD0002231
:1043F000C3F80021D3F80031704700BF14A6002095
:1044000010B54FF08043D3F80423D20715D5D3F865
:10441000002192B10022C3F800210121D3F800212C
:10442000C3F8081319F0C1FC044B10B15A7922B932
:104430005971BDE810401B68184710BD14A6002034
:10444000074A137943B90121106011714FF080427E
:104450001846C2F8183570476FF07700704700BFF4
:104460001CA6002010B54FF080431D4CD3F8181443
:10447000D3F8182411F4803F1AD002F00302012A65
:1044800001D092B900224FF08043C3F818250022D2
:10449000C3F80421D3F8042101229A6022688AB962
:1044A000D3F80421002AFBD014E019F08FFCE9E7CF
:1044B000D3F81424D107E5D5D3F81C249207F4D4FB
:1044C00022681AB10222C3F8042310BDD3F80421D4
:1044D000002AFBD00022C3F80421D3F80431F4E70A
:1044E0001CA60020F8B54FF08043194FD3F80443C1
:1044F000012504F01A04002604B9F8BDB4FA84F0CA
:10450000C0F11F00830003F580739BB203F1804369
:1045100005FA00F2196892B224EA02040029EBD0ED
:104520001E601B684FF08043022AC3F808230BD19A
:10453000D3F81814D3F81814890705D1C3F81855FF
:10454000C3F804239D60D7E73B68C0B29847D3E720
:104550001CA60020036803F01F025B09026004D060
:10456000012B034818BF002070474FF0A040704750
:1045700000030050034A430900F01F00D35C1844B5
:10458000C0B2704733FA0400024611F0010030B5A2
:1045900015D18B07C1F3400022D51249D1F820056F
:1045A00050604FF08052C1F82005D2F83021082A1F
:1045B00008BFD1F82025003818BF012010E04FF0C7
:1045C000A0444FF08055D4F820351360C4F820354E
:1045D000D5F83051082D08BFD4F82045002BD8D08D
:1045E00030BD00BF00030050F7B504460846FFF792
:1045F000C1FF04EB40060D46B38ADB072AD52046EF
:1046000019F0F7FC2946204619F053FC50B120461A
:1046100019F065FC276807EB80000023C0F810350F
:10462000C0F810352946204619F082FC0021B182DD
:1046300001A80195FFF78EFF019B00EB8300074B5C
:10464000D0F80027134043F00203C0F800370846B3
:1046500003B0F0BD6FF01500FAE700BFF0F8FCFF03
:10466000014819F05ABB00BF280C002010B50448BF
:104670000C4619F034FB0028A4BF2070002010BDA8
:10468000280C00202DE9F04F074689B057F8049B0D
:10469000D9F80413C9B28346082241F000414846C4
:1046A00019F07FFC051E2FDA0023032106A8CDE9AF
:1046B0000633FFF769FF634B01930DF118084FF0C4
:1046C000000A019A604912F8013B0192DA0803F0EE
:1046D00007038A5C22FA03F3DB071CD40AF1010307
:1046E000022B08F104084FF0010AEAD14FF0004113
:1046F0000022484619F055FC032106A8FFF744FFA5
:104700000028D8D125F000450124002D40F08480F8
:1047100009B0BDE8F08F4D4B53440293D8F80060C8
:10472000002EDBD0029B96FAA6F61C78B6FA86F627
:1047300046EA44142046FFF71DFF0BEB4000F20849
:10474000818A18F802000594C1F382030393009351
:1047500006F00706012303FA06F620EA060008F829
:10476000020005A8FFF7F6FE059A039B02F5E0722A
:1047700011F0100F50F82260C6F3014633D0009AB2
:104780003846214619F0B5FB05A80594FFF7E2FE6F
:10479000059B03F5E073F6B250F82330C3F30143F1
:1047A0009E4207D10021204619F074FB3146204675
:1047B00019F070FB05A80594FFF7CCFE059B0122BC
:1047C00002FA03F3C0F820354FF08053D3F83031AC
:1047D000082B01BFD0F82035D0F82035D0F820358F
:1047E000D0F820359AE7022E14BF0221032120467B
:1047F000039319F04FFB039B032B03D0022E07D129
:10480000012BD7D1009A2146384619F072FBD1E727
:10481000032ECFD1022BF4E795FAA5F3B3FA83F375
:1048200004FA03F225EA020503F5A2720BEB430337
:1048300059F82220B3F87C10C2F30142384619F02F
:1048400058FB62E743FA0400FCAF040043FA04009B
:10485000044AD2F80034DB07FBD50160BFF35F8F59
:10486000704700BF00E001404FF080531A69B0FB71
:10487000F2F302FB13036BB9084B0222C3F80425C1
:10488000C3F80805D3F80024D207FBD50020C3F8ED
:10489000040570476FF00C00704700BF00E0014056
:1048A00010B5054C0123C4F80435FFF7D1FF0023F0
:1048B000C4F8043510BD00BF00E0014010B5174C2E
:1048C00023783BBB0278C2F3400392070FD54FF029
:1048D0008053D3F83021082A08D1D3F83431022B81
:1048E00002BF4FF080430122C3F8382601234FF066
:1048F0008042C2F88035037803F00103C2F87835AE
:104900000020E0F717F908B9E0F7F2F80123237067
:10491000002010BD6FF07700FBE700BF32B700202A
:104920004FF080434FF46072C3F80823014B00221C
:104930001A60704724A6002008B5FFF7F1FF03684E
:104940000BB1014A136008BD24A6002010B54FF03A
:104950008043D3F80443620707D54FF4847019F0FD
:104960002FFD10B11E4B1B689847A30608D54FF4C6
:104970008A7019F025FD18B11A4B00201B68984762
:10498000600608D54FF48C7019F01AFD18B1154B5C
:1049900001201B689847210608D54FF48E7019F046
:1049A0000FFD18B1104B00201B689847E20508D591
:1049B0004FF4907019F004FD18B10B4B01201B68E7
:1049C0009847A3050AD54FF4927019F0F9FC28B165
:1049D000054BBDE810401B680220184710BD00BF02
:1049E0002CA6002028A6002024A6002080F080030A
:1049F000042B04D8054B034413F8800C7047072898
:104A00009ABF034B185C0020704700BF45FA0400B2
:104A10004AFA0400064B93F82E00012806D002281B
:104A200018BF042814BF01200020704700207047E1
:104A300030A6002070B50D4A002392F830100125F1
:104A40001E4618B90BB182F8301070BD90FAA0F371
:104A5000B3FA83F305FA03F40C3302EB430320EAC1
:104A60000400DE8021EA04010123EAE730A60020E9
:104A700073B50023044601AA0E464FF480710193DA
:104A800019F0BFFC4FF48A71204619F0BAFC4FF4BC
:104A900082710546204619F0B4FC20B11EB115B153
:104AA000144BD3F8343601AA4FF48471204619F020
:104AB000A8FC4FF48671204619F0A3FC4FF48871CE
:104AC000204619F09EFC0C4B234083B14FF48E75A9
:104AD000294601AA204619F094FC291F083589B2FD
:104AE0002046ADB219F08DFCB5F5AE7FF0D101983E
:104AF00002B070BD00700040C0FF3F002DE9F04FD4
:104B00009A464FF0805393B0D3F830411C9D082C47
:104B10003FD1D3F83431012B3BD00DF1080C0AAF53
:104B20003E4C3E46E046002304EB031E0133DEF814
:104B3000189548F8049B082BDEF81CE546F804EBB2
:104B4000F2D1D4F8F065D4F8403601934FF0010E5D
:104B50000023D4F84496D4F84886C4F8FC3FC4F83F
:104B6000FCEF2E4C5CF804BB04EB031E0133CEF8C3
:104B700018B557F804BBCEF81CB5082BF2D1019B31
:104B8000C4F84036F6B2C4F84496C4F84886C4F86F
:104B9000F065234B002483F8334083F834409C6055
:104BA0001C611D6083F831009C831C4BC3F8F01519
:104BB000C3F8F4257DB32322C3F80023184D174C06
:104BC00000220127110107FA02F301F18046034098
:104BD00006F5E04619BF95F81EE095F81FC09C4603
:104BE0009E46002B04EB0103C6F810E5C6F814C579
:104BF000D3F8181514BF5646002621F080710132F3
:104C000041EA0661082AC3F8181505F10205D9D151
:104C100013B0BDE8F08FC3F80053CFE70070004039
:104C200030A60020F8B50446067A4779417AC07963
:104C3000FFF7DCFE10B96FF01500F8BD214A01F155
:104C40000C0502EB4503012F987139D13046FFF76F
:104C5000CDFE0028EFD002EB4505E871E378A0789F
:104C60001B03000200F4E06003F480530343207848
:104C700000F0030003432079000400F4E020034324
:104C80006078000100F030000343A079000600F0D6
:104C9000807003436079000500F48010034308012D
:104CA00000F1804000F5E040C0F81835012303FA18
:104CB00001F192F830300B4382F830300020BCE72D
:104CC0000020C8E730A60020074B01229A6000228E
:104CD000C3F81421D3F8141104498020C1F88001CD
:104CE000C3F80025704700BF0070004000E100E0FD
:104CF00010B5FFF7E9FF154B154A93F82F00D2F8CE
:104D0000041383F82E00186821F0330108B141F034
:104D100023010020C2F81C01D2F81C41C2F818017E
:104D2000D2F81841C2F80801D2F8080193F834000B
:104D300093F8333003F0010300F00100DB0143EA94
:104D400080130B43C2F8003310BD00BF30A6002013
:104D50000070004070B5204D95F82E40002C38D1E1
:104D6000FF20012685F82E60FFF764FE1B4B1C48D0
:104D7000C3F80041D3F80021C3F80441D3F804215B
:104D8000C3F81041D3F81021C3F81441D3F81431FB
:104D90001C239A0806FA02F111F0330F1CBF03F12D
:104DA000804101F5E24102F1FF3218BF0C6006FAC2
:104DB00002F218BF096812F0330F1CBF1C501A58BA
:104DC00008335C2BE5D10720DFF792FE0020286036
:104DD00070BD6FF07700FBE730A600200070004048
:104DE000FC700040014B93F83000704730A6002063
:104DF0002DE9F74307469946FFF70CFE044608BB2A
:104E0000DFF8508098F83030082601252F4203D073
:104E10002B421CD00134E4B2013E4FEA4505F5D1E6
:104E20000D4BC3F8F865131E18BF01233846CDF8A3
:104E30000090FFF763FE022388F8324088F82E3096
:104E4000304601E06FF00F0003B0BDE8F0836FF073
:104E50001500F9E730A60020007000402DE9F3416D
:104E6000804615461A46FFF7D5FD0646002837D17D
:104E7000204F97F830C008203446012318EA030F6A
:104E800004D013EA0C0F2ED00134E4B201384FEAFB
:104E90004303F3D16B8813B142B3012C26D8287891
:104EA0006B7818B113B9012C20D801260092024664
:104EB0004046FFF723FE6B880F4A0BB143F4805343
:104EC000C2F8F83587F832402B7987F8353004235B
:104ED00087F8366087F82E30002002B0BDE8F081F8
:104EE0006FF00F00F9E76FF01500F6E76FF085003F
:104EF000F3E700BF30A600200070004030B51D4A27
:104F0000136904466BBB00F06043B3F1005F2BD123
:104F100092F83250B1FBF5F305FB131038BB0BB21E
:104F2000002B24DD92F82E30052B06D8032B0BD84E
:104F3000022B0ED06FF0760030BD062BFAD10E4B4F
:104F4000C3F82C46C3F8301693683BB1C2E904415C
:104F5000F2E78D420BD1C2E90245EDE7C2E9024119
:104F6000EAE76FF07700E7E76FF00C00E4E76FF037
:104F70000600E1E730A60020007000402DE9FF4167
:104F8000574CA368002B00F0A88094F82E20022A2A
:104F900007D0042A38D06FF07604204604B0BDE86C
:104FA000F081504D0126C5F800652168E26849B1DD
:104FB000032184F82E10C5F82C36C5F830262E6053
:104FC0000024EAE7C5F82C36C5F830262E6019F023
:104FD00030FA04F108036E60019301990220FFF793
:104FE00047FD0028F9D03F4C0025C4F80851D4F8FB
:104FF0000831C4F80C51D4F80C310123A36019F026
:1050000020FAC4F80055DBE7364D4FF00108C5F82B
:105010000085276857B1052284F82E20E268C5F87C
:105020002C36C5F83026C5F80080C9E7A18B94F866
:105030003220039203EB41030293C5F82C36C5F8E6
:105040003026C5F8008019F0F4F994F83630002BBA
:1050500031D1244D01236B6002A90220FFF708FD26
:105060000028F9D00023C5F80831D5F80821C5F883
:105070000C31D5F80C21A18B94F83220194D0A443B
:10508000E16892B28A42A28321BF174AA383D2E980
:105090000201236128BF1C464FF0010328BFC2E96B
:1050A0000001AB6038BF6FF00F0419F0CAF900239C
:1050B000C5F8003571E7D5F8F465F6B208FA06F6DA
:1050C000013EBE42C5D9C5F8048000210420FFF787
:1050D000CFFC0028F9D00137F3E76FF00B045CE751
:1050E00030A600200070004038A600202DE9F041D5
:1050F0000246FFF78FFC00284DD1284F284C97F827
:105100002E3087F82F30072387F82E3001237A605E
:10511000C4F80035D4F80453C4F80003E36042B186
:1051200025F0C00545F03305C4F800530020BDE864
:10513000F08100211020FFF79BFC0028F9D0002609
:10514000C4F80461D4F80431164BC4F82C364FF07F
:1051500001080223C4F83036C4F8008019F069F958
:10516000C4F8088019F06DF9C4F80461D4F804316A
:10517000C4F80861D4F80831C4F8006597F82F30F6
:1051800087F82E30C4F81C61D4F81C31C4F81861BB
:10519000D4F81831C8E76FF00F00C8E730A6002038
:1051A0000070004048A600207FB56249614E332060
:1051B000FFF75EFC10F0100F05460BD05E4B10227F
:1051C000C3F80823B218C3F82C260222C3F83026ED
:1051D00001221A6015F0200F584C10D094F82E3090
:1051E000554A072B05D0D2F834369BB2E360002332
:1051F0002361D2F80433DB0601D5FFF779FDA80758
:1052000017D5002294F82E308DF80420A26802925F
:10521000062BE268ADF80C2017D0072B33D0032BF8
:1052200007D1FFF751FD022384F82E30236801A82F
:105230009847E9074ED594F82E30033B042B49D804
:10524000DFE803F0594828405D0094F8353023B179
:10525000236913B1384B01221A60236801A89847CB
:10526000374B93E8030086E8030000232361A3681B
:10527000002BDED1FFF728FD042384F82E30052310
:105280008DF80430D2E7FFF733FD02238DF80430A8
:105290006368CCE704238DF8043001A8236898479D
:1052A000254BD3F8F825D20444BF01225A60226965
:1052B000062384F82E302AB11F4B6169C3F82C26CF
:1052C000C3F8301623692BB903238DF8043001A8E5
:1052D0002368984794F82E30072B0AD0164B1948AC
:1052E000D3F8043300211840FFF7C2FB01268509DB
:1052F0004DB904B070BD104B01225A60EAE70E4B65
:1053000001229A60E6E795FAA5F3B3FA83F306FA69
:1053100003F225EA02055A08DB4303F001038DF886
:1053200009308DF8046023688DF8082001A898479B
:10533000DEE700BF38A600200070004030A6002045
:1053400040A60020C0FF3F00036803F01F025B0976
:10535000026004D0012B034818BF002070474FF0B3
:10536000A04070470003005007B5019001A8FFF767
:10537000EBFF019B00EB8300054BD0F800271340A7
:1053800043F00303C0F8003703B05DF804FB00BF2F
:10539000F0F8FCFFCB7B37B50446002B38D10B7BF4
:1053A0000878012B6ED819F06EF80B78019301A8DC
:1053B000FFF7CAFF019B00EB8300384BD0F80027B2
:1053C000134043F00103C0F800374878FF2804D0A9
:1053D00019F059F84878FFF7C7FF8B78FF2B0FD0EB
:1053E00001A88D7B0193FFF7AFFF019B00EB8300CA
:1053F0002A4BD0F80027134043EA8503C0F8003752
:10540000C878FF2804D019F031F8C878FFF7ACFF4E
:10541000CB7884F822300B7C9BB94B7820680D78D0
:10542000FF2B18BF1A468B78C0F8085508BF4FF0FD
:10543000FF32FF2B08BF4FF0FF33C0F80C25C0F838
:10544000103523688A68C3F824254B7B0A7B2068C3
:10545000003B18BF0123022A17D0032A18D0012AC3
:1054600001D143F00203C0F854354B7984F823305E
:10547000636883B1206840F3073003B0BDE8304073
:10548000DFF736BB18F0F2FF8FE743F00403EAE7DB
:1054900043F00603E7E703B030BD00BFF0F8FCFFC0
:1054A00007B5019001A8FFF74FFF019B00EB8300B8
:1054B000054BD0F80027134043F00203C0F8003733
:1054C00003B05DF804FB00BFF0F8FCFFF8B50F4631
:1054D00014461D46084E304619F02BFA10B96FF0ED
:1054E0008300F8BDB368A2B21B68394630469847BE
:1054F0000028F4D12C60F4E7DC9D040008B54FF4DB
:105500008061054803F006FB03F022FE002818BF67
:105510006FF0040008BD00BF33B7002038B50E4B54
:10552000054618681CF019F80C4B1B6823B153F89A
:10553000084904B1083C03B938BD1A6812B159686A
:10554000284690472CB1A26802B1083A2346144677
:10555000F1E72246FAE700BF70A6002068A6002007
:105560000149024819F0DEBC2C0C0020B02C0020B0
:10557000014B1868704700BF70A6002003484FF029
:10558000FF324FF0FF3301F015BA00BF9410002036
:10559000014801F081BA00BF9410002010B5FFF758
:1055A000EDFF084C20681CF063F8034620682BB917
:1055B00019F0B5F8BDE81040FFF7EABF1CF04DF850
:1055C000F0E700BF70A6002010B5044698B103684C
:1055D0008BB1FFF7D3FF0023A360084B596804F198
:1055E000080229B9C3E90022FFF7D2FF002010BD4D
:1055F0000A605A60F8E76FF01500F8E768A6002027
:1056000070B5214C86B000232568CDE9043301260E
:105610001E4B03938DF8106085BB1D4819F0ADFC3F
:1056200003AB4FF440621B49194800936FF0070326
:1056300001F0F2FCFFF7A2FF2946284619F066F8B0
:105640001BF075FF314620601BF09BFF124920685C
:105650002A461BF073FFA0B9206881211BF058FF78
:105660002068BE211BF059FF2068F0211CF00AF8C9
:10567000FFF78EFF0949064819F054FC002006B0D8
:1056800070BD6FF00400FAE770A6002090F50400EA
:10569000B02C0020F8E700201D5502002C0C002043
:1056A000F0B5304C87B0FFF769FF206801211BF08F
:1056B00048FF20B1FFF76CFF6FF004001EE0206888
:1056C0001BF030FF002842D1274B27681868596823
:1056D0006A4603C202AD03F108021833106851682C
:1056E0002E4603C608329A423546F7D11F4938463E
:1056F0001CF006F820B1FFF74BFF002007B0F0BD0B
:1057000020680F211BF066FF0028F4D120684FF6B7
:10571000ED611BF07BFF0028EDD1154A082168469A
:1057200018F0C0FF0028E6D1206869461BF0B0FFE2
:105730000028E0D10F4A102102A818F0B3FF00287A
:10574000D9D1206802A91BF0BDFF0028D3D1206861
:1057500001211CF004F80446FFF71AFF002CCCD0FE
:10576000AAE700BF70A600201CA30400FFC304002A
:105770009BF50400B3F5040008B5FFF7FFFE044BEA
:10578000002118681BF0EBFFFFF702FF002008BDA7
:1057900070A6002038B504460D46FFF7EFFE054B16
:1057A0002A46186821461BF0E7FEBDE83840FFF79F
:1057B000EFBE00BF70A60020024B01221A7018F045
:1057C0006EBF00BF33BB0020034B1A781AB1002212
:1057D0001A7005F07BB9704733BB002008B519F08B
:1057E000A3FD4FF47A72A0FB020302FB0133C00B4E
:1057F00040EA4340014B1B68C01A08BD74A6002054
:1058000013B58C18FFF7EAFF241A002C16DD4FF4AD
:10581000004C40F2E73000214FF47A720023E4FBA1
:105820000C01DAF7BDFC02460B4600210020CDE951
:105830000001064802F0F8FB02B010BD044B012243
:105840001A7002B0BDE8104018F029BFD00E002039
:1058500033BB0020014802F00DBC00BFD00E002079
:10586000A0F10B030F2B9BBF094B1B187F2013F9D3
:105870000B0C084B93F900307F2B04D09842A8BF43
:10588000184640B270477F2808BF0020704700BF0D
:1058900036BB002048BB0020034B1880034B1B681D
:1058A0000146DB680248184786A900207CA6002034
:1058B000BC9E0400024B1980024801F071B900BF80
:1058C00082A9002078110020054BBFF35B8F1B6875
:1058D000BFF35B8F43FA00F000F00100704700BF98
:1058E00078A6002001238340064ABFF35B8FDB4389
:1058F00052E8000F184042E800010029F8D1BFF338
:105900005B8F704778A600200123074ABFF35B8FA7
:10591000834052E8000F184342E800010029F8D103
:10592000BFF35B8F18F0BBBE78A60020044B834208
:1059300004D1044B06201980FFF7E6BF704700BF73
:10594000BC9E040082A90020012908D002291FD092
:1059500001BB114B187803281CD1FFF7D5BF0E4BA4
:105960001B78022B16D11378042B0DD8DFE803F037
:105970000E0308040A001123084A02201370ECE702
:105980001623F9E70B23F7E70123F5E71223F3E7E3
:105990000720E2E7704700BF4EBB002035BB002068
:1059A0002DE9F043414CDFF80881236841485B68EA
:1059B000414E424D87B09847B8F804303268023BF8
:1059C00013822368074698F806005A69FFF748FFD4
:1059D00001463848904798F81C30296898F8060026
:1059E000C3F30002C3F300135B0043EA820391F8A0
:1059F0004F2022F00602134381F84F30FB0516D5E5
:105A0000D8F814309BB1FFF747FF23682A689C69D8
:105A1000336804212748A047421D3BD10B20284B67
:105A20001870042007B0BDE8F043FFF76DBF98F889
:105A30001C1011F0040925D0FFF72EFFF906D4F849
:105A4000009014D518220021684624F042F898F8F6
:105A500018308DF800306A46D9F8243015480D21E9
:105A6000984723682A689C6933680221D2E7D9F8ED
:105A7000083010489847A8B923682A689C69336899
:105A80000146C7E7FFF708FF23682A689C69336867
:105A90004946BFE70028C2D010F1230F0CBF0E20EB
:105AA0000F20BCE7431DF7D1B8E700BF7CA600205C
:105AB000282E0020BC9E040080A6002084A6002082
:105AC00034BB002070B58A680C46134600251BB90C
:105AD000052D05D9012070BD198A5B680D44F6E7D4
:105AE000D3681B7803F00703022BF3D10C4E2A4630
:105AF0003146204613F0DBFE0028EBDB094A94F820
:105B00004D30937594F84E301660FF2B1ABFAE3BA4
:105B10009BB24FF40043958053750020DBE700BF34
:105B200049BB0020002E002070B5002188B0002065
:105B3000F4F74CFC214D224C2860002200237F20EA
:105B4000F4F70CFC0146206028681E4D13F052FE4D
:105B500023681D48DA681D4B1D4C1A607F211022F6
:105B600023F0B7FFAB6823602BB31A4E1A4900230A
:105B7000009330466FF008034FF4007201F04CFAC6
:105B8000D6F88800154919F05AFA236828465B6848
:105B9000984710F0200006D180F31188BFF36F8F73
:105BA0000423184602DF0E4B0293236805485B6A04
:105BB00002AA0421984708B070BD00BF84A6002047
:105BC00080A60020BC9E040036BB0020282E0020AA
:105BD0007CA60020582D0020F8F30020E3F50400F7
:105BE0004959020008B50146034819F05BF8012045
:105BF000FFF78AFE002008BDD411002008B5014639
:105C0000034819F04FF80020FFF77EFE002008BD82
:105C1000F011002013B5064BADF806101B680548BF
:105C20001C6902220DF106030121A04702B010BD3C
:105C30007CA60020BC9E040013B5054B01911B6897
:105C400004481C69002201AB0121A04702B010BD2D
:105C50007CA60020BC9E040013B5064BADF80610D0
:105C60001B6805481C6901220DF106031146A04777
:105C700002B010BD7CA60020BC9E0400044B1A7824
:105C8000012A9DBF012200201A700D20704700BF1D
:105C90004EBB0020034B1A78012A9ABF00201870CF
:105CA0000D2070474EBB002010B5084C2378013BF7
:105CB000012B08D8064B07481B681B6A984701232D
:105CC0002370002010BD0D20FCE700BF4EBB00205C
:105CD0007CA60020BC9E04002DE9F04105468AB058
:105CE0000020FFF7F1FD002840F094800120FFF72D
:105CF000EBFD60B10120FFF7F5FD884E88480022DA
:105D0000002300F019FF0446002840F0B98002206B
:105D1000FFF7DAFD40B10220FFF7E4FD814B0021DF
:105D20001A7828461FF0F6F90320FFF7CDFD30B1B1
:105D30000320FFF7D7FD7C4928461FF0F4F9042023
:105D4000FFF7C2FD794C50B30420FFF7CBFD237859
:105D5000032B40F0D780022369467548237019F061
:105D6000F1F8744B70491B68734E93F84F30C3F3CE
:105D70004002C3F3800343EA02130A7F22F01102B8
:105D800013430B77B388002B6C4B18BF32461B783C
:105D900008BF002228461FF0CFF90023B380072058
:105DA000FFF792FD28B10720FFF79CFD2846FFF77B
:105DB0007BFF2378032B00F0AE800520FFF784FDE6
:105DC000044688B15E4E5F4A33681178DB685E48EE
:105DD000984733685D499B6A5D4A09885A489847E5
:105DE00018B90520FFF77EFD00240620FFF76CFDA3
:105DF00040B1584B284693F900101FF0A9F906202E
:105E0000FFF770FD002C00F086800AB0BDE8F0417D
:105E100018F045BC0020FFF765FD40F201184E4820
:105E20000022002300F088FE044600283FF45EAF05
:105E3000A368DB681B78ADF8008003F0F003602BEB
:105E400018D1694628461BF0B7FB064690B10121E0
:105E50001BF0FAFBA76827B9314628461BF096FBD2
:105E600008E03A8AF96830461BF0F3FB30B130465F
:105E70001BF0E6FB204613F0E6FBD0E77F68EAE77D
:105E800028220021684623F024FEA0680EF003FAC1
:105E9000C3680093A368002283BB3388ADF8042055
:105EA0008DF8063094F84D308DF8163094F84E3059
:105EB000FF2B1ABFAE3B9BB24FF400438DF8153059
:105EC00094F84F30C3F3C002C3F3000343EA420324
:105ED0009DF8172022F0030213438DF81730A36CAE
:105EE000049394F84C308DF814302846002269460B
:105EF0001FF010F9204613F0A6FBFFE6198A5B6835
:105F00000A44C9E70E4B10481B685B689847830535
:105F10003FF521AF43E70AB0BDE8F08186A9002034
:105F2000D411002035BB0020282E00204EBB0020BD
:105F30003C0C002084A60020002E002034BB002052
:105F40007CA6002046BB0020BC9E040084A9002043
:105F50002D59020082A90020F011002070B5124DC9
:105F60002A78F2B1114C124E23681248DB68318056
:105F70009847236830785A69FFF772FC01460D484C
:105F8000904723680B48DB699847022304202B7055
:105F9000FFF79AFC08B9002070BD0420FFF7A2FCAF
:105FA000F9E70D20F8E700BF4EBB00207CA60020DB
:105FB00086A90020BC9E040038B50F4B0F4D1B680E
:105FC0000F485B6898472B78022B05D0012B01D036
:105FD0000D2038BD8305FBD50A4818F081FF044623
:105FE0000028F5D10323074907482B7018F09AFFC2
:105FF00019F049F82046ECE77CA600204EBB0020B3
:10600000BC9E04003C0C0020582D00200048704726
:10601000282E002010B50E4C0E4823685B68984768
:1060200010F0010010D023680B4A9B6A0948012137
:10603000984750B94FF0FF3308484FF0FF3200F057
:10604000EBFD074B93F9000010BD7F20FCE700BF7C
:106050007CA60020BC9E0400B558020078110020E8
:1060600082A9002008B50F4B0F481B685B68984752
:106070000246430003F00200D30648BF40F0080088
:10608000910648BF40F00100930548BF40F0100062
:10609000510548BF40F08000D30448BF40F48070F1
:1060A00008BD00BF7CA60020BC9E040010B586B0D1
:1060B0000C4618220021684623F00BFD054B8DF895
:1060C00000401B6804485B6A6A460C21984706B08A
:1060D00010BD00BF7CA60020BC9E0400014B1878B8
:1060E000704700BF47BB0020F8B5114E114B376811
:1060F000114D1970BB6A2A800C46B3B10520FFF719
:10610000F1FB0620FFF7EEFBFB680C4821469847A1
:1061100033680B4A9B6A29880848984708B90020C9
:10612000F8BD0520FFF7F0FBF9E70C20F8E700BF0A
:106130007CA6002046BB002084A90020BC9E040051
:106140002D5902002DE9F04786B006468A461546CD
:10615000002118226846DDE90F789DF838901C462A
:1061600023F0B7FC002E4ED0002F4CD03F2C4AD845
:10617000BAF1040F98BF264B05F1FF32D2B294BF9B
:1061800033F81A300023032AADF8003096BF214BB4
:10619000002353F82230039304F00102A00748BF04
:1061A00042F48072610748BF42F40072230748BF7F
:1061B00042F48052E50648BF42F40052A00648BFB0
:1061C00042F48042D10448BF42F48062930448BF45
:1061D00042F40062B9F1010F04BF336805930292E3
:1061E000334642463946684608BFCDF8049019F058
:1061F00043FD0446684619F0D4FE204606B0BDE8CB
:10620000F04718F09BBA072006B0BDE8F08700BF42
:1062100062BC040000B0040038B505460C4661B10C
:10622000C02118F097FA40B1A1682868044A19F013
:1062300064FEBDE8384018F081BA072038BD00BFC1
:106240000900800330B5144687B005460A4699B167
:1062500094B1042118F07EFA70B105AB286802935E
:106260001023CDE900430649006802F0AFFE07B0F5
:10627000BDE8304018F062BA072007B030BD00BF5B
:1062800000444004F0B5164691B0102205460F4672
:106290000DEB0200002123F01CFC6FF0010308ACA1
:1062A00006936B1C039405978DF81C600BD10A496B
:1062B0002046D9F799FF094903AA2046DDF73EFF9A
:1062C000069811B0F0BD044B054A009520212046E8
:1062D0000BF01EFEEFE700BFF2F50400E5620200DE
:1062E000F5F5040010B58AB00C9CA268511C07D0CB
:1062F00063689A4204D00133636000200AB010BD85
:1063000030B9237C002BF8D00B482368024601E00B
:1063100023680A4ACDE900202021094A02A80BF08F
:10632000F7FD02A80DF003FE0023E360D4E901307D
:10633000C31A58425841E1E7DFC8040020C90400ED
:10634000FBF5040000B591B000200393129B049369
:1063500000916FF0010320210590069207930DEB49
:106360000100084B084A0BF0D3FD084903AA08A80E
:10637000DDF7E4FE079B002B14BF1720002011B0AF
:106380005DF804FBF2F50400F5F504009BE803005A
:1063900070B50C468AB015464FF0FF3100222046FA
:1063A0001E46FFF76FFF094B094A0094202102A8FF
:1063B0000BF0AEFD3246294602A8DDF78DFE00281F
:1063C00014BF032000200AB070BD00BFF2F5040026
:1063D000F5F5040010B50446DDF714FA0348044A45
:1063E00001210DF068FC204618F0AEFA28A2040046
:1063F00002F604002DE9F843044600AF0D46EFF322
:106400001188202383F31288BFF36F8F04282A4A50
:1064100098BF2A4B9668117C94BF53F82030284BC4
:10642000E9468AB06A462748CDE9073140F2013390
:10643000ADF82430244BCDE9050442F8103F234841
:1064400000234FF43151DDF7ABFACD4645B1EB698E
:10645000C3F3080323B11E4A1C4801210DF02BFC95
:106460002EB1304618F0EEFD08B1037803B9194893
:10647000E9468AB06A46184B0790CDE9053640F2E6
:106480000133ADF82030154B42F8103F00230F4880
:106490004FF41151DDF784FA2946CD462046FFF727
:1064A00099FF88F31188BFF36F8F3046DEF7C8FB82
:1064B000BD46BDE8F88300BF88A6002010B00400E8
:1064C00012F6040020F604000500000128A20400D2
:1064D00048F60400E1DA040069F604000400000153
:1064E00038B50A4B53F82040013053F82050A542EC
:1064F00000D838BD606830B1037EDB0701D418F0E6
:1065000000FA0834F3E723689847FAE724B0040058
:1065100070B5324B324C334D012286B01A70AC420A
:1065200020D30320FFF7DCFF2F4C304DAC421DD1B0
:106530000420FFF7D5FF2E4C2E4D2646AE4204F127
:10654000300419D301F076FA294CAC4230D301F073
:1065500085FADBF7D9FD284A938923F0010393815B
:1065600006B070BD54F8043B9847D8E754F8043B94
:10657000002BDDD09847D9E754F80C3C059354F82C
:10658000103C049354F8143C039354F8183C0293C1
:1065900054F81C3C019354F8203C009354E90A231E
:1065A00054E90C0100F072FE54F8303C5E65C4E71B
:1065B000D4E90A23B3F1FF3F08BFB2F1FF3F05D092
:1065C00052EA0301206803D100F0F2FE3034BCE748
:1065D0000A49183001F03CFBF8E700BF4FBB002030
:1065E000149F0400189F0400E0A00400E0A0040031
:1065F000189F0400789F0400D82E002063F1030048
:1066000070B5144E144D1549882386B003FB0066FF
:1066100001220023CDE904230F22CDE902320193A8
:10662000142303FB00554FF4A072044602FB001133
:106630000B4B0095304600F029FE337C2C7423F080
:1066400004033374074BEE60013403EBC4236B6027
:1066500006B070BD502E002088A60020F8FD002056
:10666000DDEA0300F8F500207FB50020FFF738FFD2
:106670002E4B83F308882E4C2E4D636943F4007330
:106680006361E02384F822300023E3772376637686
:10669000A37684F82030626A42F4E022626284F8D1
:1066A0002330DEF7BDF9DEF7B5FA4FF0FF33A36212
:1066B000E362DEF7B5FBDEF729FBDCF7FDFF1E48E2
:1066C0001E4C00F027FEDEF701FFAC422AD301206A
:1066D000FFF706FF0220FFF703FF01F0A3F9184BB5
:1066E000184C5C61184B0593002501231749009550
:1066F0004FF42062CDE90353CDE90155144B2046F8
:1067000000F0C4FD237C064623F0040320462374D6
:1067100018F0CDFC2846FFF773FF0D4A314620469E
:10672000DEF75CFA54F8043B9847CEE7F8FD00200A
:1067300000ED00E0149F040008300020109F0400CA
:1067400088A60020D82E0020CBF6040038FF0020B9
:106750001165020038B5064C064DAC4201D300204D
:1067600038BDD4E90112204618F038F91834F4E79E
:10677000001000203010002030B585B0DDE908455C
:10678000034B0293CDE9004518F0E6F805B030BDA3
:106790004D27030038B5064C064DAC4200D338BD3A
:1067A000204618F041F90028F9D12034F5E700BF60
:1067B000400F00200010002073B50C46EFF311814C
:1067C000202585F31288BFF36F8F05695DB12560C1
:1067D0002B680361C3690133C361002081F3118811
:1067E000BFF36F8F11E052EA030603D125606FF00B
:1067F0000B00F3E7CDE900230246083000F0F8FF74
:1068000018B9034B9B685B69236002B070BD00BF81
:1068100088A60020F7B50E4604469DF82010EFF339
:106820001187202080F31288BFF36F8F656A20697B
:10683000854245D22568AC4219D0C5B1284618F02A
:1068400058F905F1180001F093FAE26868693146D9
:1068500023F018F90023C5F88430284600F048FEDC
:1068600004F10800394600F04BFF002036E0E268F2
:10687000D9B1206A314623F005F9236AE26813444E
:10688000A2692362934201D163692362636A01337F
:106890006362102104F1280018F0A3FE0028DFD164
:1068A00087F31188BFF36F8F18E0E069636998423E
:1068B00008BFA069801AE061314623F0E3F8E5E7FC
:1068C00052EA03010CD00849896804F108004E61BE
:1068D000CDE900233946224600F08AFF03B0F0BD1F
:1068E0006FF02200DCE700BF88A60020F7B5044661
:1068F0000846EFF31186202181F31288BFF36F8FD2
:10690000616A00293BD0E268E16923F0BBF8E369E2
:10691000E26825681344A269E361934204BF636996
:10692000E361636AAC4203F1FF33636236D0284609
:10693000002D34D018F0DDF805F1180001F018FA38
:106940006969E268206A23F09DF8236AE2681344CB
:10695000A2692362934204BF63692362636A0027CA
:10696000013363622846C5F8847000F0C1FD04F16C
:106970000800314600F0C4FE384603B0F0BD52EACC
:10698000030111D00A4989684861CDE900233146E5
:10699000224604F1080000F02BFFEEE7002086F30A
:1069A0001188BFF36F8FE8E76FF02200F7E700BFB1
:1069B00088A600202DE9F341044617461E46EFF352
:1069C0001188202383F31288BFF36F8F304BC26886
:1069D0009B6872B18068984217D057EA060216D1B8
:1069E00088F31188BFF36F8F6FF00F0002B0BDE81E
:1069F000F08193F90E1021610132C4E9023288F36B
:106A00001188BFF36F8F0020F0E72169F3E793F956
:106A10000E1090F90E30994230DA9942A8BF19460B
:106A200018F07BF80546CDE900761A482246414623
:106A300000F0DEFE0028E6D0EFF31186202383F37A
:106A40001288BFF36F8FA068D0B1236821699C4280
:106A50000AD04BB193F90E309942A8BF19466FF096
:106A60007F039942B8BF194618F057F840B109485A
:106A7000314600F045FE6FF00A00B7E70025D2E787
:106A8000002DF4D186F31188BFF36F8FF3E700BFB9
:106A900088A6002050BB0020F8B583680546002B6F
:106AA00040D0234A926893423FD1C368012B03D957
:106AB000013BC3600020F8BDEFF31187202383F36F
:106AC0001288BFF36F8F0169806818F026F82C6870
:106AD000A54207D10023C5E9023387F31188BFF32C
:106AE0006F8FE7E7002CF5D0D4E9003213605A60CD
:106AF000237C002623F002032374C4E90066A66009
:106B000004F1180001F034F9AC6094F90E302B61F7
:106B10002046C4F8846000F0EBFC0648394600F0DB
:106B2000EFFDC7E76FF01500C5E74FF0FF30C2E794
:106B300088A6002050BB002073B5EFF311852021FB
:106B400081F31288BFF36F8F0468B4B12368426881
:106B500023F00303944208BF4360036023689B074C
:106B600004D02046666818F0DFFD344685F31188AE
:106B7000BFF36F8F204602B070BD52EA0301F5D01B
:106B8000CDE90023294600F10C02083000F030FE68
:106B90000028EFD1014B9B685C69EBE788A60020D9
:106BA00070B5EFF31186202383F31288BFF36F8F44
:106BB0000468A0421CD0DCB1D4E9003213605A60F2
:106BC000237C002523F00203C4E900552374A5604B
:106BD00004F1180001F0CCF8C4F884506561204637
:106BE00000F086FC31460B48BDE8704000F088BDDF
:106BF000D0E902329A4218BF01338360022110307B
:106C000018F0EFFC0028EDD186F31188BFF36F8FE9
:106C100070BD00BF51BB002013B5EFF311812024DC
:106C200084F31288BFF36F8F846844B1013C8460A1
:106C300081F31188BFF36F8F002002B010BD52EABC
:106C4000030406D181F31188BFF36F8F6FF00F003B
:106C5000F3E7CDE900230246014800F0C9FDECE767
:106C600051BB0020F8B50546EFF31187202383F3CD
:106C70001288BFF36F8F00262C68A5421AD0CCB1C2
:106C8000D4E9003213605A60237C002623F002030B
:106C9000C4E900662374A66004F1180001F068F8E6
:106CA0006FF00A036661C4F88430204600F020FCCF
:106CB0000126E1E70023AB60022105F1100018F086
:106CC00090FC28B926B987F31188BFF36F8FF8BD00
:106CD00039460248BDE8F84000F012BD51BB002023
:106CE00007B5064B0093064906484FF0FF334FF4B3
:106CF000806200F091F903B05DF804FB3CB0040041
:106D000038090120602F00202DE9F04FDFF89C8129
:106D100085B004464FF0FF364FF0FF37EFF311898F
:106D2000202383F31288BFF36F8FD4F88C5065BB98
:106D3000022104F1A40018F02EF8002800F084804D
:106D400004F19C0BD4F89C505D4500F08A80002D26
:106D500000F08780D5E9003213605A602B7C4FF039
:106D6000000A23F002032B74C5E900AAC5F808A0A5
:106D700005F1180000F0FCFF0123C5F88430C5F8C8
:106D800014A0284600F0B4FBDCE7D4F890202B6870
:106D9000C4F88C30954208BFC4F89030D4F8A430C1
:106DA00043F00203C4F8A430EB6823F0040343F07B
:106DB0000103EB606B6889F31188BFF36F8F28467E
:106DC0009847EFF31189202383F31288BFF36F8F65
:106DD000EB68D80623F001024ED4EA60EB689A070C
:106DE0001BD5D8F8000023F00203EB60A8B10268BD
:106DF000002190B143689D424ED10368002943D1E0
:106E0000D8F80420C8F80030904201D1C8F8043006
:106E1000002340F8083BFFF7C3FED4F8A43023F06A
:106E20000203C4F8A430DB053ED4D4F88C30003B18
:106E300018BF012389F31188BFF36F8F002B3FF434
:106E40006DAF18F020F969E7D4F8A430D90608D559
:106E5000C4F8A40089F31188BFF36F8F05B0BDE8B3
:106E6000F08F0023CDE90067029304F194024946B4
:106E70000F4800F009FE51E723F01103EB6005F124
:106E80001000FFF78DFEA9E70B60D8F80430984298
:106E900008BFC8F80410BBE701461AB113681046D2
:106EA0001A46A6E71346FAE70023C3E7A8A6002080
:106EB00052BB002070B5C368C3F340069B0705466C
:106EC0000C460DD50122002104F1080017F053FFF4
:106ED00000232360054B65605A681AB9C3E9004472
:106EE000304670BD14605C60FAE700BFA8A60020C1
:106EF000F8B5C3689A0704460E46C3F3400542D46A
:106F00005F0742D40B680BB983680B60E368D8074E
:106F100044BFA368336037684CBF0225012557B3CF
:106F20001B4B9A68D7F888309A421ED118F081F826
:106F300080F00100C0B2D7F8A430D907C3F38002B3
:106F40001CD5F2B1F8B100232360D7F8903073B9A3
:106F5000C7E92344384617F07CFFE36843F0040395
:106F6000E3603368A3602846F8BD0020E3E71C60B7
:106F7000C7F89040EEE76FF0150506E06FF01205D8
:106F800003E01B07DFD56FF00F0500233360EAE74E
:106F900088A60020F8B5C36803F00503002B064659
:106FA0000C4614BF012700271CD085680122002150
:106FB00004F1100017F0DFFE1349204617F087FF99
:106FC000E36843F01003E360F3685B0712D53368AE
:106FD00023606BB9D5F8903033B9C5E9234428460E
:106FE00017F037FF3846F8BD1C60C5F89040F6E74B
:106FF0003460F4E7D5F88C302360D5F89030C5F8CC
:107000008C40002BEBD1F0E7ADED030001460148C9
:1070100017F088BF602F0020F0B589B0044600202B
:10702000C4E923000E9D04F19400C4E9250004F195
:107030009C00C4E9270055B32879002840F20110CC
:1070400008BF0120C4F8A40000204FF0FF364FF025
:10705000FF37CDE90330CDE90100CDE906670D4BDF
:107060000094204600F0C8F955B1296811B12046B6
:1070700017F0E5FF6B791BB1A38943F00103A381EE
:10708000204600F095F9C4F8884009B0F0BD012011
:10709000D8E700BF096D020037B501900846EFF34D
:1070A0001184202181F31288BFF36F8FC16811F022
:1070B0001E0F16D153EA020508D101A9FFF718FFE8
:1070C00084F31188BFF36F8F03B030BD41F0080126
:1070D000C160019981620449103000F0B9FD0120BE
:1070E000EEE70020ECE700BF93EE03000146014805
:1070F000FFF7D2BF602F0020F0B585B00C4601909D
:1071000017461D46EFF31183202181F31288BFF348
:107110006F8F03A92046039317F049FE55EA070332
:10712000039E09D101A92046FFF7E2FE86F31188EC
:10713000BFF36F8F05B0F0BDE368074943F0080364
:10714000E360019BA3623A462B4604F1100000F075
:107150007FFD0120EAE700BF93EE030001460148EE
:10716000FFF7CABF602F002070B5EFF31186202310
:1071700083F31288BFF36F8F0468A0421CD0DCB188
:10718000D4E9003213605A60237C002523F0020307
:107190002374C4E90055A56004F1180000F0E8FD6F
:1071A0002046C4F88450656100F0A2F905483146D4
:1071B00000F0A6FA002070BD86F31188BFF36F8F30
:1071C000F8E700BF53BB00202DE9F0410746EFF37D
:1071D0001188202383F31288BFF36F8F00263C6849
:1071E000A74218D0BCB1D4E9003213605A60237CA6
:1071F000002523F002032374C4E90055A56004F1BF
:10720000180000F0B5FDC4F884506561204600F018
:107210006FF90136E3E736B988F31188BFF36F8F52
:107220003046BDE8F0810248414600F069FAF7E7D0
:1072300053BB00202DE9F3411C4652EA04030746E4
:107240000D4616461CD0EFF31188202383F31288D5
:10725000BFF36F8F0846FFF71FFCCDE900643A4685
:107260004146094800F0C4FA04464FF0FF324FF09F
:10727000FF332846FFF79EFB204602B0BDE8F081B1
:107280006FF00A04F8E700BF53BB00202DE9F04F70
:1072900085B0984600F158030732C0E91633129BB7
:1072A000838122F0070504230026037401EB0509FE
:1072B000119B83734FF0000A4FF0000B0F46C0E99B
:1072C00006664946C0E908AB8660C6730446DDF72A
:1072D00071F90730109B20F007006067C4E91B7547
:1072E00002930F9B0193A9EB00090E9B00934A4662
:1072F000434639462046DDF755FC054B66659B68DD
:1073000003B19B6FA367484605B0BDE8F08F00BF8F
:1073100088A60020012310B5037483810023C0E9EF
:107320001B33044600F0C6FF014B9C6010BD00BF3C
:1073300088A600200E4A92688242034604D1EFF3E9
:1073400005820AB900F006BBEFF31181202282F317
:107350001288BFF36F8F1A7C12F0100204D081F3F1
:107360001188BFF36F8F7047184600F02BB900BF2C
:1073700088A6002010B5EFF31184202282F3128832
:10738000BFF36F8F027CD10604D484F31188BFF35E
:107390006F8F10BD22F01002027400F0A9F8214690
:1073A0000248BDE8104000F0ABB900BF54BB00205C
:1073B00038B50446EFF31185202383F31288BFF319
:1073C0006F8F037C5B070FD5183000F0D1FC237C56
:1073D00023F004032046237400F08AF82946054868
:1073E000BDE8384000F08CB985F31188BFF36F8F8A
:1073F00038BD00BF54BB0020F0B587B0002505950F
:10740000109D04950F9D03950E9D0295DDE9127662
:107410000D9D01950C9D00950446FFF737FFB6F1D1
:10742000FF3F08BFB7F1FF3F05D056EA070305D17C
:107430002046FFF7BDFF204607B0F0BD3A46334671
:1074400004F11800014900F003FCF4E763F10300C4
:107450000A4A93686FF00A01C3F884100849C3F818
:1074600080004B6843F080534B60002383F3118806
:10747000BFF36F8F9368D3F88400704788A600200D
:1074800000ED00E038B5184CA168E0690B68814256
:1074900014BF1A46002249680B605960A368E1696D
:1074A0002AB9124AC3E900210B60E3610AE092F9AC
:1074B0000E5093F90E00854212DD5168C3E9002198
:1074C0000B605360A569094B9D4200D005B9E56882
:1074D000A3689D4202D0284617F000FF656138BDC1
:1074E0008A42DED01268DBE788A60020A0A6002032
:1074F00070B590F91020037C002A2FDBD9062DD11E
:107500001A4C63F07F032246037452F8183FE16976
:10751000934207D1C0E900210860E0610FE0994281
:10752000F8D01B68002BF5D093F90E6090F90E503F
:10753000AE42F4DD5968C0E9003108605860A569C1
:10754000954200D005B9E568A3681A7CD20606D139
:10755000DA897F2A03D9AA690AB9636170BDAB428F
:1075600002D0284617F0BAFE6561F7E788A600202A
:1075700038B590F91020037C002A014604DA03F0A4
:107580007F03037417F081FD0D4D2A46AB6852F856
:10759000184F944200D004B9EC688B4207D01A7C93
:1075A000D20604D1DA897F2A01D9A2692AB1A3427D
:1075B00002D0204617F092FE23466B6138BD00BF13
:1075C00088A600202DE9F843002A027C0CBF4FF06A
:1075D00010084FF0080818EA020F04460D4662D161
:1075E00048EA0203D2090CD10374B8F1080F7BD129
:1075F000A36813B1204617F050FD04F118062027A8
:107600000FE003F07F03037417F03FFDEDE785F310
:107610001188BFF36F8FEFF3118587F31288BFF3E3
:107620006F8F304600F0A4FB0B30F0D0A66D04F154
:107630005807B74211D04FF0000976B1304617F025
:107640002CFDC6F8849006F1180000F091FB30463E
:10765000FFF74EFFA66DB742EFD1274B9B689C42C8
:1076600042D1EFF30587003F18BF0127DFF888906C
:107670004B4653F8186F9E4200D00EB9D9F80C60F3
:10768000D9F80830B34202D0304617F027FEB8F1DF
:10769000100FC9F8146006D020460CF073FD17B126
:1076A0001648FFF737FE144B9B68A3421ED1EFF339
:1076B0000583DBB9A289D20711D585F31188BFF301
:1076C0006F8F83F31188BFF36F8F0423184602DF97
:1076D000EFF31185202383F31288BFF36F8F2846C1
:1076E000BDE8F843FFF7B4BE0027BFE785F3118874
:1076F000BFF36F8FBDE8F88388A600200830002014
:1077000049B9EFF3058030B9054B5A699B689A4235
:1077100001D0FFF79DBE81F31188BFF36F8F7047D3
:1077200088A6002070B50F4D2B46064653F8184F1B
:107730009C4200D004B9EC68AB681A7CD20604D134
:10774000DA897F2A01D9A2692AB1A34202D0204650
:1077500017F0C4FD23466B6131460348BDE8704015
:10776000FFF7CEBF88A6002054BB002070B5EFF312
:107770001186202383F31288BFF36F8F1A4CA16800
:10778000E0690B68814214BF1A46002249680B6009
:107790005960A368E1692AB9144AC3E900210B6062
:1077A000E3610AE092F90E5093F90E00854216DD6E
:1077B0005168C3E900210B605360A5690B4B9D42E2
:1077C00000D005B9E568A3689D4202D0284617F0AD
:1077D00085FD65613046BDE87040FFF739BE8A42DD
:1077E000DAD01268D7E700BF88A60020A0A6002044
:1077F000F8B5DDE906670C461146EFF305833BB1AA
:10780000002383F31188BFF36F8F0423184602DF30
:107810000D4B0E4A98681060EFF31182202282F31C
:107820001288BFF36F8F9D68284617F04FFC3246D1
:107830003B4605F11800064900F00AFA2046BDE86B
:10784000F840FFF705BE00BF88A60020B0A60020C4
:1078500063F10300F8B50446EFF31187202383F3A7
:107860001288BFF36F8F037C03F01F02002A0CBF46
:107870000126002649B235D103F07F03037417F0C7
:1078800004FC294D037C817363F07F032A46037453
:1078900052F8183FE869934207D1C4E90020046018
:1078A000EC610DE09842F8D01B68002BF5D093F9FD
:1078B0000EC08C45F6DD5968C4E900310C605C608F
:1078C000AC69944200D004B9EC68AB689C4202D029
:1078D000204617F003FD6C6187F31188BFF36F8FAB
:1078E0003046F8BD9B071CD5856817F0CEFB817329
:1078F0002B689D4209D16B68C4E900531C606C6021
:10790000EAE76A689A42F6D01B68002BF3D093F935
:107910000E208A42F5DD5A68C4E9003214605C60CA
:10792000DAE78173D8E700BF88A60020034648B98C
:10793000EFF3058232B9064A51699268914201D04B
:10794000FFF786BD83F31188BFF36F8F704700BFC9
:1079500088A6002070B5EFF31186202383F31288E8
:10796000BFF36F8F037C0D4D03F07F0343F01003D3
:10797000037417F08AFB2B4653F8184F9C4200D033
:1079800004B9EC68AB689C4202D0204617F0A6FC14
:107990006C613046BDE87040FFF75ABD88A60020F4
:1079A000F8B550EA010305460C4603D117F06BFB0E
:1079B0000020F8BDEFF31187202383F31288BFF373
:1079C0006F8F144E144BB0681860FFF7D1FDB0688C
:1079D00012492A462346183000F03AF9B3681A7C57
:1079E000C3F8807042F004021A746FF00A02C3F800
:1079F00084200B4A536843F08053536004460023AD
:107A000083F31188BFF36F8F17F08AFC201A20EAE6
:107A1000E070CEE788A60020B0A6002063F1030046
:107A200000ED00E0024B03F11802C3E906227047A3
:107A300088A60020EFF31181202383F31288BFF37F
:107A40006F8F054B9A68D37B013BD37381F3118809
:107A5000BFF36F8F704700BF88A60020EFF311803F
:107A6000202383F31288BFF36F8F034B9A68D37B75
:107A70000133D373FFF756BE88A60020014B9868E8
:107A8000704700BF88A60020D3B5DDE90667089CD3
:107A9000CDE90067FFF7ACFE1CB1034B9B685B6947
:107AA000236002B0D0BD00BF88A60020027C12F087
:107AB0001F02034610D10A4988420DD009490868BF
:107AC00068B1D9897F2909D893F90E20064B1B6824
:107AD0009A42B8BF00207047002070471046704798
:107AE000502E00204C0C0020B4A60020044BC01ADD
:107AF000044BC0105843044B01221A54704700BF76
:107B000090300020ABAAAAAA55BB0020F8B50B4BB9
:107B10000B4D1E7C0B4F182303FB065504462846CD
:107B200000F026F934B1BB5D0749E21AD3172846A5
:107B300000F08EF80023BB55F8BD00BF88A60020DA
:107B40009030002055BB0020ED7A0200F8B5EFF32D
:107B50001187202383F31288BFF36F8F124E134BCC
:107B6000B5681868A84206D117F0B8FB87F31188EA
:107B7000BFF36F8FF8BD00221A60337C0C4AD35CD0
:107B8000002BF3D02846FFF791FF04460028EDD0E4
:107B90002B7CDB06EAD1FFF775FC7369AB42E5D1BC
:107BA0002046FFF7B3FFE1E788A60020B0A600203B
:107BB00055BB0020024B1868984208BF0020704750
:107BC000500C002008B50246FFF7F4FF6FF00041AB
:107BD000C8B18A4215D2D0E90230B0F1FF3F08BFE8
:107BE000B3F1FF3F03D16FF00040801A08BD8B4214
:107BF00070F1000001DB0548F7E79A4201D2981ABC
:107C0000F4E70020F2E78A42EDD3EFE7FEFFFF7FC3
:107C1000024B186808B1F8F743BC7047580C0020B5
:107C200070B50246FFF7C6FF0849034600204D68BD
:107C3000014603B970BDD3E90246001941EB0601C4
:107C40009342F7D0AB42F5D01B68F2E7500C00200E
:107C5000B3F1FF3F08BFB2F1FF3F2DE9F84F0446F3
:107C60009A461546984679D00161EFF31187202393
:107C700083F31288BFF36F8FBAF1000FDFF8E4903F
:107C800023DBFFF7C5FF384B1A68003A18BF012203
:107C900045194AF100035219D9E9005143F1000393
:107CA000551943EB010806460121DFF8C090C4E9ED
:107CB0000223FFF77FFFD9F804A0D0B9C4E9009AE6
:107CC000CAF80040C9F8044025E0D9E900136FF074
:107CD0000102521A4FF0FF3161EB0303521B63EBB9
:107CE0000A03012A73F10001BCBF01220023002115
:107CF000DBE7D0E9022ED4E9023C93427CEB0E0B89
:107D000023DAD21A6EEB0C03C0E902234368C4E9FC
:107D100000031C604460FFF74DFF84420DD1124BFD
:107D20001B68013309D111B9FFF772FF06463046CF
:107D3000FFF748FF0021F8F789FB87F31188BFF3AD
:107D40006F8F28464146BDE8F88F9B1A6CEB0E02F8
:107D50005045C4E90232B1D00068AEE70025A8461C
:107D6000EFE700BFA8300020580C0020500C002086
:107D7000F8B50446EFF31186202383F31288BFF38E
:107D80006F8F026872B3FFF715FF184B5B689C4258
:107D900008D0D2E90231D4E90275DB1941EB0501C3
:107DA000C2E90231D4E900320025844213605A60EE
:107DB000C4E900550ED000200D4A136823F00101DC
:107DC0008C4204BF43F00103136086F31188BFF3B4
:107DD0006F8FF8BDFFF71CFFFFF7F4FE2946F8F799
:107DE00035FBE8E76FF01500E6E700BF500C002018
:107DF000B8A60020EFF31182202383F31288BFF38B
:107E00006F8F064B1B6840F001001B1A5842584107
:107E100082F31188BFF36F8F704700BFB8A60020B0
:107E20002DE9F047344E354DDFF8D490354F3060B2
:107E300000230C462B60D6F80080B8F1000F10D15B
:107E40004FF0FF3340462B60FFF7BCFE4146F8F78A
:107E5000FDFA84F31188BFF36F8FBDE8F047FFF799
:107E600075BEFFF7A7FE6FF0004330B1D0E90212F4
:107E7000994272F10002B8BF0B464345194684BFD0
:107E8000434641464FEAE37C38B18268D0F80CE0C3
:107E9000D21A6EEB0C0EC0E9022ED9F80020D218CF
:107EA000D9F8043043EB0C03C9E90023A8EB010126
:107EB00031604FF0000A4FF02008FFF77BFE0028EA
:107EC000B9D0D0E902120A43B5D1D0E900210A6045
:107ED000516002693860C0E900AA84F31188BFF3D9
:107EE0006F8F9047EFF3118488F31288BFF36F8F81
:107EF000C7F800A0E1E700BFBCA60020580C002096
:107F0000A8300020B8A6002010B5EFF3118420237C
:107F100083F31288BFF36F8FFFF77AFE054AD2E929
:107F20000031C01841F1000184F31188BFF36F8F55
:107F300010BD00BFA83000202DE9F0410446EFF34A
:107F40001186202383F31288BFF36F8F03682BB150
:107F500086F31188BFF36F8FBDE8F081FFF74AFF0A
:107F600007460028F4D1D4E90A586A1C48F10003F6
:107F7000022A73F1000324D317F0D6F9281848EB2E
:107F80000101012871F1000142DB17F0CDF96FF01A
:107F90000203281848EB010183426FF000438B4134
:107FA0003BDB17F0C1F96FF001022D1848EB01031C
:107FB000521B4FF0FF3161EB03031A492046FFF7D4
:107FC00047FE236B01332363236A63B186F3118871
:107FD000BFF36F8F20469847EFF31186202383F37A
:107FE0001288BFF36F8F54F8185FA542B0D0002DF0
:107FF000AED0284617F090F80023C5F8843086F3F9
:108000001188BFF36F8F2846BDE8F04117F04FB8D5
:108010006FF001024FF0FF33CFE73A464FF00043D5
:10802000CBE700BF397F0200B3F1FF3F08BFB2F1D9
:10803000FF3FF8B5044616461D4618D0EFF31187EA
:10804000202383F31288BFF36F8FFFF791FEDDE9E2
:1080500006010023C4E90A01236332462B46204669
:108060000349FFF7F5FD87F31188BFF36F8FF8BD64
:10807000397F020070B50546EFF31184202686F3A0
:108080001288BFF36F8FFFF773FE20B184F311885E
:10809000BFF36F8F70BD6B6A63B184F31188BFF358
:1080A0006F8F6B6A28469847EFF3118486F3128826
:1080B000BFF36F8F05F1180017F068F80028E5D0BE
:1080C00016F0F5FF21460248BDE87040FFF718BBE7
:1080D00056BB0020F0B51423154E03FB010000240D
:1080E000202701B9F0BD10F8073C40F80C4C03F014
:1080F0003F03102BA0F1140C0CD826FA03F3DB0776
:1081000008D550F8143C2BB150F8105C2B605D6022
:1081100040E9054482F31188BFF36F8FEFF31182BA
:1081200087F31288BFF36F8F01396046D9E700BF2C
:10813000160101002DE9F74F1D46274B9F680123CB
:1081400087F8603087F8613052EA050316460CBFA5
:108150000123002307F16002804617F075F981467C
:10816000EFF3118B4FF0200A8AF31288BFF36F8F61
:1081700097F860404CB901465A464046FFF7AAFFBF
:108180008BF31188BFF36F8F0BE0002387F860300B
:1081900056EA050309D18BF31188BFF36F8F6FF097
:1081A0000A04204603B0BDE8F08FCDE900650B4A14
:1081B0000B485946FFF71CFB0446EFF311858AF381
:1081C0001288BFF36F8F2A4649464046FFF782FF69
:1081D00085F31188D6E700BF88A600205C0C00203C
:1081E00057BB002010B50346EFF31184202282F321
:1081F0001288BFF36F8FC1600121816000688342E4
:1082000005D184F31188BFF36F8F002010BDD0E932
:10821000003213605A600023C0E9003317F09BF965
:1082200002482146FFF76CFAEFE700BF57BB00207A
:1082300073B50446EFF31186202383F31288BFF34E
:108240006F8F8368594003EA02050A405340009348
:1082500000226B460849019217F00CF8DDE9003264
:1082600023EA020304F10C00A3603146FFF748FA49
:10827000284602B070BD00BFA7F603002DE9F0410B
:1082800005460E46174616F0D4FE28B9074B9B68E4
:108290009C6F14B9BDE8F081054C3B463246294637
:1082A0002046BDE8F04117F027BA00BF88A600209D
:1082B00000100020014B8367704700BF00100020B2
:1082C0000146024A0020FFF7D9BF00BF472703003D
:1082D0002DE9F7431F4606460D46904609880DF1E5
:1082E00006030DF10702384600F034F9044650B990
:1082F000274A27F47E13934209D002F580729342F5
:108300002AD06FF08504204603B0BDE8F083214BEE
:1083100033602B8803F4E042B2F5005F02D06FF0C7
:108320008604F0E703F4E063B3F5806FF7D106F15C
:108330000809484617F0B6FF6B889DF806104246BC
:10834000484617F0B3FF17F00AFBF8B92B88B38043
:10835000C7F30547F771D6E70F4B33602B8803F45B
:10836000E042B2F5005FDAD103F4E063B3F5806F69
:10837000D5D106F10809484618F0DCFA6B889DF85B
:1083800006104246484618F0DAFADCE70446BAE737
:1083900000014005000150050002500510B50B4AD0
:1083A00003689342044609D002F58072934209D0D3
:1083B000A37923F00103A371002010BD083017F04A
:1083C0009BFFF5E7083018F004FEF1E700015005C7
:1083D0002DE9F04FEDB008AC0746884699464FF4BA
:1083E000C87200212046DDE979ABDDE97B5621F03A
:1083F00070FB39464B4642462046FFF769FF074669
:1084000000BBE3797D9A5919914236D821681E48FC
:10841000814206EB05021CD1CDE90423789B009331
:10842000CDE902B6DDE97623CDF804A029460AA8F5
:1084300018F086F917F093FA074618B9E3797E9A8F
:108440002B4413602046FFF7A9FF38466DB0BDE806
:10845000F08F0E48814213D1CDE90532789B01930C
:10846000779B0093CDE903B6769BCDF808A02A460A
:1084700001210AA818F05FFDDCE76FF08907E1E74A
:108480006FF08507E1E700BF0001500500025005CD
:108490002DE9F04FEBB006AC0746884699464FF4FD
:1084A000C87200212046DDE97865DDF8D4A1DDF849
:1084B000E8B121F00EFB39464B4642462046FFF715
:1084C00007FF074608BBE379AB4236D87B9AE91A27
:1084D0008A4235D320681D4FB84206EB01021BD1FA
:1084E000CDE90423779B0193769B0093CDE9026B42
:1084F000749A534608A818F039F917F030FA07466D
:1085000018B9E379ED1A7C9B1D602046FFF746FF02
:1085100038466BB0BDE8F08F0D4FB84213D1CDE9AE
:108520000223779B0193769B0093CDE9046B749AA9
:10853000534608A818F029FDDFE76FF08607E4E747
:108540006FF08907E1E76FF08507E1E7000150056B
:108550000002500510B500F0FE44B4F1A06F08BF52
:1085600020F47E1000F0FC44B4F1806F0CD10F4C6D
:10857000A0420BD004F58074A0420FD00C4CA04256
:108580000ED06FF0850008E00A4CF8E70820B1F53E
:10859000105F1070F5D12BB9002010BD0620F6E752
:1085A0000120F4E702221A70F6E700BF000140053F
:1085B000004440040002C0032DE9F047054600F1E5
:1085C00008071C46894638460E889DF920A090462B
:1085D00018F0F0F82C60B9F80290314600234A46B2
:1085E000204617F0B4F8014600284DD0384600F078
:1085F0007FFF00283CD153464A464146384600F0AA
:1086000097FFA8BB04F0FF42B2F1906F06F4E0437D
:1086100032D0B3F5005F0DD0687142F204039E4280
:1086200002D11B4B9C422DD01A4B9C420CBF0D24F7
:1086300000241CE0C6F30222012393406B7116F460
:10864000E06FEAD0144A24F4807393420AD002F512
:108650000072944206D0114A944203D0A2F53F42E0
:108660009342DAD1C6F302260124B440E4B22C715D
:10867000BDE8F04717F073B90122B3F5005F6A71E6
:10868000CBD1DCE70C24F2E76FF08500BDE8F08782
:10869000000180040013C0040010C00400FF400467
:1086A0002DE9F04F144602689B4602F0FF4385B067
:1086B000B3F1906FDDE90E7805460E4600F0838039
:1086C0004179436A2344B3FBF1F34B43BB427CD86B
:1086D0003F4B9A4261D182680023002A45D0177926
:1086E00007F01F070393C8F80030002C39D0686AE0
:1086F00005F1080930B3A7EB000AA24528BFA2463E
:10870000093031465246484421F0BCF96B6A534463
:108710009F42A4EB0A0456446B6213D103AB00934F
:108720003A465B4605F11101484600F081FF17F01B
:1087300016F9B8B9D8F80030039A1344C8F80030D5
:10874000934468620DF10C0AA74210D94CB1686AD3
:10875000093022463146484421F094F96B6A23449B
:108760006B62002005B0BDE8F08F1F46BAE75B469C
:108770003A463146CDF800A0484600F059FF17F0C0
:10878000EEF80028EED1039AD8F800301344E41B29
:108790003E449344C8F80030D6E714B9C8F8004006
:1087A000DFE75B4622463146CDF8008005F1080040
:1087B00000F03EFF17F0D3F8D8F80030BB4288BF76
:1087C0006FF09600CEE7BC42E7D96FF08900C9E7A9
:1087D00000444004F0B5044687B00F461646002119
:1087E000102202A81D46019121F073F9636A2BB192
:1087F00023681B4A23F4806393422DD001AB2A46A1
:1088000002A904F1080000F06BFF17F0A8F8044675
:10881000D8B9102E344628BF102426B1224602A90A
:10882000384621F02FF92B68224692EA0301D21A2A
:108830008A430B401A43D217019B8A2103F0960307
:108840001140D2431A400A43544202A8102100F0BA
:10885000ABF9204607B0F0BD6FF08604F5E700BF26
:108860000040400401680E4A9142034615D1C16997
:10887000A2F11022A2F1EF1291420ED18268012AD8
:108880000BD8C26812B101698A4206D0586928B172
:108890009B691B1A5842584170470120704700BF1E
:1088A00055AA00FF70B50E4B9E68B6B13046FFF773
:1088B000D9FF044618B9F3687BB935690DB920466C
:1088C00070BD2846FFF7CEFF28B9EB68B34204D14C
:1088D0002E462D69F2E70446F1E70124EFE700BFD9
:1088E000C0A600202DE9F8433F4E3468D4B1B468E7
:1088F000C4B1002875D0002973D001FB00F5B5FB89
:10890000F0F088426DD1281D6BD8A9070DD025F055
:1089100003070437F46803E06368BB4207D2A46925
:10892000002CF9D12046BDE8F8832F46F2E7A36872
:108930001BB12E4B01201B6898476268D21B232A6B
:1089400004F120081FD80123A360D4E90523C2B194
:108950009361A3690BB162695A610023C4E90533CD
:108960003369DA0706D5FFF79DFF18B11F4B1B6867
:10897000012098472A4600214046444621F0A9F8A4
:10898000D0E7F360E5E707F120016318203A5A6069
:108990000022C3E90224164822691A616050154971
:1089A000D96102B1D36062695A61A1699961B2B1BA
:1089B00093619A6902B153614FF00109C4E90179E9
:1089C00023610023C4E905333369DB07D2D5FFF700
:1089D00069FF0028CED0054B48461B68C9E7F36005
:1089E000E7E700249EE700BFC0A60020640C00203B
:1089F00055AA00FF669911EE70B50546002800F0F3
:108A00008480424E3368002B7FD0B268002A7CD02D
:108A1000834203D872681344984203D33C4B01202D
:108A20001B689847A5F120042046FFF71BFF18B1EB
:108A3000374B01201B68984755F8183C012B03D091
:108A4000334B01201B68984755F8143C002245F829
:108A5000182CC3B19968002942D155F81C2C02F199
:108A600020015A680A445A6055E905321A6155F8DE
:108A7000145C2B6903B1DD6020462022002121F027
:108A800028F823462C462069002836D08268002A20
:108A900033D1636842682033134463600369236100
:108AA000D4E90523F2B923BB436963618269A261FA
:108AB0000BB39C61A36903B15C61236903B1DC6002
:108AC0002022002121F005F833699B071DD5FFF70F
:108AD000E9FED0B10E4BBDE870401B68012018477D
:108AE0001346D0E79361A369002BDDD062695A6118
:108AF000DAE7F360F7E7F460DCE7002BE4D1F36832
:108B0000A36103B15C61F460DEE770BDC0A6002024
:108B1000640C002038B514220C4605460021134889
:108B200020F0D7FF1249134800F034F8232C1CD949
:108B300015F003031FBF043CE418C3F10403ED1850
:108B400022460021284620F0C4FF084B0A499D60B8
:108B5000C3E90054203C6C609A6811609A68DA603E
:108B6000A1F11021A1F1EF11D16138BDC0A6002003
:108B7000F9890200E588020055AA00FF014B1B6835
:108B8000184700BF6C0C0020014B1B68184700BF42
:108B9000680C0020024B1860024B002019607047DF
:108BA0006C0C0020680C002010B50A46044619B170
:108BB000024B00211B68984710BD00BF48B004005D
:108BC000054B5A78022A04D11878C31F58425841DD
:108BD00070470020704700BFD4A600200E4B034012
:108BE000B3F1607F06D1B1F5885F0CBF00206FF054
:108BF00086007047B3F1707F0BD101F4E043B3F509
:108C0000005F06D111F4E06F14BF00206FF0860002
:108C100070476FF0860070470000C07F8A42F8B549
:108C200006460D4600F0D2806C4B22F4FF7121F015
:108C30000101994222F0FF070FD003F588539F42AC
:108C40000BD022F47F7121F00301A3F570639942E8
:108C500003D003F5A0639F4227D1604B25F4FF7139
:108C600021F00101994210D05D4925F0FF038B42AC
:108C70000BD025F47F7020F00300A1F570618842CD
:108C800003D001F5A0618B420FD115F0FF000BD08E
:108C9000544B40F00070984240F09A8082EA050000
:108CA000FF288CBF00200120F8BD05F0FE43B3F182
:108CB000A06F11D102F0FE43B3F1A06F71D182EA2F
:108CC000050333F47E136CD12C046AD5C5F305403B
:108CD000C2F305429042E4E7B3F1407F61D102F074
:108CE000FE43B3F1407F5CD182EA050030F47E148C
:108CF00057D131462846FFF771FF002868D13A491D
:108D000012F47C1001EA020116D0B1F1607FC2F3C7
:108D1000054335D1D1B241F0007101F17E410339F3
:108D2000102901D8314C645C15F47C1F2ED19C4273
:108D300014BF00200120B7E7B1F1607F0AD1D3B2A0
:108D400043F0007303F17E43033B102B44D82849C2
:108D5000CB5CDFE7B1F1707F16D106F4E043B3F5E9
:108D6000005F37D1C6F3022101238B4006F4E041B6
:108D7000B1F5005FD8D1C6F302260124B440D3E791
:108D8000B1F1707FD0D1F1E70346CDE718B9C5F353
:108D90000541A1421AD0290403D5C5F305409842E4
:108DA0007FE725F47F03B3F1106F0AD102F0FE4391
:108DB000B3F1106F0CD10F48104040F01060A84282
:108DC000B6E70D4B9D4203D1AF42B1E701206BE7FF
:108DD000002069E70346C9E703469BE70002000657
:108DE00000130006FF0000020000C07F52FA0400DA
:108DF00052FA04000000FFF60001000A37B50546EC
:108E00000C46FFF7DDFE78B1002301930A460848BF
:108E100001AB2946FCF75AFB20B9019BA34218BFBE
:108E20006FF0930003B030BD6FF08800FAE700BF29
:108E3000D8A600202DE9F843884617461C4600F0C6
:108E400057FA0546002844D1D8F80060B6F80090DB
:108E500009F4E043B3F5804FB36808BF27F001077A
:108E600037EA03032DD1A4B3244B24F4FF7222F07C
:108E700001029A4210D0224A24F0FF0393420BD001
:108E800024F47F7121F00301A2F57062914203D0B6
:108E900002F5A06293421FD114F0FF0304D0194AD7
:108EA00043F0007393421ED0F16822464846FFF714
:108EB000B5FE074668B9316922464846FFF7AEFE5F
:108EC000D0B96FF084050023C8F80030304617F0A1
:108ED0008EF82846BDE8F88304F0FE43B3F1407FE6
:108EE00004D12304E0D56FF08605ECE7B3F1A06F61
:108EF000F7D0044B9C42D6E73D46EAE70002000665
:108F000000130006FF00000238B500F0FE43B3F185
:108F1000407F04460D4602D06FF0860038BDFFF753
:108F20005DFE0028F8D114F47C1F18D0C4F305436B
:108F3000032B137022D9224A2240B2F1607F31D133
:108F4000E4B244F0007404F17E44033C102CE3D8F6
:108F50001C4A125D9342DFD8202BDFD90EE0184B5C
:108F60002340B3F1607F0FD1E3B243F0007303F10C
:108F70007E43033B102B04D9002313706FF0850050
:108F8000CCE71149CB5CD3E7B3F1707FF4D101F4A6
:108F9000E043B3F5005FEFD1C1F3022101238B4021
:108FA000DBB2C5E7B2F1707FB6D105F4E042B2F5AD
:108FB000005FB1D1C5F302250122AA40CAE700BF74
:108FC0000000C07F52FA040052FA04002DE9F04F6D
:108FD0009B468FB001F0FE430024B3F1806FDDE9C2
:108FE0001868DDF8689009940F46924673D10B46D5
:108FF0004FF4807209A9FFF71DFF054600286ED1C6
:10900000099B1B8803F4E042B2F5005F1CD113F406
:10901000E06F19D0364927F480728A420AD001F5F0
:1090200000718F4206D033498F4203D0A1F53F41F2
:109030008A4209D1C3F3022301249C40102C0ED98B
:1090400000266FF083052FE042F20402934202D122
:10905000294B9F420DD0294B9F420CD10D24A04596
:109060003FD321460AA8FFF7C9FE054620B10026D6
:109070001AE00C24F3E700240998D0E9081246B35B
:109080003519D0F804C05FEA1C2CA8EB040323D1E7
:10909000CDE905390AABCDE903B50093CDE9014A25
:1090A0003B4616F094FB0546099816F0A0FF0746CC
:1090B000DDB9D8B924B122460AA9304620F0E2FC35
:1090C000D9F800301C443846C9F800400FB0BDE85C
:1090D000F08F3546D5E726466FF08605E4E726464D
:1090E000E2E700266FF08905DEE72F460024EAE775
:1090F0000010C00400FF4004000180040013C004FD
:1091000010B5114C2378580744BF03F0FB032370BC
:10911000990705D500F092F8237823F00203237015
:1091200063781BB1094A002363605360002307483A
:1091300063700821FFF738FD2378DA0744BF23F076
:109140000103237010BD00BFD4A60020D8A60020C4
:1091500038B5FFF735FDA0B9124C2378980707D42E
:1091600000F064F8237843F0020323700546A8B9A1
:10917000D90762785CBF43F00103237022B15A071C
:1091800008D50025284638BD074962604A6002229A
:109190006270F4E743F004032370F2E7FFF7B0FFD7
:1091A000F0E700BFD4A60020D8A6002038B500F113
:1091B00040430F2B0CD81C4C282202FB0344237E77
:1091C000022B02D16369834226D06FF08B001CE032
:1091D000421E6FF040439A420ED2134B00221C46AF
:1091E0001D7E022D02D15D69854212D00132102A06
:1091F00003F12803F4D1E8E700F1004303F58033DD
:10920000B3F5704FE9D36FF0870038BD6FF096006B
:10921000FBE7282303FB0244204616F0C6FE002885
:10922000F4D10C60F1E700BFE0A60020024B012260
:1092300083F8802200207047E0A600202DE9F0414D
:109240000A4C002526464FF001080327C4F81C806D
:1092500027762046013516F058FC102D04F128041D
:10926000F4D1002386F88032BDE8F081E0A600202A
:10927000F8B51E4D95F8803206460F4683B300249C
:109280002B462246197ED1B13CB9022905D1D969B4
:1092900019B91979002918BF1C460132102A03F1A7
:1092A0002803EFD114B96FF08C0006E0204616F0C9
:1092B0007CFE204616F029FC10B100240EE01C466E
:1092C000237E83B9012323763EB1651BED1003F1A4
:1092D000CC335D4305F18045356000203C60F8BD2E
:1092E0006FF08800E9E76FF09600E6E7E0A600205F
:1092F000F7B5304B00270F6093F8803206460D46D5
:10930000002B52D0FFF752FF10F18C0F04462ED1E4
:109310003846FFF7ADFF00284AD12B685E612B6805
:1093200001225A602E6873696FF04042013B9342FC
:10933000CDE9000011D201AA6946304616F0DBFEE5
:10934000044628B9DDE90012304616F0A6FB0446B3
:10935000DDE9000116F0CDFE64B1286816F0D5FBFA
:1093600014F18C0F08BF6FF0870400232B60204698
:1093700003B0F0BD2A689368D80444BF43F4806307
:109380009360990444BF43F4006393602B681A7E92
:10939000012A04BF02221A76286816F006FE044647
:1093A0000028E4D06FF09604DFE76FF08804DEE772
:1093B0000446DCE7E0A6002030B40D4D2C681C60AC
:1093C0006C685C6000249C605468DC6014881C82BB
:1093D00054885C8294685C61D4689C611269DA612B
:1093E00019620A4630BC014603F1240020F04ABB52
:1093F00034A304002DE9F8432329089E04460F46B0
:109400009146984604D86FF098052846BDE8F88341
:109410001949082220F075FB05460028F3D1A368FE
:10942000002BF0D1216AC8F80010243F8F42EAD304
:10943000B1F5005FE7D271B9C9F80000E368736065
:10944000238A3380638A73806369B360A369F3609E
:10945000E3693361D9E70120FFF790FBC9F8000009
:1094600030B1D8F8002004F1240120F00BFBE5E72F
:109470006FF08C05C9E700BF34A30400F0B50C4BB6
:109480000C4E0446586800B9F0BDC579C5F3840593
:1094900056F825502D78A54208D1457905F00F07DB
:1094A000B1EB871F02D1B2EB151FEDD00833E9E70E
:1094B00058B004004CB0040010B50446A8B1806B4D
:1094C00010B1242116F0D1F9606B40B12368074A2E
:1094D000DB79C3F3840352F823305B699847204655
:1094E0003C21BDE81040FFF75FBB10BD4CB004004D
:1094F00038B505460C46A9B13C22002120F0E9FA16
:10950000E3790A4AC3F3840352F823301B6913B981
:109510002C60002038BD984768630028F8D16FF0B0
:109520008C00F7E76FF08600F4E700BF4CB0040052
:1095300070B4DCB2012C25D804681CB3E57905F0C1
:109540000305012D05D8657905F00F05B2EB851FE0
:1095500018D142600372E5790C4E406BC5F3840567
:10956000012B56F8255008D0637903F0F004302C15
:1095700003D003F0E003402B02D1AB6870BC184766
:10958000EB68FBE76FF0860070BC70474CB00400DE
:109590002DE9F041036804460E4615461BB96FF0ED
:1095A0008600BDE8F081102A3DD8DA79D20714D4BC
:1095B0001A795209B5EB820F4FEA8207EFD35B7934
:1095C00003F0F003602B0AD194F90810606B2B466E
:1095D0003246BDE8F04117F086BA2F46EFE7902BF0
:1095E00016D10023606B1A46194616F0C7FE0028F4
:1095F000D7D194F908304BB1012BD0D10321606B46
:109600002B463246BDE8F04116F083BE0221F6E754
:109610000FB90020C5E73A46314604F1200020F09A
:1096200031FA2763F5E70148BBE700BF809FFFFFE2
:10963000F7B50568DDF820C00F469E461DB96FF0EE
:10964000860003B0F0BD0025CCF800500668002E5F
:109650003AD0357915F01F0536D0767906F0F00648
:10966000102E14D1AA4231D1CCF80020026818493A
:10967000D279C2F3840251F8222090F9081054687C
:10968000406B3A46A44603B0BDE8F0406047602E08
:1096900005D1CDE9002C406B17F02DFBD1E7902EC2
:1096A00005D1CDE9002C406B16F0F9FEC9E79942CF
:1096B00008D1C369002BC2D1B2FBF5F305FB13241B
:1096C000002CBCD10348BCE70348BAE70348B8E71D
:1096D0004CB00400809FFFFF809CFFFF809DFFFF38
:1096E00010B50146006808B30020106018600A68D1
:1096F000537903F0B004302C17D003F0E004402C71
:1097000013D003F0F003602B0FD0902B0DD0A02BC3
:109710000BD09279463A012A07D9102B09D1CB698F
:109720008342A0F5C54008BF002010BD6FF0860041
:10973000FBE70148F9E700BF809FFFFF2DE9FF47E6
:1097400090F88131002B40F0988091F80FC0DFF83D
:1097500030A100F140040CF00F052F0104EB0515BA
:10976000D5E902E6E7596D684FEA1E180EF00F0EB4
:1097700048EA0678360946EA07763AF81EE03F09D5
:1097800047EA0577CDE902862D0985EA0E450CF0FA
:10979000F00CCDE9007564446D46E7582E6804333B
:1097A0007740102B45F8047BF7D101F10F07DDE975
:1097B000028EDDE900544FEA181949EA0E7908F0E3
:1097C0000F084FEA1E1E4EEA057E17F8013DCDE94F
:1097D000029E2D093AF818E045EA0475240984EA46
:1097E0000E444FEA131C03F00F03CDE9005400EBC5
:1097F0000313EE46082503EB0508DEF80040D8F811
:109800003880043588EA0404182D4EF8044BF2D150
:10981000DDE902E5DDE900434FEA1E1848EA057874
:109820000EF00F0E2D0945EA0475CDE902852409D5
:109830003AF81E5044EA03741B0983EA0543CDE954
:10984000004300EB0C1C6C46082303EB0C05266858
:10985000AD6B04337540182B44F8045BF5D1B94265
:10986000A5D1009B01991BBA09BA116053600399F5
:10987000029B09BA1BBA9160D36004B0BDE8F087BF
:109880006CBC040010B5036804462BB1054A934232
:1098900005D1043017F0ECFB0020206010BD6FF004
:1098A0008800FBE709000002F8B5076805460C468A
:1098B00007BB124B994213D1061D304617F0D4FB5B
:1098C0003046394600F0A6FA064628B92C603046E4
:1098D000BDE8F84016F043B82846FFF7D3FFF6E797
:1098E00001F0FE44B4F1007F14BF6FF086006FF00A
:1098F0008500F8BD6FF08800FBE700BF090000029B
:1099000010B5074B04689C4206D1043017F0B5FB34
:10991000BDE8104016F023B86FF0880010BD00BFFE
:10992000090000022DE9F041047844F0007404F1CC
:109930007E44033C102C1F4698BF124B3A6098BFE0
:109940001C5D06468846154688BF00241AB12121B1
:10995000404620F0BEF8AC420DD832680A4B9A421D
:109960000CD14146301D17F0C8FB15F0F8FF00B9C7
:109970003C60BDE8F0816FF08900FAE76FF0880085
:10998000F7E700BF63FA0400090000022DE9F04781
:1099900016460268354B0D4622F47E1199428AB074
:1099A000804616D102A9043017F0DCFC044620B929
:1099B000324602A9284620F065F8102102A8FFF7D8
:1099C000F3F8204615F0CBFF044620460AB0BDE868
:1099D000F087274B1340B3F1607F43D1D0F804A048
:1099E0005FFA8AF343F0007303F17E43033B0022E6
:1099F000102B019298BF1F4A00F1080794BF12F87C
:109A00000390914601AB202202A9384616F0E1F9F5
:109A100004460028D9D15146384616F0A2F904462A
:109A2000D8B94A4608F17801384616F0BBF9044621
:109A300098B9019A02A9384616F0B4F9044660B9FB
:109A400001AB202202A9384616F0C3F9044620B91A
:109A5000324602A9284620F015F8019902A8FFF71E
:109A6000A3F8B2E76FF08804AFE700BF0002C003BD
:109A70000000C07F74FA040038B5026804464AB199
:109A8000104B22F47E11994206D10430FFF714FDE9
:109A900000232360002013E00B4B1340B3F1607FE1
:109AA00008D140217830FFF77FF804F1080016F064
:109AB00049F9EDE7B822002120F00BF86FF088009B
:109AC00038BD00BF0002C0030000C07F2DE9F04395
:109AD00095B0D0F800801C9E154604460F461A46E5
:109AE000B8F1000F40F0C380624B066026F47E1987
:109AF000994511D1061D304616F05CFE39887A88EA
:109B00004346484615F023FE014610BB6FF085051D
:109B10002046FFF7B1FF0AE0574B3340B3F1607FB7
:109B200009D0B82241461FF0D4FF6FF085052846C2
:109B300015B0BDE8F083F6B246F0007606F17E433C
:109B4000033B102B039213D94660002A48D11746D5
:109B50004EE03046FFF7CCFC20B97A8829463046E3
:109B600017F055FB15F0FBFE0546002DDFD0CFE7C3
:109B7000102B1BD8DFE803F02020201A1A20200920
:109B80001816141A1A12100E0C003C4B6360BDE735
:109B90003B4BFBE73B4BF9E73B4BF7E73B4BF5E731
:109BA0003B4BF3E73B4BF1E73B4BEFE73B49466071
:109BB000CB5C002BC9D0A9E7402A466012D94027C8
:109BC00003AB019340230093294604AB304616F0C3
:109BD00017F9054660B1402104A8FEF7E5FFC4E788
:109BE0000027EDE71AB1294604A81FF04BFF4027D4
:109BF0000DF11009039D4B46A84529D1BD4206D25F
:109C0000C5F14002362109EB05001FF062FF05F1A6
:109C1000770304F1770223449A4221D1BD4207D24F
:109C200004F17800C5F140025C2128441FF051FF87
:109C300004F108083146404616F093F8054600281E
:109C4000C9D13A4604A9404616F0ACF80546C2E729
:109C50001A7882F0360203F8012B08F10108CBE7ED
:109C600019F8011B81F06A0102F8011FD4E76FF0B7
:109C700088055CE70002C0030000C07F0A00000204
:109C80001300000212000002110000021000000286
:109C90000D0000020C0000020B00000285FA040017
:109CA00038B50468ACB10C4B24F47E159D4206D146
:109CB000043017F0D2FABDE8384015F050BE074B1B
:109CC0002340B3F1607F04D1BDE83840083016F07E
:109CD00069B86FF0880038BD0002C0030000C07F83
:109CE0002DE9F04FCFB00446039100F1480346AD93
:109CF00000F16806186859682A4603C20833B3425F
:109D00001546F7D104AAD2E94483D2E94797D2E9AC
:109D100042160193D2F824B13D4BD2F81851029368
:109D20004FF0000CBCF10F0F5AD8039B53F82C30A6
:109D30001BBA4FEAF52E87EA0900DDF808A0936008
:109D40008EEAB51E28408EEA756E784070445AF847
:109D500004EBCDF808A0704403444FEA713E46EA94
:109D6000010006EA010A8EEAB10E00EA080040EAA4
:109D70000A008EEAB15EDDF804A0CDF804800CF193
:109D8000010C5B448644BCF1400F9A4402F104028A
:109D90007344BB461DD104A8C0E94897C0E946A555
:109DA000C0E94468C0E94231C0E9003E45A904F178
:109DB0004403643453F8042F51F8045F9C422A444E
:109DC0001A60F7D14FF49471FEF7EEFE4FB0BDE884
:109DD000F08FB0464F460E46A94619465546A1E7B4
:109DE000136852F834AC52F8380C4FEAF34E8EEA4E
:109DF000734E8EEA932E52F8143C03444FEABA4055
:109E000080EAFA10734480EADA00034491E700BF65
:109E100068B1040003460846C1B9C3E910110D4AF0
:109E20000D49DFF838C0C3E912120D4A0D49C3E9E4
:109E300014C20D4AC3E916120C4A1A6602F1745292
:109E4000A2F52302A2F692425A6670476FF086008E
:109E5000704700BF85AE67BB67E6096A72F36E3C68
:109E60003AF54FA57F520E518C68059BABD9831FE5
:109E7000C02AF0B544D0B2F5807F43D0802A40F0AC
:109E8000BA800A23036003460024520943F8044FB2
:109E900001EB820251F8044B43F8044F8A42F9D196
:109EA00003680C2B30D00E2B5ED00A2B26D1534DDD
:109EB000534900F1A006426955F8044B8768C2F384
:109EC00007237C40CB5C6340140E10300C5D83EAAA
:109ED0000443D4B20C5D83EA0463C2F307440C5D0F
:109EE00083EA042350F8044C836063400468C36031
:109EF00063405A40036142618642DCD10020F0BDDC
:109F00000C23BFE70E23BDE73C4C3D4900F1C005E3
:109F1000C26954F8046B8768C2F307237E40CB5CA8
:109F20007340160E18308E5D83EA0643D6B28E5DFE
:109F300083EA0663C2F307468E5D83EA062350F880
:109F40000C6C8360734050F8086CC360734050F829
:109F5000046C036173400668436173405A40836137
:109F6000C2618542D4D1C9E7244D254900F1E006FC
:109F7000446A55F8042B8768C4F307237A40CB5C06
:109F800087695340220E20308A5C83EA0243E2B2A2
:109F90008A5C83EA0263C4F307428A5C83EA022391
:109FA00050F8142C8360534050F8102CC360534079
:109FB00050F80C2C03615340DAB243618A5C7A405A
:109FC0001F0ECF5D82EA0762C3F30727C3F307437F
:109FD000CF5DCB5C82EA072282EA034350F8042C6F
:109FE000836153400268C36153405C400362446232
:109FF0008642BDD182E76FF01F0080E768B204009F
:10A0000096FB04002DE9F04FC9B002AD0446284686
:10A010000E46174617F0D5F80023314663603A46DE
:10A020002846FFF725FF0646002835D1029F039BEF
:10A030003448DFF8D4C0276004A903EB870301EBA1
:10A04000830251F82330A3605368E360936823616F
:10A05000D368636104F1180E103A7B1E984671466E
:10A060009146B8F1000F20DC002F4FEA0313C8BF60
:10A070001C46C3F10003D8BF002302EB0300D8BF86
:10A0800000240EEB0401D3584EF8043043684B60B3
:10A0900083688B60C368CB6002A84FF48C71FEF7B5
:10A0A00083FD304649B0BDE8F08F01F11004A9F1FD
:10A0B000040B01945BF8044F250E1CF8055050F872
:10A0C00025A0E5B21CF8055050F8255085EA3A2A3B
:10A0D000C4F30725C4F307441CF805501CF80440DA
:10A0E00050F8255050F824408AEA356585EA344511
:10A0F00041F8045B019CA142DCD108F1FF38A9F1D1
:10A100001009AEE790B2040096FB04002DE9F04F71
:10A11000012993B08C469E4600F274834368176809
:10A1200056689568D46850F8082B4FEA6208990081
:10A1300008F1FF38BCF1000F40F0BC81421850F824
:10A14000233087EA030A53687340029393686B4095
:10A150000393D3686340DDE9020404931E46D34BA6
:10A160003032554652E9069BCDF814B052F810BC77
:10A17000CDF818B052F80CBCCDF81CB052E9081755
:10A1800052F808BCCDF820B0B8F1000F52F804BC6A
:10A19000CDF824B002F1200200F3CA80BCF1000F18
:10A1A00003D1DDE90204049E55465FFA85FC020EE8
:10A1B00053F82CC053F8222081EA0C0181EA3221A5
:10A1C000C6F307225FFA80FC53F8222053F82CC014
:10A1D00081EA3261C4F3074287EA0C0753F8222070
:10A1E00081EA3241220E5FFA84FC53F8222053F8B0
:10A1F0002CC00E9187EA3227C5F3072289EA0C09A1
:10A2000053F8222087EA3267C6F30742C4F30724D3
:10A2100053F8222053F8244087EA3247320EF6B230
:10A2200053F8222053F826600F9789EA3229C0F3A9
:10A230000722C0F3074053F8222053F8200089EA90
:10A240003269C5F307422D0E53F8222053F82550EA
:10A25000974B89EA3248059ACDF84080724082EAED
:10A26000352585EA346484EA30403C0E069A1D5D4B
:10A270001190CCB21C5D544084EA0564C0F30725FC
:10A28000079A5D5D84EA0524C8F307455D5D84EAAD
:10A2900005444FEA18650A945E5DFDB25D5D554068
:10A2A00085EA0665C1F307269E5D85EA0625C0F3AB
:10A2B00007469E5D85EA0645060E0B9513F806C017
:10A2C000089ACEF800405FFA88F6C0B29E5D56400C
:10A2D00086EA0C66C7F3072C099A13F80CC086EAC5
:10A2E0000C26C1F3074C090E13F80CC086EA0C4685
:10A2F00013F801C0195C0C965140C8F30722C7F34C
:10A3000007479A5CDB5D81EA0C6181EA022282EAFE
:10A3100003430D930AA8CEF80450CEF80860CEF897
:10A320000C302021FEF740FC002013B0BDE8F08F78
:10A330004FEA106C08F1FF3853F82CB05FFA85FC37
:10A3400053F82CC081EA0C0CC6F307218CEA3B2C95
:10A3500053F821108CEA316CC4F3074153F82110F3
:10A360008CEA314C210E53F821B0C1B253F82110C0
:10A370007940C5F3072781EA3B2153F8277081EA2A
:10A380003761C6F3074753F8277081EA3741370E24
:10A39000F6B253F827B00191E7B253F8266053F8AC
:10A3A0002770059989EA0707C0F3072987EA3B2741
:10A3B00053F8299087EA3969C5F307472D0EC4F38E
:10A3C000072453F8255053F8244053F82770C0F35E
:10A3D0000740714053F8200081EA3526019986EA4A
:10A3E00034665FFA8CF486EA3046080E53F824503F
:10A3F000069953F82000694081EA3025C6F307200A
:10A4000089EA374753F82000079985EA3065C7F392
:10A41000074053F8200085EA3045380E53F82040B5
:10A420009DF8040053F82000414081EA3420CCF329
:10A43000072453F8244080EA3460C6F3074453F8F5
:10A44000244080EA3440340EF6B253F82490FCB233
:10A45000C7F3072753F82440089953F8266053F8A8
:10A460002770614081EA39240199C1F307290999CC
:10A4700053F8299084EA3964CCF307494FEA1C6CFD
:10A48000714053F82CC053F8299081EA3C26019979
:10A49000C1F3074186EA376653F8211084EA39444C
:10A4A00086EA31464FF0010C5CE600BF90B2040032
:10A4B00096FA040050F82330D44A01447B400293BA
:10A4C0004B68734003938B686B400493CB68DDE962
:10A4D00003056340029C059330311E464FF0000C8B
:10A4E00051F810BCCDF818B051F80CBCCDF81CB028
:10A4F00051E9083751F808BCCDF820B051E906A958
:10A50000B8F1000F51F804BCCDF824B001F12001DE
:10A5100000F3BA80BCF1000F03D1DDE90305059E0D
:10A52000029C5FFA84FC310E52F82CC052F82110C4
:10A5300083EA0C0383EA3123C0F307215FFA80FC2E
:10A5400052F8211052F82CC083EA3163C5F3074159
:10A5500087EA0C0752F8211083EA3143210E0E934B
:10A5600052F8211087EA3127C5F3072152F821104C
:10A5700087EA3167C6F3074152F8211087EA31476D
:10A58000E9B22D0E52F8211052F825500F978AEAA1
:10A59000010C010EC0F3074052F8211052F82000C0
:10A5A0008CEA312CC6F30721F6B252F8211052F88A
:10A5B00026608CEA316CC4F30741C4F3072489EAAE
:10A5C000060652F8244052F82110914A86EA3525B1
:10A5D00085EA346484EA3040040E069E155D1190CD
:10A5E000DCB28CEA3141145D1091744084EA056458
:10A5F000C7F30725555D84EA0524C1F30745555D7A
:10A6000084EA05481D0E079C565DCDF82880FDB2F2
:10A61000555D654085EA0665C1F30726965D85EAC6
:10A620000625C0F30746965D85EA06453E0E0B9566
:10A6300012F806C0089CCEF80080CEB2090E965DD6
:10A64000664086EA0C66C0F3072CC0B212F80CC054
:10A6500086EA0C26C3F3074CC3F3072312F80CC099
:10A66000D35C86EA0C4612F801C0115C09980C967E
:10A67000C7F307474140D25D81EA0C6181EA0323B9
:10A6800083EA02430D9345E64FEA166C08F1FF3862
:10A6900052F82CB05FFA84FC52F82CC083EA0C0C00
:10A6A000C0F307238CEA3B2C52F823308CEA336C3E
:10A6B000C5F3074352F823308CEA334CC3B252F847
:10A6C00023305F40230E52F8233087EA3327C5F347
:10A6D000072352F8233087EA3367C6F3074352F85B
:10A6E000233087EA33430193030EC0F3074052F847
:10A6F00023B052F82000079FEBB22D0E52F8233002
:10A7000052F825508AEA0303C6F3072AF6B252F834
:10A710002AA052F8266083EA3B2383EA3A6AC4F30C
:10A720000743C4F3072489EA060652F8244052F886
:10A73000233086EA352686EA346686EA30465FFAB2
:10A740008CF08AEA334352F8204006986040044671
:10A75000300E52F8200084EA30240198C0F307201C
:10A7600052F8200084EA3064C3F3074052F8200016
:10A7700084EA30444FEA1C6052F820509DF80400EF
:10A7800052F82000474087EA3520C3F3072552F8E6
:10A79000255080EA3560C6F3074552F8255080EA17
:10A7A0003540019D2D0E52F82590DDB21B0E52F85A
:10A7B0002550089F52F823306F4087EA3925C6F3A9
:10A7C0000729F6B252F8299052F82660099F85EAC7
:10A7D0003965CCF30749CCF3072C774087EA332659
:10A7E00052F82C3052F8299086EA3366019BC3F365
:10A7F000074785EA394552F827304FF0010C86EAC1
:10A8000033466DE66FF086008FE500BF90B604001A
:10A8100096FB04000048704796FC040001480022A3
:10A820001BF0F5BD6C750020024B002808BF1846D0
:10A83000704700BFC9FC0400F8B506460F46054640
:10A840005024BC42296806D300240B482C6016F023
:10A85000ACFF2046F8BD41B971790748C1F3410109
:10A8600016F0B1FF0146286018B17C34A4B20D4641
:10A87000E7E70320EEE700BF0C310020014B002288
:10A8800017F01BB8C9FC040010B50221044617F0EC
:10A8900050F821460248BDE8104016F086BF00BFC0
:10A8A0000C310020F8B504460E46154600F130077D
:10A8B000E3899D4215D85B1B6289E381A3892A4401
:10A8C0002B4492B29BB2934228BF13466281A3816C
:10A8D0002EB12B4632460021204617F005F9002004
:10A8E000F8BD61790C48C1F3410116F06CFF80B1ED
:10A8F00023680360E38920604F2B06D83030C3F112
:10A900005002F91818441FF0BDF8E3897C33E38145
:10A91000CEE70320E4E700BF0C310020F7B50F4677
:10A9200003794179C3F340030546C1F341008DF833
:10A9300004308DF8050001AB1F48490916F0BDFF32
:10A940000446002836D06E89BE4228BF3E463346B4
:10A950000022294617F0FAF848BBAA896389B24257
:10A9600028BF32469A4228BF1A46A281AA79A37903
:10A9700062F30303A3712B792279DB0963F3C71216
:10A9800022716B796279C3F3C10363F3C40262710C
:10A99000AB69A3612B8A23826B8A63822B7A237231
:10A9A000AB8DA385EB8DE385204603B0F0BD20463B
:10A9B000FFF76AFF0024F7E70C3100200649002268
:10A9C000C0E90022C0E90212C0E90422C0E906225F
:10A9D00080F82020704700BF2DAA020070B50568DE
:10A9E0000646ADB10446002344F8103B0C48294606
:10A9F00005F0A2FF0B48294602F08CFE0A482946C2
:10AA00001AF019FC96F8206004EBC606A64200D1A5
:10AA100070BD236813B16168284698470834F5E78C
:10AA2000E8750020D8790020087A00200148FFF757
:10AA3000D5BF00BFD4300020036823B901600548AA
:10AA40004960FAF78DBD5B684B600368596001602F
:10AA5000704700BFB03000204368014613B9024878
:10AA6000FFF7EABF704700BFB430002070B503683D
:10AA700005460C4623B9BDE870404B6808481847A6
:10AA80008B6898472B685A68831A002B0146236805
:10AA9000B8BF121ABDE870400148A8BF002218478D
:10AAA000B03000200146024A024817F0B5BA00BF94
:10AAB00090BA0400B83000204160024A01460248C2
:10AAC00017F0D0BA90BA0400B830002010B5044690
:10AAD00016F02FFD30B104F108000349BDE8104025
:10AAE00017F013BB10BD00BF90BA040010B50446A8
:10AAF000FAF774FE0023206063600146054BA360F3
:10AB000004F10800206101F18041FFF7D5FF2046E4
:10AB100010BD00BF19AB0200014817F029BB00BFF0
:10AB2000C030002010B5074C94F89C393BB9A4F50F
:10AB3000804017F029FBA4F5804017F0D5FB0248B0
:10AB400010BD00BFB0700020B03000200022C0E96E
:10AB5000002282600246044942F80C1F4261028BC7
:10AB600002F080020283704755AC0200064890F85C
:10AB7000763600F5AC6203F00F0300F25C60072B41
:10AB800018BF1046704700BFB070002038B5FFF7FF
:10AB9000EDFF0C46054617F0C3FBB0B10C4BB3F804
:10ABA0009A134FF6FE72914203D003F25C639D420A
:10ABB00007D12B6823606B68636002232372002037
:10ABC00038BD2B8B23800123F8E70B20F8E700BF6B
:10ABD000B0700020074BD3F84405074B984228BFBC
:10ABE00018464FF47A735843B0F57A6F88BFA0F5D2
:10ABF0007A607047B07000209BC4200038B5037E97
:10AC0000DA07054605D4284617F092FB0D242046A6
:10AC100038BD0F4C94F86C335B07F4D4FFF7A6FFF4
:10AC200017F07EFB0028EED005F10C00FFF73AFF8D
:10AC300004F55B7017F058FD044620B9014628461C
:10AC400017F0A8FBE3E70D28DDD00121F7E700BFEF
:10AC5000B07000200148FFF7D1BF00BFC8750020C9
:10AC6000F0B5067E87B0002316F0010604460F46B5
:10AC700015468DF8143019D08B885BB103A938467E
:10AC800017F055FF01230093244803AB2A463946A9
:10AC900003F0A8FA2046FFF769FF837E180707D163
:10ACA000204617F045FB1E4804F09EFD07B0F0BD9E
:10ACB00005F0FB030B2B1CD0637EFDB90F2B0ED8C8
:10ACC0000026237E590725D5238B23F4706323F0B8
:10ACD000040323830121204617F05CFBE6E7F033F1
:10ACE0006376DBB20F2BEBD8E37A65F38703E3726D
:10ACF000E7E7237E43F004032376EBE75A1C02F0D8
:10AD00000F0262F30303032A6376DDD8237E5A071A
:10AD1000CCD4EFE7002EC9D0DCE700BF6C75002073
:10AD2000E875002070B500248AB0064606220D465C
:10AD300007A821468DF810408DF81A401EF0C9FE74
:10AD40002146222201A81EF0C4FE0DF11201304658
:10AD5000FFF71CFF40BB2C689DF81A50144B022DC6
:10AD600007BFD3F89E03D3F8A213B3F89A23ADF824
:10AD7000082006BF02AA03C201258DF81050B3F8BF
:10AD8000741307A818F031FB0323ADF8043040F624
:10AD90000503ADF8223004238DF824300548002344
:10ADA00001AA21461BF055FB20460AB070BD00BF2A
:10ADB000B070002068750020014802F055BD00BF4A
:10ADC000AC73002010B503898B42044606D1BDE860
:10ADD000104009484FF4004117F05DB80181064862
:10ADE0004FF4004117F04EF8218904F12800BDE826
:10ADF000104000F03BBD00BFD4300020F7B5002567
:10AE0000056004460E4606F027FF207106F024FF79
:10AE10002C4B6071A360A5712B4802F0A5F90B23A0
:10AE2000237440F60F33E06023833146C4E90755AD
:10AE30006582656104F1240018F087FA234B244AE7
:10AE4000C4E92635234604F59E7743F8A02F29460A
:10AE5000C4F8A8301022C4F83451A4F83A51384646
:10AE60001EF037FE4FF00043C4F83C31684618F03E
:10AE700082FA2946022204F59C701EF02AFE8822DE
:10AE8000294604F1AC001EF024FE2378264643F048
:10AE9000010306F8283B304600F00EFD21892046CC
:10AEA000FFF790FF6946304600F0ECFCE18D30463C
:10AEB00000F0E2FC384607492A4618F0C6FA204658
:10AEC00003B0F0BDFFFF0B0BB0300020A9B40200AF
:10AED000E5B40200CBFC04001F2910B5044622D8BB
:10AEE000C368CB40DA071ED5837A8B4206D10F4860
:10AEF0004FF4804116F0CFFF002010BD81720B4847
:10AF00004FF4804116F0BEFF0222002104F59C7030
:10AF10001EF0DFFD23789B06EED4A37AE372204671
:10AF200017F010FBE8E70720E7E700BFD430002068
:10AF300073B50546086817F0C9FA02070C461DD517
:10AF40000DF10301204617F0DAFF9DF80330082BBE
:10AF500014D0102B14D05BBB237F164EA660DB07EA
:10AF600005F1320506D43169204617F0E8FF336950
:10AF7000013333612946204618F011F902B070BD43
:10AF80004FF0FF33019305F59E73A360D5F834119C
:10AF90000131C5F83411204617F0D1FF01A9204630
:10AFA00017F0E3FFFF21204618F005F8024DE1E716
:10AFB0000025DFE7FC730020DBFC04002DE9FF41E6
:10AFC000044608689DF8288017F080FA15468A889C
:10AFD00000270B468DF80C70EAB101A900F020069D
:10AFE000184617F0A4FD2D48012201A91CF05FF8B6
:10AFF00040B13EB195B10E2D05D1394680222230A7
:10B000001AF0CBFA65B1B8F1000F09D0D4F8D830F6
:10B010000133C4F8D83004B0BDE8F0810121EDE778
:10B02000D4F8AC300B2D03F10103C4F8AC3020D1BF
:10B03000D4F8E8300133C4F8E83016B3D4F8B830A7
:10B040000133C4F8B83025B9D4F8BC300133C4F8A2
:10B05000BC309DF80C30012B05D1BDF804204FF613
:10B06000FF739A4213D0D4F8B0300133C4F8B03033
:10B07000D1E70F2D02BFD4F8EC300133C4F8EC3027
:10B08000DBE7D4F8C0300133C4F8C030E1E7D4F8CE
:10B09000B4300133C4F8B430BDE700BF40760020BF
:10B0A0002DE9F7430546086817F010FA1E46030716
:10B0B0000F46904646D50DF10101384617F00FFFB7
:10B0C0009DF80130052B03D0082003B0BDE8F083C4
:10B0D00001A9384617F023FF0DF10201384617F099
:10B0E0000EFF9DF80240082C2ED0102C71D0002CA1
:10B0F000EAD13B4841460246384618F0B7F80146C7
:10B100000028E1D19DF80230082B1BD1B37E03F05B
:10B110000F03072B16D173699C4205D0C6E90404BE
:10B1200006F10C0018F069F9019B2E480133F36019
:10B13000D0F800339C4205D90322214600F53F7028
:10B1400002F0DAFB0020C0E7002EBDD00DF10301B4
:10B15000384617F01CFF9DF80330224A013BDBB252
:10B160008DF80330D2F8004304F07F02934216D1E9
:10B17000394605F1240000F035FBB37E03F00F03E0
:10B18000072B0AD173699C429ED306D1019AF368BA
:10B19000511C994222D09A4296D34146ABE704F122
:10B1A000FF3909F07F02934207D14A46394605F13B
:10B1B000240000F01BFB4C46DFE7013404F07F0263
:10B1C000934281D12246394605F1240000F00EFB5E
:10B1D000D3E7054905F59E7000248CE71D2074E730
:10B1E000FC730020B0700020DBFC040038B50C4676
:10B1F00091F8205092F9151004F11E001AF04AFA45
:10B200000C4B93F83925022A05F0030510D103F5FC
:10B21000AC6294420CD193F8803503F00303AB4247
:10B2200006D0BDE8384004484FF0004116F02ABE71
:10B2300038BD00BFB0700020D43000202DE9F043AD
:10B240001E468B8885B004460D4617469BB308689A
:10B2500017F03CF94FF00009804601A928468DF807
:10B260000C9017F064FC9DF80C30012B13D1BDF845
:10B2700004204FF6FF739A420DD1A3790133DBB25C
:10B28000A37133B904F1280018F073FA05B0BDE8D2
:10B29000F08384F8069018F0200F0CD05FB101A95C
:10B2A000314801221BF003FF014626B918B13A4686
:10B2B0002046FFF79BFF6378013B042BE6D801A2F1
:10B2C00052F823F0D9B202008DB20200F3B20200AC
:10B2D00043B302000DB30200D4F8D030618A0133C9
:10B2E00004F1A000C4F8D03005B0BDE8F04316F07A
:10B2F000EBBED4F8CC300133C4F8CC3000236370FB
:10B30000204605B0BDE8F04317F0B3BA66B95FB1A7
:10B310002378DA0708D5386817F0D8F8C30603D5BC
:10B320000621204617F076F9D4F8C8300F480133CB
:10B33000C4F8C8300023637032462946FFF790FCFA
:10B34000DEE7D4F8C4300133C4F8C43026B1D4F8F1
:10B35000DC300133C4F8DC3000230548637032462A
:10B3600029461AF0ABFFCBE740760020C8750020D5
:10B370006C75002070B5D0F8942000239380D0F82D
:10B380009420117F63F341011177D0F89420117F4D
:10B3900063F304111177D0F894100A7F42F004028D
:10B3A0000A77D0F89420117F63F300011177D0F869
:10B3B00094307F22DA760378DA07044662D5437840
:10B3C000013B00F19401042B66D8DFE803F003652C
:10B3D000274A32004FF6FF71283000F047FA204626
:10B3E00017F09BF9054600284CD0237C83718376A7
:10B3F000002117F08BFB04232B76237E6B762B7FAB
:10B40000DB0603D429462046FFF792FD0023A371F3
:10B4100004F12800BDE8704018F0ABB917F0A8F9A6
:10B42000054678B3E37A8371837621794B1C2371C7
:10B43000DFE7D0F89430C27A9A719A76D0F89430D7
:10B4400004221A76D0F89430027E5A761448FFF718
:10B4500069FC0546B0B161794B1C637117F056FB6E
:10B46000CDE7D0F89430C27A9A719A76D0F89430B9
:10B4700004221A76D0F89430027E5A76094802F0F7
:10B480004FFEE6E7D4F8941000228A8020460B2372
:10B49000BDE87040FFF7D2BE00231B7FFFDE00BF78
:10B4A000C87500206C750020014817F0E2B900BF94
:10B4B0001C74002010B54378012B044602D0062BE3
:10B4C00004D010BDBDE8104017F0AFB900234370A1
:10B4D000034816F08AFF2046BDE8104017F0C9B9AE
:10B4E000C87500200148FFF7E5BF00BF1C740020AD
:10B4F000F0B589B000238DF810308DF81C30D0F8ED
:10B50000F030013304460D46C0F8F030002A40F018
:10B510001281002900F048810378D90740F1568153
:10B52000284617F09DFD0246002840F0048102A93C
:10B53000284617F081FB05A9284617F0F8FA9DF870
:10B5400010602EB1A448012202A91BF0B0FD0646EE
:10B550009DF81C30012B37D0022B42D00DF1060193
:10B56000284617F0C5FA40B9BDF806304FF6FF720D
:10B57000934202D022899A422DD19DF81030012B9E
:10B5800036D0022B3ED09DF81C30012B49D1BDF89E
:10B5900014204FF6FF739A4243D1D4F8F8300133A8
:10B5A000C4F8F830334602AA29462046FFF778FD52
:10B5B000074600283ED01D2839D0D4F82831013361
:10B5C000C4F8283109B0F0BDBDF81410204617F0BA
:10B5D0001BF90028C2D0D4F814310133C4F8143157
:10B5E000F0E7082204F1320105A81EF08AFAF0E71C
:10B5F000002E00F0DF803068716802AB03C30223C5
:10B600008DF81030082204F132010DEB02001EF01B
:10B6100078FA0028B7D1D4F824310133C4F82431A2
:10B62000D0E7D4F8F4300133C4F8F430BAE76378E3
:10B63000062B3DD16948294616F0EBFE16B32A4683
:10B6400020463146FFF7D2FD286816F03FFF02077B
:10B6500018D50DF10501284617F051FC9DF805306D
:10B66000082B0FD1B37E03F00F03062B04D0072B5A
:10B6700008D0012B40F09E80284617F037FD0028A7
:10B6800000F0A4806378022B18D0062B20D0012B69
:10B690002CD12B681B785B0710D1D4F8043101330F
:10B6A000C4F804312946204616F026FF002F89D021
:10B6B000D4F818310133C4F8183183E7227CA37A17
:10B6C0009A4213D0D4F80C310133C4F80C31EDE7B1
:10B6D0009DF81C3043B104F1A000FFF7E3F900230B
:10B6E0006370204617F0C5F8002FE1D12B681B7856
:10B6F00003F00703012B18D0032B07D0002BE1D157
:10B70000D4F804310133C4F8043106E02946204658
:10B7100017F059F900287FF455AF3148294602F057
:10B7200043FF204616F00EFFC0E7D4F8FC3001338B
:10B73000C4F8FC30F1E7083A152A47D801A353F8BA
:10B7400022F000BFBBB50200CDB70200CDB70200AA
:10B75000CDB70200CDB70200CDB70200CDB70200D1
:10B76000CDB70200CDB702009DB70200A9B7020015
:10B77000B5B7020017B60200C1B70200D7B5020084
:10B78000CDB70200CDB70200CDB70200CDB70200A1
:10B79000CDB70200CDB70200B1B60200D4F82C310B
:10B7A0000133C4F82C310DE7D4F81C310133C4F84F
:10B7B0001C3107E7D4F820310133C4F8203101E708
:10B7C000D4F810310133C4F81031FBE6D4F830312D
:10B7D0000133C4F83031F5E640760020C87500200A
:10B7E0006C750020004870477C7400200748D0F832
:10B7F0000033591E914206D0013300F57770934211
:10B8000018BF0020704700F56F707047B0700020BF
:10B8100038B5044613480D46FAF724FC2080114839
:10B82000FAF7F4FB2946A06104F11C0018F02FF888
:10B830000023C4E9083304F1280017F058FE04F18E
:10B84000380017F054FE04F1480017F050FE23466C
:10B85000054A43F8602F2046A36617F053FE2046A2
:10B8600038BD00BFB03000208DBB02000148FAF7A0
:10B87000D1B900BFB0300020C180014801F068BCE0
:10B88000BE3000200A68C0F80A204A68C0F80E20BE
:10B89000014801F04FBC00BFBE300020837C61F343
:10B8A000000383740388DB0502D50248FAF7FEBB68
:10B8B000704700BFB030002010B58378044663B9EC
:10B8C0000748FAF7DBF948B90548FAF7EDF928B95E
:10B8D000A378012B1CBF0123A370002010BD00BF63
:10B8E000B030002010B504466030FFF7DBF80648A2
:10B8F000FAF7DAF930B90448FAF7CCF910B9A378B5
:10B9000003B1A07010BD00BFB030002010B50446D8
:10B910000448FAF723FB20B9A378022B1CBF0223AB
:10B92000A37010BDB030002010B58378032B0446FF
:10B9300020D10388DB0614D50423A370A1690E4827
:10B9400001F00CFC0D2815D1A269536993B10023B5
:10B950005361A26908481361A169BDE8104001F074
:10B96000FDBB836905489979FAF7F8FAA378042BA7
:10B97000E4D0E1E710BD00BFBE300020B0300020B1
:10B980000148FAF747BB00BFB0300020014812F071
:10B99000D2BE00BFB030002010B504461048FAF700
:10B9A00039FB7F2806D094F913307F2B01D08342D6
:10B9B00000DAE074F9F712FF6369C01A002807DAA9
:10B9C000616E04F160000122BDE8104016F079BB01
:10B9D00094F913102046BDE8104017F0D9BD00BF00
:10B9E000B030002038B583780446154633B3033BA6
:10B9F000032B23D903889B0709D51248FAF774FB58
:10BA0000A378052B01D00523A370002038BD17F0C3
:10BA1000E5FDA8B10B48FAF7A1FAA378052B1CBFE6
:10BA20000523A3707F23E374F9F7D8FE054465610D
:10BA3000002104F1600016F047FBE6E70D20E5E782
:10BA40000C20E3E7B030002010B5044617F0CEFD1F
:10BA500020B9A378012B07D1002010BD0448FAF7C4
:10BA600023F90028F5D0F8E70123A370F4E700BF1D
:10BA7000B03000202DE9F043082985B0DDE90C89BC
:10BA800004460D4616461F460FD180F85C20194625
:10BA9000283017F0C5FC414604F1380017F0C0FC0F
:10BAA000494604F1480017F0BBFC204617F078FD2A
:10BAB00050B90123CDE901930548CDF800803B46FC
:10BAC0003246294619F04DFB05B0BDE8F08300BFB2
:10BAD000B030002008B512B1836D8B4200D2816571
:10BAE00017F05EFD48B905481AB1BDE8084019F0E5
:10BAF0003ABBBDE8084019F035BB08BDB0300020A6
:10BB000038B50123044603FA01F100201DF0D0F9F5
:10BB10004FF4A07303FB00F5A37CDB070AD5A369F0
:10BB200006489979FAF71AFA29462046BDE83840BE
:10BB300017F0FBBD0148FAF7B7F8F5E7B030002081
:10BB400010B58378033B0446032B1CD8DFE803F0D1
:10BB500002061713BDE81040FFF7E6BE83690A48E6
:10BB60009979FAF7FBF9A16920460E23BDE8104048
:10BB7000002217F011BEBDE8104017F0DDBDBDE892
:10BB80001040FFF709BF10BDB03000200148FFF79B
:10BB9000D7BF00BF447400200148FFF7A9BC00BF15
:10BBA0001C740020014816F018BE00BF1C74002051
:10BBB0009DF8000000900148FFF700BA1C740020B7
:10BBC0000148FFF73BBB00BF1C740020014816F082
:10BBD000F1BE00BF1C740020014801F0FDBD00BF94
:10BBE000AC73002073B508460E4617F093FE054669
:10BBF00028B9344696F8FE3033449C4202D3284696
:10BC000002B070BD23780C2B10D8DFE803F00714C6
:10BC10001B200F290F2E0F0F0F0F3300B4F8031046
:10BC2000194849BAC9B2FFF757F9054620461DF031
:10BC30007EF90444DEE76188134849BA89B2FFF708
:10BC4000C1F8F3E71148A11C00F084FBEEE72146A0
:10BC5000684618F0DBF869460C4818F064F9E5E727
:10BC60000B48A11C01F0C0FEE0E70A48A11C04F04B
:10BC700093FADBE7204618F0E5F86946009004489F
:10BC800001F082FED2E700BF1C7400208C730020FC
:10BC9000AC730020E875002003780448002B14BF23
:10BCA0004FF000514FF0805116F0ECB8D430002026
:10BCB00070B543789B0705460C4622D40378134899
:10BCC000002B14BF21210D211BF050FF0646D0B1DF
:10BCD00094F8FE20214615F024FF044668B90C4A6A
:10BCE0000A482B46314605F017FE044628B96B7802
:10BCF00043F002036B70204670BD3046FEF7C4FD72
:10BD0000F9E71824F7E70324F5E700BF9472002051
:10BD10009F3B040038B50446103018F093F904F145
:10BD2000080018F08FF96378254623F0010363704B
:10BD3000204617F04BFF15F8181B084805F0C6FF02
:10BD40002846FEF7AFFE2378012B02D10448FEF708
:10BD5000A9FE2046BDE83840FFF79EBF083100200D
:10BD600080730020F8B50A4C05460F460326013EB5
:10BD700000D1F8BD2B784BB9637814F8032B03F589
:10BD800000333946284617F037FFF0E7A378F4E789
:10BD9000E8FC040030B5C3B004460D4601A817F016
:10BDA00077FD294601A817F0F7FD01A92046FFF706
:10BDB000D9FF2178024801AA05F05EFF43B030BDEB
:10BDC000083100202DE9F041104C05460E460027B1
:10BDD00004F106082B78ABB9637814F8032B03F54C
:10BDE00000333146284617F027FF002818BF47F0D8
:10BDF00001074445EED13FB131462846BDE8F04148
:10BE0000FFF7C8BFA378E8E7BDE8F081E8FC0400CD
:10BE1000F8B5002381F8FE300A4606460C46017844
:10BE2000154805F035FF074688B921463046FFF72B
:10BE3000C9FF33786BB93321204617F01DFE34213A
:10BE4000204617F019FEF9F7C9FCC4F8000138467E
:10BE5000F8BD3421204617F08AFD05460028F6D0AB
:10BE6000716800F001FA030EAB70030CEB70030A6B
:10BE70002B716871E7E700BF0831002070B5C2B0D0
:10BE8000044601A80D4617F003FD204601A9FFF75F
:10BE9000BFFF044628B9352101A817F068FD18B97D
:10BEA0001724204642B070BD694617F0E1FF002814
:10BEB000F7D1044A009BD2F8782313402B60002B63
:10BEC000EFD1EDE7B07000202DE9F047D4B013AF0B
:10BED0000C46054602AE38460DF10409904617F0AF
:10BEE000D7FC00234A460D21204686F840301DF03D
:10BEF000C7F870B90DF1030AB9F80230B3B996F872
:10BF0000403033B12B78012B03D13421304617F068
:10BF100048FE39462846FFF77BFF21462C481BF098
:10BF200054FE0446002849D1002437E0012352463C
:10BF30004946204615F097FD9AF80010304617F054
:10BF400030FE012148461CF08AFFD5E796F84020D4
:10BF5000002A37D028783146324491420B4601D12D
:10BF6000002305E093F800C0844501F10101F4D1FC
:10BF7000003B18BF0123B8F1000F13D12A78052A1E
:10BF800010D199F86223D2070CD428461CF0CFFFB9
:10BF9000054497F8FE303B449D42D7D3204654B029
:10BFA000BDE8F087002BF0D0214628461CF0D2FFD8
:10BFB0000028EAD02046FEF767FCB5E7DFF81490CA
:10BFC0003D46E6E7B8F1000FEED10123D6E700BF0A
:10BFD00094720020B070002038B500220D46096927
:10BFE000FFF772FF044650B101466A6904481CF02D
:10BFF00027FA20B12046BDE83840FEF745BC38BDE1
:10C000009472002010B5034B0446002217F059FD2E
:10C01000204610BDADC1020010B5C2B0044601A853
:10C0200017F036FC01A92046FFF7F2FE30B90449AB
:10C03000052201A817F0A0FC42B010BD0020FBE7CC
:10C04000E3FC040010B5064B0446012217F039FD4D
:10C050002346044A43F82C2F6363204610BD00BFDB
:10C06000B9C102005DC2020038B500F12C040D46D2
:10C070002046FEF717FD3421284617F078FC68B1FA
:10C08000D0F80220064BD5F8001112BA9A4228BF08
:10C090001A462046BDE8384016F013B838BD00BF38
:10C0A0000014730F70B50D46C2B0044617F08EFD34
:10C0B00095F8FE60FEB921781A4805F007FE63780E
:10C0C00066F300032646637016F8081B28463246BE
:10C0D00017F0DCFC10B1304617F0B4FFF9F77EFB27
:10C0E00023786060012B1AD10F48294642B0BDE881
:10C0F0007040FFF7B9BF01A817F0CAFB294601A895
:10C1000017F04AFC01A92046FFF72CFE21780548CC
:10C1100001AA05F0B1FD637843F00103D2E742B014
:10C1200070BD00BF083100205473002070B500F1CD
:10C130000806C4B004460D461030314617F0C0FF63
:10C14000002821DA237883B903A817F0A1FB03A9FB
:10C150000E48FFF75DFE01A903A817F007FE20B9FE
:10C16000314601A817F0ACFF70B129462046FFF711
:10C170009FFD032808D141F2883104F1180044B032
:10C18000BDE8704015F0A0BF44B070BD54730020EE
:10C1900043789B0707D4044B93F83935023B012BB6
:10C1A00001D8FFF7C3BF7047B0700020014817F0F7
:10C1B000EDBD00BF28730020014817F0E7BD00BFA8
:10C1C0005473002070B5CCB004460BA817F060FB88
:10C1D0000BA92046FFF71CFEB8B901A90BA817F060
:10C1E000C5FD90B91A4901A817F06AFF002811DDB2
:10C1F00033210BA817F040FC34210BA817F03CFCAE
:10C20000144801220BA917F07EFD2046FFF782FD9E
:10C210004CB070BD05210BA817F0A9FB0028F4D085
:10C22000821C03AE00F1120310685168354603C545
:10C2300008329A422E46F7D1074807A919F07AF931
:10C24000102203A907A81DF05CFC0028D0D1DCE770
:10C250003873002028730020AC7300200148FFF7DA
:10C26000B1BF00BF5473002038B5D0F80240074B6F
:10C2700024BA9C420D4628BF1C46F9F7AFFA431B6F
:10C28000A3423ABF201A4019002038BD0014730F92
:10C290002DE9F34100230B60438904460E46002B31
:10C2A00033D01D4F608988B301282ED06068218962
:10C2B00078B302236A4615F0A7FB6D466B78628956
:10C2C00003F10208424520D32A78C2B9042B1CD1BD
:10C2D000606828B106236A4604F1080115F0C3FB23
:10C2E000D5F8020017F079FD17F079FD2B78002BB7
:10C2F0000CBF3B460023184033680343336041467C
:10C3000004F108001CF0ABFDCCE7062002B0BDE84C
:10C31000F08125680D44D1E700F8FF07002310B530
:10C3200083710A4B1B78044613B90948084008B9C1
:10C330005AB1002023700423637017F050FD17F0EA
:10C340004CFD0623C4F80200A37110BD07FD0400D4
:10C3500000F8FF0738B5082204460D461DF0D1FB52
:10C3600030B9BDE8384008484FF4003115F093BDAE
:10C370002B6823606B686360BDE8384002484FF467
:10C38000003115F07FBD00BFD430002008B508464D
:10C3900011B1182907D008BD06484FF4803115F0B7
:10C3A00071FD0020F7E703484FF4803115F073FD6D
:10C3B000F7E700BFD430002010B500210446082262
:10C3C00001721DF086FB20460449FFF7C3FF0449B4
:10C3D000204617F09DFD204610BD00BFF9FC04006B
:10C3E000EEFC040070B5002604460D461422C0E998
:10C3F0000166067031460C301DF06BFB094B294677
:10C40000C4E9083604F128001DF0E7FA294604F1D2
:10C41000300018F048FD294604F13C0018F076FB86
:10C42000204670BDF5CA02003031134602488AB278
:10C43000002115F042BA00BF0C310020014AFFF77D
:10C44000F3BF00BFC9FC0400F0B58BB060230093BC
:10C4500040238DF8073093885BBA28335BBAADF878
:10C460000430124B05460C460FCB02AE86E80F0097
:10C4700000F092FB06AE034600F1100718685968F9
:10C48000324603C20833BB421646F7D129236A4617
:10C49000214628468DF8063017F070FE20B9282274
:10C4A00069462046FEF7FEF90BB0F0BDF877002094
:10C4B0002DE9F3411F460B689DF8208015461A7937
:10C4C000D20904460E4648D04268002A57D05B89FC
:10C4D000B3F5A06F08D900250224284617F02CFEDA
:10C4E000204602B0BDE8F081274805F108011AF0A6
:10C4F00080FB10B1B8F1000FEDD02378DBB1B8F1BB
:10C50000000F18D01835284618F07AFA98B9112F6C
:10C5100026D03A2F0FD1294604F128001DF064FAE5
:10C5200048B13068082381896A4615F091FA9DF870
:10C530000030802BCFD000239DF82420009331467B
:10C54000684618F007F8009DE0B92946204617F024
:10C55000F5FED4E901312846984700252C46BCE772
:10C560003068082381896A4615F072FABDF8021016
:10C57000064849BA89B218F094FD0028DBD000259E
:10C580000424AAE70324A8E7E87500204C710020E2
:10C590002DE9F74F0846884618F0F7F94146074657
:10C5A00037481AF02EFB374B4FF00009D3F83841CB
:10C5B00003F5A76383464D4600931CB9284603B094
:10C5C000BDE8F08F009821461AF02AFB60BB214697
:10C5D000404618F022FA237C8342064613D82046B0
:10C5E000019317F0ADFD019B82461E461022414685
:10C5F00020461DF086FA002840D035B9237CB3428E
:10C6000037D9254611E0BA46F0E7204617F098FDE5
:10C610000190284617F094FD019B8342204607D2E3
:10C6200017F08EFD5045E9D24E466469B146C4E725
:10C6300017F086FD0190284617F082FD019B83428A
:10C6400005D9284617F07CFD5045D7D3ECE7A27CEE
:10C65000AB7C5340D90702D5D307CFD4E4E7B1452B
:10C66000CCD3E1D1064821461AF0CBFA5845DBD1AC
:10C67000C4E7204617F064FD0746C2E725469DE75C
:10C68000E8750020B07000202DE9F047112BB1F8BB
:10C690000AA08AB080460D461646994602F1100758
:10C6A0006FD1538C4E483A46314605F0EBF80028DE
:10C6B00067D06879C0F341001BF0D0F9840104F41D
:10C6C0007C64602344F4C044009364BA96F8253037
:10C6D000ADF8004096F824208DF80690C4F30724A6
:10C6E00063F305149AFA9AFA8DF80140ADF804A0A4
:10C6F0002AB9C3F3C00383F001039B01DAB23046C9
:10C700008DF8072018F0BBF8002840D13378FF2BB4
:10C710003DD0334602AC18685968224603C208333C
:10C72000BB421446F7D13B4606AA07F1100C186825
:10C730005968144603C4083363452246F7D1384686
:10C7400018F052F9A8BB282269462846FEF7AAF835
:10C750000446B0BB28464B4606AA02A91DF009F9BB
:10C76000384618F04DF980BB96F825302A79C3F386
:10C77000001363F345122A712946404617F0B5FDB0
:10C780001FE06879C0F3410017F0F0FC96E73946E6
:10C790004046FFF7FDFE034600B302AC00F1100C6B
:10C7A00018685968224603C2083363451446F7D116
:10C7B000B9E76A462946404617F0E0FC04460028DF
:10C7C000C1D020460AB0BDE8F0876A4629464046F7
:10C7D000FFF73AFE0028C7D00446F2E71424F0E73A
:10C7E0009472002070B50B480E4604F081FC04469C
:10C7F00010B10124204670BD074BD3F83851002DED
:10C80000F8D03146284618F008F92B7C8342F0D93D
:10C810006D69F4E76C780020B07000202DE9F347D3
:10C82000DDE90A891D46144600232B7088F8003084
:10C8300089F8003014F8183FFF2B82460E46174641
:10C840002AD14B792B4813F0180318BF01232B7002
:10C85000012388F80030214618F042FA28B13379D4
:10C860009A0605D5012389F8003002B0BDE8F087AB
:10C87000737913F0180FF8D11F4890F83B351B0758
:10C88000F0D407F1080100F59C7018F0BBFA80F0B5
:10C89000010089F80000E8E71648214618F0B2FACE
:10C8A0000028DFD1204618F00BF830B1737913F06F
:10C8B000180318BF01232B70D7E721465046FFF716
:10C8C00091FF08B10123F6E70C480DF1060322465B
:10C8D00007F108011AF01FFE18B1012388F8003093
:10C8E000C3E7054BBDF80620B3F83C359A42E9D1C1
:10C8F000F3E700BFE8710020B07000206C780020E2
:10C900002DE9F04792B006460D4608A80968914601
:10C9100018F09AF8044618BB2B685B79C3F3C1037F
:10C92000012B21D103AC0DF10E030194009308AA51
:10C930000DF10D0329683046FFF770FF28682821A4
:10C9400014F090FF9DF826308DF80F3000940DF113
:10C950000F0308AA2946304617F071FE044678B145
:10C96000204612B0BDE8F0870AA817F098FF08B17A
:10C970000224F5E70EA817F092FF0028D2D0F7E7BF
:10C980009DF80C309DF80D80002B00F08A809DF8FA
:10C990000F20292A40F085802B68049042462946C2
:10C9A00004A893F804A017F0D5FDCAF3401A049F19
:10C9B00020B1384617F0C0FB0324D1E73B79B98991
:10C9C0006AF345133B71384614F0BEFF46483A46B9
:10C9D000214619F000FD4A4605A930460597FFF7A4
:10C9E0008FFF059817F0A8FB8DF80C408DF80E40CE
:10C9F000B8F1000FB4D02B685B7913F0180F09D190
:10CA00003A4819F049FD0028AAD09DF82730013B8B
:10CA10008DF827309DF82730002BA9D08DF81830DD
:10CA20002868012306AA072115F05EF89DF80F700B
:10CA30003A2F12D128680123818906AA15F008F837
:10CA4000044600288CD19DF81810294A0723013B81
:10CA50008ED012F8010B8142F9D128684679C6F3CD
:10CA6000C106022E11D1112F0FD18189082306AAE8
:10CA700014F0EEFF044600287FF472AFBDF81A20D0
:10CA80004BF6F0739A423FF473AF2B680693002382
:10CA900015482B6006A919F09FFC069817F04CFB6F
:10CAA0005EE79DF80E200AB9002BA1D0B9F1000F66
:10CAB0000BD143EA0802CDE9003229469DF80F3038
:10CAC00008AA3046FFF7F4FC04469DF80C30002B12
:10CAD0008ED09DF80F30CDF800802A4608A9304648
:10CAE00017F051FD044683E76C750020E8750020BF
:10CAF00001FD0400014817F0E5BD00BF1C710020D6
:10CB000070B58CB006460D4602A8096817F09CFF68
:10CB1000044670B99DF81030FF2B2DD0174804A99A
:10CB200004F0E6FA40B1164804A918F06BF948B9C8
:10CB3000022420460CB070BD124808A91AF059F81A
:10CB40000028F0D19DF82030FF2B0CD000222B685C
:10CB50002A6001A930460193FFF7D2FE04460198EE
:10CB600017F0EAFAE5E7296802AA304617F040FB19
:10CB700004460028EAD0DCE71424DAE76C780020C9
:10CB8000E8710020E875002000487047CCBA040026
:10CB9000004870479CBA040000487047FCBA040083
:10CBA00010B50B799B0790B0044602D5002010B059
:10CBB00010BD01A817F09CFD88B907A817F009FF60
:10CBC00068B1134B93F83935002BEFD001A817F05B
:10CBD000F8FD9DF80A30062B07D0112B01D002205A
:10CBE000E5E744F64C539842E0D0227904EB420248
:10CBF000A242234601D1002304E01988814204F1B6
:10CC00000204F5D1B3FA83F040094000CFE700BF3A
:10CC1000B070002038B50C4605460E49104610226B
:10CC20001CF06FFF6D23237048B902236370A0705E
:10CC300095F88C305A1C85F88C20E37038BD04239D
:10CC400063704023A370044BB3F83C355BBAA380F8
:10CC5000EEE700BFF8770020B07000202DE9F84320
:10CC600000258846914606460746024629462B4639
:10CC70002C4697F803C0BCF1000F25D106EB8502C6
:10CC8000002C08BF1446D578002D4FD005884545A7
:10CC900004D11CB9013306F18C04DBB28B429CBF7A
:10CCA0000B461046012B2DD9002C43D0B44229D974
:10CCB00034F8043C434525D1844239D2021B214635
:10CCC000201D1CF0EDFE34E0B7F800C0B0F800E025
:10CCD000F4450DD0C64503D114B90133DBB23C464F
:10CCE0008B429CBF0B46104619460246002338462D
:10CCF000C44513D197F802C0CC4506D106EB850593
:10CD00000523EB700220BDE8F8833CB9A9EB0C0CBD
:10CD10001CF0800F1EBF0133DBB23C4601350133EE
:10CD2000232DDBB207F10407A3D1ACE71046C3E71C
:10CD30000CD820460523A0F8008080F80290C3702C
:10CD4000082104481CF0D0F80020DCE7043C221A3B
:10CD5000011DB6E7F830002038B51C460B4B93F8A0
:10CD60003B351B070D460CD59188D27849BA89B25C
:10CD7000FFF774FF28B16B7913F0180F03D000236D
:10CD80002370002038BD0220FCE700BFB0700020F7
:10CD9000002330B4014600F18C051C46CA785AB114
:10CDA000013AD2B2CA7022B10A6840F823200124A5
:10CDB00001330431A942F1D100EB83000021222B81
:10CDC00005DD64B930BC074808211CF0A5B8C2785D
:10CDD0000430002AF5D000F8011C0133EFE730BC25
:10CDE000704700BFF830002073B5012915460E4684
:10CDF000044618BF4FF40051104808BF4FF480514B
:10CE000015F040F82B7DB3B9A368A3B18023284661
:10CE10008DF80430009517F0B8FD9DF8053000F04E
:10CE20000F0023F03F0303438DF805303146D4E96A
:10CE300002326846984702B070BD00BFD43000206F
:10CE400043680A49002203B970478B4205D01A464D
:10CE50001B69F8E70023136102E0002AFAD142605F
:10CE60000023024A194617F0A3BE00BFCCBA040043
:10CE700043680A49002203B970478B4204D01A461E
:10CE80001B69F8E7136103E0054B002AFAD1436000
:10CE9000034B024A002117F08BBE00BF9CBA04006E
:10CEA000CCBA040043680B491A461AB933B9094B86
:10CEB000436009E08A420CD01269F6E71A461B6902
:10CEC000002BFBD1034B1361024A0023012117F011
:10CED0006FBE7047CCBA040073B5937CDB0905467E
:10CEE0000C46164633D0012914BF402120211B488F
:10CEF00014F0C8FF05F114039E4203D305F1740337
:10CF00009E4222D3AB6803B3337C8DF80430B37CEC
:10CF100000965A071ED5C3F3C300B27C00F00F037E
:10CF2000C2F3000243EA0213F27CC2F3000243EAB6
:10CF300042139DF8052022F03F0213438DF805307F
:10CF40002146D5E902326846984702B070BDC1F16A
:10CF50000201CCE7304617F018FDDEE7D4300020A0
:10CF600038B5CB7CDB0705460C4603D50A4920467D
:10CF700017F0C8FC2A68134643B962612C60224648
:10CF800028460121BDE83840FFF7A6BF9C4201D0EA
:10CF90005B69F1E738BD00BFC0770020F8B50468D1
:10CFA00005462CB9184E6C6806F11807BCB9F8BDD7
:10CFB000E37CDB0711D5224600212846FFF78CFFD2
:10CFC000E37C124923F002032046E37417F09AFC35
:10CFD000224601212846FFF77FFF6469E1E7B4425A
:10CFE00001D0BC420ED1224600212846FFF7FCFEAC
:10CFF00006494022204617F0AEFC22460121284671
:10D00000FFF7F2FE2469D1E710780020C0770020F6
:10D01000F8B5064610460D46144617F030FCA8B188
:10D0200022462B4604F11007106851681C4603C4C1
:10D030000832BA422346F7D1128822802B8A1BB9C4
:10D04000304617F05EFF2882002009E02378FF2B8E
:10D05000E6D00448214617F0D5FE0028E0D107208D
:10D06000F8BD00BFE87100200A4601460148FFF7FD
:10D07000CFBF00BF4C7100200831024889B2FFF7D2
:10D08000D3B900BF1C7100200148FFF7F5BF00BFF6
:10D090004C71002037B5138C5BBAADF80030538C5F
:10D0A0005BBAADF802304B8908330C465BBA1546C3
:10D0B000ADF804300822002369462046ADF806305A
:10D0C000FDF7F0FB48B90146204614F0CBFB0448BD
:10D0D00011232A462146FFF7D7FA03B030BD00BF1F
:10D0E0001C71002013460A460146014817F02CBF68
:10D0F0004C71002008B50146024817F0EAFF0020F5
:10D1000008BD00BF4C710020F8B5D0E9097604468F
:10D110000D46382200211CF0DCFCC4E909760448E5
:10D1200084F83450214617F0EBFF0020F8BD00BF13
:10D130005471002007B50122684616F032F9034801
:10D140006946F8F779FD03B05DF804FBB0300020C4
:10D150000148F8F781BD00BFB03000200148F8F762
:10D160002BBF00BFB03000200048704700F8FF0719
:10D1700010B54B78022B88B00C4634D10B7833B9FC
:10D180004B691B78FF2B02D018481BF0A1F9102324
:10D1900020690DEB030200211CF001F818BB0823E5
:10D1A00020690DEB030203211BF0F9FFD8B9104BE6
:10D1B000D3F8384103F5E7630193A4B110220DEBD6
:10D1C000020120461CF09DFC08B16469F5E70822C5
:10D1D00001980DEB02011CF094FC0028F5D00548E5
:10D1E000214617F01DFD08B010BD00BF947200204D
:10D1F000B0700020E8710020014800F01BB800BFAB
:10D200009879002010B5034A044617F0C0FF204665
:10D2100010BD00BFF9D10200054A0160D2F87823A1
:10D220001140016009B917F0BDBF17F0C3BF00BFBF
:10D23000B070002070B50546044615F80B1F124863
:10D24000002219F073FAFF26294620461CF0E5FA61
:10D2500070B9E27A237B9A420CD0218960681BF076
:10D2600033FE014604F11000BDE8704014F02CBFFD
:10D27000E672E9E7A37A002BEFD0013BDBB2A372A1
:10D28000002BEAD170BD00BFE87500200148FFF710
:10D29000D1BF00BF087A0020002310B5C0E90033D9
:10D2A0008360FF23C3600346064A43F8102F0446F9
:10D2B0008361054A1C3004F07DFD4FF4FA7323812D
:10D2C000204610BD8DD20200CDD20200014817F0D9
:10D2D000AFBF00BF087A002013B50A4B93F8393569
:10D2E000022B04D802B0BDE8104017F097BF082306
:10D2F0000093054B00211A461C301CF071F802B057
:10D3000010BD00BFB0700020807F0A00024B93F870
:10D310007633037317F04EBFB070002013B50023AF
:10D32000044601A90C480193FEF7A8FD88B90199AC
:10D3300079B1236899420CD02046FFF76DFF01A810
:10D340001CF080FA054BB3FBF0F320466360FFF757
:10D35000DDFF02B010BD00BF28730020C13F0500F3
:10D3600043888B4209D04180044890F83935022B1C
:10D3700003D100F5A76019F062BC7047B0700020BF
:10D3800038B50446054634F8083B8BB10B4890F895
:10D3900039356BB100F2BC4000F09EFE40B92B88DD
:10D3A0004FF47A7159432046BDE8384014F08CBEE2
:10D3B0002046BDE83840FDF775BB00BFB0700020C7
:10D3C0004FF4010310B503600346054A43F8082FE4
:10D3D00004460361BE2117F047FF204610BD00BF81
:10D3E00055D4020038B500F108030446006998429C
:10D3F00013D092B1094D95F83935022B0DD105F5B1
:10D40000B260012219F053FE05F5AC65854204D1E6
:10D410002046BDE83840FFF7B3BF38BDB0700020EC
:10D4200038B50B4D95F83935022B04460BD105F272
:10D43000BC4000F051FE30B9A3880133A38005F54C
:10D44000A76019F0FCFB2046BDE83840FFF798BF05
:10D45000B07000200148FFF7E3BF00BF84790020CF
:10D460000A49002210B5C0E902120146084CC0E981
:10D47000002241F8104F0262C0E90612828490F83F
:10D48000262022F0030280F8262010BD41D502009C
:10D490007DD5020010B590F82430012B0C4606D043
:10D4A00013F0FD0F14BF0C460024204610BD90F869
:10D4B00025308B718B7690F82510024815F098F87E
:10D4C000F3E700BF1C74002010B50446194890F81B
:10D4D000393543B190F83B1511F0080103D100F242
:10D4E000BC4000F001FE94F82430012B02D0022B46
:10D4F00007D010BD04F11000FDF7D4FA0E4818F063
:10D5000067FE0E4815F034F894F826309B070AD5CC
:10D510000A484FF6FF71FDF755FC94F8263023F0CA
:10D52000020384F8263004F10800BDE81040FDF73E
:10D5300093BA00BFB07000206C7500201C740020EE
:10D54000014817F098BE00BF4078002010B590F851
:10D550002430012B04460DD100F1250120301CF0B0
:10D560005CF910B1022384F82430BDE81040024871
:10D5700018F02EBE10BD00BF6C7500200148FFF7EB
:10D58000E5BF00BF407800200022C0E90422C0E9C6
:10D59000062202620246024942F8241FC262704714
:10D5A00009D702007FB54B78022B04460D466ED199
:10D5B00028690DF1030236211BF0B8FD002866D161
:10D5C0009DF803302869012B38BF0123032B28BFA6
:10D5D000032302AA37218DF803301BF0BAFD00287F
:10D5E00055D128690DF10A0238211BF0B2FD00283F
:10D5F0004DD1286903A916F06DFC002847D1039B83
:10D60000002B44D0234813211AF0B0FA0646206AB2
:10D61000864204D008B1FDF737F92662304600286B
:10D6200035D0039916F065FC88BB3923206A8DF844
:10D630000430022201A914F074FA40BB039B607706
:10D64000C4E904339DF803302377BDF80830238301
:10D65000BDF80A3063834FF47A7104F1240014F0AA
:10D6600033FD6A6902F110032032186859682646B2
:10D6700003C6083393423446F7D12B783BB96B6924
:10D680001B78FF2B03D0034829461AF021FF04B072
:10D6900070BD00BF9472002010B50446006A637F1D
:10D6A00041890139C91A04F11D0289B2012314F01C
:10D6B0001BFA216A054822461AF0B7F900B9206220
:10D6C00004F1200017F07AFE10BD00BF9472002014
:10D6D00007B5036A024653B1037F5BB1416900920B
:10D6E00048420140064B528B064814F0D1FF03B06C
:10D6F0005DF804FB03B05DF804EBFFF7CDBF00BF9E
:10D70000315404001C7400200148FFF7E1BF00BF42
:10D71000D87900208B0513B504460FD5036A6BB189
:10D7200007480DF1060119F044FF38B104F120005B
:10D7300017F044FE04F12400FDF7B4F902B010BD67
:10D740006C78002038B5064D0024C5F87445214694
:10D7500005F26C5015F051FEC5F8704538BD00BF9C
:10D76000B070002070B50646B6B004A815460C4649
:10D770001CF03AF800233268019301A904A8ADF81F
:10D780000830039224BA1CF040F8694604A8042229
:10D7900000941CF03CF8062204A806491CF037F857
:10D7A000294604A81CF035F804A81CF028F836B067
:10D7B00070BD00BF08FD040038B528300C46154682
:10D7C00015F01BFE2A4621460248BDE83840FEF708
:10D7D00081B900BF44740020836A994207D3036B68
:10D7E00001319942816202D3014802F06BBC70475B
:10D7F000E8750020C36A426B01339342C36202D3CF
:10D80000014802F05FBC7047E875002000230387E1
:10D810000149403014F058BC80EE360030B587B076
:10D820000446104805900D46BAB1059817F005FE5C
:10D830001023CDE90153022201230093114609234D
:10D8400005A8F8F77FFC2068059B984201D017F0E7
:10D85000F4FD059B236007B030BD10F09EFF00284B
:10D86000E3D0F0E701000200F0B597B0044641684C
:10D870000EAAFFF777FF02AD0EA9002204F10800FF
:10D8800015F0E3FD284617F079FE4FF000470AAE89
:10D8900006A8029717F072FE3046069717F06EFE44
:10D8A00012A9284601220A9715F0CFFD61680EAA39
:10D8B00020460139FFF756FF12A906A8012215F0EC
:10D8C000C4FD61680EAA20460131FFF74BFF12A983
:10D8D0003046012215F0B9FD6268064802F07F0269
:10D8E000CDE9005606AB01320821FEF7C3F817B0A8
:10D8F000F0BD00BF4474002070B543688B420446FD
:10D900000E46154606D1BDE8704011484FF48071AF
:10D9100014F0C1BAEA0701D5838FC3B900221146BA
:10D920002046FFF749FF0023E36220466660FFF7C9
:10D930009BFF2046FFF76AFFAB0744BF638FA387B7
:10D94000BDE8704002484FF4807114F09BBA70BD7E
:10D95000D430002010B504460749403014F0B4FB21
:10D96000238F01332387A38F0BB1013BA38720466D
:10D97000BDE8104017F006BE80EE36000148FFF704
:10D98000E9BF00BFAC73002013B504460868B4F8C3
:10D990006420019083B2012B9CBF0223ADF80430B8
:10D9A0009A4205D05D2253436422B3FBF2F36387AE
:10D9B00004220DEB020104F164001CF0A2F848B946
:10D9C00008484FF4801114F066FA204617F0DAFD8B
:10D9D00002B010BD019860664FF48011014814F048
:10D9E00051FAF2E7D430002030B50368002B85B03F
:10D9F00004460D460FDB694617F09CFD10222946B0
:10DA000068461CF07EF830B910484FF4802114F0BD
:10DA100042FA05B030BD012229462046FFF7FEFE3E
:10DA20000A484FF4802114F02DFA4FF48071074812
:10DA300014F028FA002320466360FFF715FF204604
:10DA400005B0BDE83040FFF77DBE00BFD4300020F8
:10DA500070B5044600254FF000464560083017F0C9
:10DA60008DFD04F11800A66017F088FD4FF01C73BF
:10DA7000A3632346114AA661C4E90B556563A587D4
:10DA800043F8402F04F15000A36417F077FD04F130
:10DA900064002665256617F0DCFC94F8683065F3B1
:10DAA000000384F8683010F060FE04F1280026605E
:10DAB000E664294615F0A1FC204670BD7DD9020020
:10DAC00010B504460648FDF761FF0246204617F0F0
:10DAD0009BFDBDE810400146104617F0CEBD00BFCB
:10DAE0004474002002299FBF0A4B0B4A5B5C525CC6
:10DAF00089BF142116210A220223814206D38242C1
:10DB000006D383422CBF00200120704703207047BA
:10DB10000220704711FD04000EFD040010B51446EC
:10DB2000064803F093FAA17C11F0010105D12046CB
:10DB30001322BDE810401BF0CCBF10BD6C78002054
:10DB400070B50C4611881D4641F0080386B0164694
:10DB500013800223E05C002855D06278022A0BD1A2
:10DB60000F2B09D141F00B013180E17B284606B033
:10DB7000BDE870401BF0A5B80C2B11D941F00A018B
:10DB80003180617828461BF09CF8002839D10322A7
:10DB900004F10D01284606B0BDE870401BF07EB8C8
:10DBA0000A2B0BD941F009013180617828461BF01E
:10DBB00088F830BB052204F10B01EBE701AA1448F9
:10DBC000002103F071FAE2789DF814309A4213D1E3
:10DBD0000822211D01A81BF094FF68B9338843F087
:10DBE000040333800222611C28461BF057F840B919
:10DBF000042204F10C0101E01022214628461BF00A
:10DC00004DF806B070BD0133102BA3D1F9E700BF6A
:10DC10006C7800202DE9F0478CB08046149D0C46AE
:10DC200028460DF1060191461F461BF0EEF8064608
:10DC300020B1062630460CB0BDE8F087BDF80630AE
:10DC400003F46042B2F5C04FF3D1190640F197805A
:10DC500001A928461BF0D6F80028EAD19DF804A0B7
:10DC60004FEA1A110AF00F0AB74802AA03F01CFA89
:10DC7000B54807AA514603F017FA2822002120468A
:10DC80001BF027FF60222270BDF80620002363707E
:10DC9000A370E37002F4C053B3F5C05F35D0AB8816
:10DCA000002BC6D02B681B789B0803F030031205AD
:10DCB00063700ED401A928461BF0A4F89DF8042037
:10DCC0002178C2F383030B432370637843EA821302
:10DCD0006370BDF80630DB0417D4AB88022BA8D9DB
:10DCE0002B6862781B7803F00F03134363702B6873
:10DCF000A2785B781343A3702B68E2789B78134378
:10DD0000E370032128461BF064F8BDF8063058057F
:10DD100038D401A928461BF075F80146002888D19F
:10DD20009DF80430A371BDF8063089F8001003F4A3
:10DD30004073B3F5007F27D0B3F5407F26D0B3F50D
:10DD4000807F25D001A928461BF05CF800287FF4CD
:10DD500070AF9DF80430BDF80620E37102F0300387
:10DD6000202B51D016D8002B4AD1510614D41022A2
:10DD700004F1080128461BF033F868B159E78246E0
:10DD8000014671E70121CEE74023E4E7FF23E2E704
:10DD90000123E0E7302B3FD0BDF8063013F0300F01
:10DDA00007D05A063FD46FF0010323726FF07F0350
:10DDB0006372BDF80630180703F0030272D4022A1A
:10DDC00040D0032A47D0012A38D059073FF531AF58
:10DDD000102204F1180128461BF002F800287FF4F5
:10DDE00028AFBDF806305A073DD59DF82E3098076C
:10DDF0007FF51FAF07A904F1180016F0A9FD3AE05E
:10DE0000082204F11001B5E7FF23E374FE23237514
:10DE1000022204F11601ADE704F1100202A938460E
:10DE200017F076FCB8E79DF81A309B077FF501AF35
:10DE300002A904F1080016F08BFDBAE7082204F1EC
:10DE40002001C8E7FF2384F82330FE2384F8243020
:10DE500004F12601BFE704F1200207A907F10A0037
:10DE600017F056FCBAE79F0705D06FF00103237641
:10DE70006FF07F036376BDF806305B057FF5DAAEA1
:10DE8000AB88002B3FF4D5AE2B680DF10502197855
:10DE9000404617F07DFF00287FF4CBAE9DF805309B
:10DEA000A371C7E6FF21217659072ED4022A16D086
:10DEB000032A20D0012A06D0102204F11801284696
:10DEC0001AF08EFF1EE004F1190128461AF09AFF9D
:10DED00000287FF4AEAE052204F12301EFE704F140
:10DEE000190128461AF08EFF00287FF4A2AE032203
:10DEF00004F12501E3E70223637604F127012846B4
:10DF00001AF080FF0028B6D093E6002A7FF491AE85
:10DF10009DF82E309A077FF58CAE022204F119018C
:10DF200028461AF05DFF00287FF483AE9DF82C3060
:10DF3000E376082207A904F11C001BF0A3FD0422CC
:10DF400004F12401BBE700BF6C78002038B514222F
:10DF500004460D46043000211BF0BBFD08220021C1
:10DF600004F118001BF0B5FD94F8403023F00F03C6
:10DF700084F840300B4B0021C4E9113121846162E7
:10DF800084F8301084F83A10E163102204F14C0058
:10DF90001BF09FFD294604F15C00FCF7D7FD2046ED
:10DFA00038BD00BF61E2020010B590F840309B0719
:10DFB000044609D40548012114F0E5FA94F84030EC
:10DFC00043F0020384F8403010BD00BF1C740020F1
:10DFD00010B590F840309B0704461DD55C3014F016
:10DFE000A7F900210D481AF097FF0D48FFF76CFACA
:10DFF000201D13F01EFF04F1180013F0ACFE94F87E
:10E000004030084823F00203002184F84030616268
:10E01000BDE8104014F0B7BA10BD00BFF8300020C2
:10E02000407800201C74002070B590F840308AB011
:10E030000D4623F0010380F84030044628236A4649
:10E040000021284613F004FD9DF80830FF2B02D173
:10E0500002200AB070BD1E4E1E4804F1280202A91B
:10E0600000F0F8FA96F83935012B0FD806A816F00B
:10E07000A4FCA8B906A816F023FC0028E8D008A93B
:10E0800004F1320015F0A2F90020E2E79DF8182013
:10E09000FF2A0CD006A816F013FC0028EFD110E0E0
:10E0A0004FF6FF736386012384F83A30ECE7022BC6
:10E0B000F6D12B799B07F3D5AB7903F00F03012B36
:10E0C000EED006F5A76018F02EFA6086EBE700BFE9
:10E0D000B070002068750020024B93F86C03C0F309
:10E0E00080007047B070002038B504460D460A48DD
:10E0F00014F049FA04F15C0035B114F019F9BDE8E7
:10E100003840064817F0ABB814F065F9BDE8384060
:10E11000024817F0A7B800BF1C74002084790020C3
:10E1200030B590F840300446980785B032D5606A23
:10E1300000282FD043F008030D6884F8403043795D
:10E140005B0930D1102113F09BFB28B129461748F9
:10E15000FFF7A0F90546E8B100230393E38F02938C
:10E16000A38F019394F84030114803F0010300930A
:10E170002946626A04F1280300F084FA0B21208406
:10E18000606A13F07DFB38B1636A1A79920703D590
:10E190005B892384002503E02B7F23F002032B7788
:10E1A000284605B030BD4389F3E700BF4078002022
:10E1B000687500209DF800000AB9CA7670470E2ADB
:10E1C0000DD1CA7E0132D2B2CA7643B10B8BC3F3F2
:10E1D000080323B9904202D8014801F005BB7047FB
:10E1E000E8750020F7B50F46194690F840301646FE
:10E1F0009A07054603D40024204603B0F0BD0A4820
:10E20000012218F054FF04460028F4D03B681B8814
:10E210009B06F1D50423009301460123324628468C
:10E22000FFF7C8FFE8E700BF4076002010B590F880
:10E2300040301A07044610D45B070ED418F063F878
:10E24000606250B183891BB9037943F008030371FD
:10E25000BDE81040014814F03ABA10BD1C7400200B
:10E260000148FFF7E3BF00BF6C75002010B590F8C0
:10E27000703004465BB900F120020146054B343092
:10E2800016F059FA10B9012384F8703010BD00203F
:10E29000FCE700BFB030002008B518F078F8014660
:10E2A00020B9BDE8084002481AF036BE08BD00BFDC
:10E2B000F830002013B54C3017F07CFF8B880191AB
:10E2C00023F4C45343F080038B800648002201A945
:10E2D000FEF716FB0446019808B1FCF7D5FA204674
:10E2E00002B010BD1C71002070B508460C461546E2
:10E2F000FFF7BCFF0646E8B9A08E40BAC0F3851010
:10E3000015F026FF287094F83A303A2B05D194F98D
:10E310005C30002B0EDB03232B7094F83A30112B6A
:10E3200008D1B4F85E3044F64D4299B2914203D11F
:10E3300003232B70304670BD5BBA09489BB204F1D1
:10E340004C0204F13C0103F09DFA0028F2D0A08EAB
:10E3500040BAC0F3851019F089FB2870EAE700BFC6
:10E36000947200202DE9F04104460D46D1E90001E8
:10E3700086B004AF87E80300904620460DF10B02FB
:10E3800029461E46FFF7B0FF044628BB9DF80B2028
:10E39000012103A813F034FA2146124803AB2246A8
:10E3A00013F08BFA01463060D0B10F48CDF80080F1
:10E3B0003B4605F1200217F029FE044660B9BDF87E
:10E3C00014200499306813F0ACFB044620B9BDF961
:10E3D0001410306813F03BFA204606B0BDE8F08117
:10E3E0000324F9E70C31002018740020F0B587B041
:10E3F0000646002302A80D46019317F0BDFE002833
:10E4000040F08280BDF80C30002B4AD1BDF8087076
:10E4100001AB3A4629463046FFF7A4FF002873D1E6
:10E42000019C6389BB426FD83946204613F0F1F94D
:10E43000002869D1BDF80A306361F7F7CFF905F11B
:10E440000801A061204613F02BFC40482146FEF74E
:10E45000A7FB002858D13E4B93F86C33580705D4DE
:10E460002379990702D5304617F07AFF214606F145
:10E470001800012213F032FC364800211AF034FD56
:10E48000204613F0F5F950B9214606F1180013F0B3
:10E4900040FC05F1200221463046FFF70BFF07B094
:10E4A000F0BD06F1180104A813F05EFC049CFCB159
:10E4B000BDF8083062899A4215D1BDF80A10636927
:10E4C000994210D1A389BDF80C1099420BD1AB88A9
:10E4D0000B44934207DC22796B7BC2F3400203F0CA
:10E4E00001039A4203D004A813F08DF9DEE70194EA
:10E4F000174B93F86C335A070CD46CB96B7BDB0762
:10E5000002D5304617F02CFF01980028C7D0FCF741
:10E51000BBF9C4E7002CF7D0AB882A68A189204654
:10E5200013F0E2FAB5F90410204613F090F995F9CA
:10E530000B1004F12C0017F042F8297B04F12E0097
:10E5400017F070F8F7F74AF9A06199E7A673002071
:10E55000B0700020F830002073B5002201AB0646F1
:10E560000D460192FFF7FEFE019C90B905F10801EE
:10E57000204613F095FB0B482146FEF711FB48B9E6
:10E5800005F120022146304602B0BDE87040FFF799
:10E5900091BE2CB1204602B0BDE87040FCF774B9C2
:10E5A00002B070BDA673002070B59EB000238DF838
:10E5B00028308DF832308DF8703090F840309B075D
:10E5C00005460C4632D5084614F0A7FD06462046FF
:10E5D00014F0C2FD08A9ADF804002046009614F01E
:10E5E0002BFB18BB0DF12A01204614F0A0FAE8B964
:10E5F000214602A819F085F99DF80D20144802F073
:10E60000010208A9FEF7EEFE23681B7803F007035A
:10E61000012B0BD1684617F06EFD38B9684617F02C
:10E6200084FD28B169462846FFF7E0FE1EB070BDA4
:10E63000BDF80430002BF9D0009B1B7803F0E003F9
:10E64000602BF3D169462846FFF786FFEEE700BF4F
:10E650008479002010B510461446083114F0B6FE37
:10E660000649082220461BF04CFA28B1044BB3F8A7
:10E670009A3323800123237210BD00BF4E74002003
:10E68000B07000202DE9F04F97B01F469DF8803004
:10E6900001930025BDF88830029380469DF88C30A8
:10E6A00003930E4614462946062213A8BDF884B0EB
:10E6B0008DF840508DF84A501BF00BFA2222294663
:10E6C0000DA81BF006FADFF828A2222200210DA8CF
:10E6D0001BF0FFF923799A070BD505238DF85230EB
:10E6E000A37903F00F03032B40F0B18000238DF8D2
:10E6F0005330BAF8741313A814F077FEA37903F01B
:10E700000F03012B0AD1E3790F2B00F0A980103BF6
:10E71000012B03D8618A13A814F063FE3B460EAAAE
:10E7200007F1100C18685968154603C5083363458E
:10E730002A46F7D1186828606E4B0D9331460DA814
:10E7400014F0D8FA304614F0E8FC0546304614F0D0
:10E75000F6FC2946024606A81AF09BFAB4F80C907B
:10E76000B9F1000F40F0A880BDF81E50BDF81C3074
:10E7700000932B1FADF81E30019B002B79D0012395
:10E78000029AADF820B08DF82830ADF82A208DF827
:10E79000323006AB08AA2146574817F0D9FA20466E
:10E7A000ADF81E5013F064F8039B05463BB9BDF865
:10E7B0001E30BDF81C209B1A9BB283421FD22379C6
:10E7C000C3F340019B0704D4A37903F00F03012B8B
:10E7D00060D06369002B65D062890099C2F30A0298
:10E7E0006FEA82426FEA924252BA5BBAADF81420E5
:10E7F000ADF8163005AA042306A81AF0CCFABDF825
:10E800001C20BDF81E309B1A9BB29D4284BF23F092
:10E8100007039DB22B46A289214606A81AF092FA58
:10E82000BDF81C10304614F0A4FCA3891D44638974
:10E83000ADB2AB4203D90121304614F000F92046B5
:10E84000494613F00FF8284617B0BDE8F08F0F21A6
:10E85000204613F015F808B1102348E7082346E7CF
:10E86000237AB376B3719AF87633B3764FF6FF71A5
:10E8700051E73B4608AA07F1100E186859689446FC
:10E88000ACE80300083373456246F6D11868CCF84B
:10E8900000007EE7204612F0E5FF237943F00203F3
:10E8A000237112E7B8F80030012B38BF01235A1C3E
:10E8B000A8F8002063618FE76389A28AC3F30A0383
:10E8C0006FEAC3436FEAD3435BBAADF8203053BA63
:10E8D000ADF8223005224FEAD90308A906A88DF821
:10E8E00024301AF0DBF9204612F0C2FF054686E715
:10E8F000B0700020010000101874002010B55022E4
:10E9000004460021A8301BF0E4F8034813F018FC7B
:10E91000C4E9060110BD00BFC030002038B5044670
:10E9200020480D4613F00CFCD4E90632C31A61EB03
:10E930000202C4E90601D4E93A01C01842EB010120
:10E94000C4E93A01042D0BD8DFE805F0030B131BD3
:10E950002300D4E93010C91842EB0000C4E930109C
:10E9600038BDD4E93210C91842EB0000C4E93210B6
:10E97000F6E7D4E93410C91842EB0000C4E93410BA
:10E98000EEE7D4E93610C91842EB0000C4E93610AE
:10E99000E6E7D4E93810C91842EB0002C4E938129E
:10E9A000DEE700BFC030002038B545788D42044610
:10E9B00005D1BDE838402948042113F06CBA4170F4
:10E9C0002648042113F05EFA012D07D1204617F0E6
:10E9D0005CFD18B1224813F0C2FB20612946204695
:10E9E000FFF79CFF6378042B09D8DFE803F00313DB
:10E9F000192A3000B4F8A8300133A4F8A830FDB1CA
:10EA0000002104F1280002F0A3FA012D18D1637847
:10EA1000022B0BE0B4F8AA300133A4F8AA30EEE7D9
:10EA2000B4F8AC300133A4F8AC30012D08D1E37850
:10EA30002278C3F3C00383F0010363F3C30222709F
:10EA400038BDB4F8AE300133A4F8AE30D7E7B4F82F
:10EA5000B0300133A4F8B030D1E700BFD43000208B
:10EA6000C030002038B500F5F075044629460A4844
:10EA700016F0D6F8084B04F5F47003F2662115F091
:10EA8000B7FE29460448FEF76BFABDE83840034854
:10EA9000082113F0F7B900BFE8710020D43000203E
:10EAA00070B5174BD3F8383105460C4600F504769F
:10EAB0008BB914482146FCF7DFFE4FF6FE739C42EB
:10EAC000AC801BD064BAA5F81E4231460E48BDE8A2
:10EAD0007040FEF745BA9E4201D05B69E8E7B5F8A1
:10EAE0001E325BBA9BB2A342E3D03146064816F011
:10EAF00097F80648314619F039FBDAE770BD00BFD8
:10EB0000B070002044740020E8710020947200204E
:10EB1000F8B51E46036A0D469D42044617460A484C
:10EB20004FF080010CD013F0ADF9B4F8B4300133DC
:10EB3000A4F8B430256284F8247084F82760F8BD06
:10EB400013F0A9F9F6E700BFD4300020054B93F885
:10EB5000C32780F8252093F8C23780F8263020306C
:10EB6000704700BFB07000202DE9F04F1546A1B0EE
:10EB70000AA89B46BDF8A880DDF8AC900E461AF0B6
:10EB80001EFE6B89012EA3EB0804A4B25F460BF1B5
:10EB9000100A07D108F105029A4267D8043C57468B
:10EBA000A4B2DA4607F1080104A80DF1180B14F01D
:10EBB000EEFBD9F8011005225B4604A81AF0EDFD22
:10EBC000D9F8050015F009F901462A48D0F80023C4
:10EBD0008A4238D000F53F7016F099FC01460AA829
:10EBE0001AF047FC0D23CDE900B3224604232A2165
:10EBF0000AA81AF04AFC102239460AA81AF0D8FCD2
:10EC0000102251460AA81AF0D3FC0A2249460AA843
:10EC10001AF0CEFC29460AA80096234642461AF06E
:10EC200082FD03A90AA81AF09FFD7EB9042203A958
:10EC3000284612F076FF04460AA81AF0CFFD2046B7
:10EC400021B0BDE8F08F00F54171C8E76989002463
:10EC500004390094042303AA89B2284612F01EFF47
:10EC600030B10421284612F07DFEE5E70624E3E7F3
:10EC70000824E1E7B0700020C378074A13F0010FC1
:10EC800019BF4B7992F8C3078B7992F8C207C01A63
:10EC9000C0F3C010704700BFB0700020F0B58BB05B
:10ECA00026220021044668461AF013FF1548002169
:10ECB000FDF7C4FB054630B1002112F0AAFD20B1DA
:10ECC0002846FBF7E1FD0BB0F0BD04F5FC736E4682
:10ECD00004F5027718685968324603C20833BB420C
:10ECE0001646F7D1E28804F5EC7104A815F03BFE56
:10ECF00004483B236A462946FDF7C6FC0028E2D0BB
:10ED0000DEE700BF1C7100202DE9F04387B0074605
:10ED100088461F48DDF83890062114461E46FBF74A
:10ED2000ADFD054620B3F6F759FD22460644009690
:10ED300001AC02F1100610685168234603C3083283
:10ED4000B2421C46F7D11822694628468DF8148035
:10ED500012F0E7FEB8B9B9F1000F0CD1009907F134
:10ED6000080013F0C8F901222946384612F0B6FF10
:10ED700007B0BDE8F083BDF83C204946284612F0B4
:10ED8000D0FE0028EAD02846FBF77EFDF0E700BF62
:10ED90000C31002030B587B004460D4602A8094961
:10EDA00015F097FD02AA0521204617F00FFC38B98F
:10EDB000CDE900002B4602AA05212046FFF7A4FF5B
:10EDC00007B030BD107600201FB5044605496846DF
:10EDD00015F07FFD6A460521204617F029FC04B096
:10EDE00010BD00BF10760020024B0021B3F83C2577
:10EDF0001AF02BBAB070002010B50446044814F085
:10EE0000FAFA052102462046BDE810401AF029BA58
:10EE1000D4730020024B0821D3F828231AF021BA1A
:10EE2000B070002013B50B4B93F8C32783F85D2512
:10EE300093F8C22783F85E25044603F5AB61684664
:10EE400018F059F808236A460B2120461AF0B9F940
:10EE500002B010BDB070002030B587B000238DF82F
:10EE600003300B78FF2B04460D4611D001AA12483F
:10EE700002F0ECF89DF816309A0709D5DB0741BF80
:10EE80009DF8153003F00F0363F07F038DF8033016
:10EE900001220DF10301204612F043FE38B99DF81E
:10EEA000033033B910222946204612F03AFE07B04B
:10EEB00030BD0822A918F7E76C780020054B93F8BD
:10EEC0003B25120704D4B3F8D6281B211AF0BDB98C
:10EED00000207047B070002010B50446064815F0B9
:10EEE000BCF838B12046044ABDE81040082316217A
:10EEF0001AF067B910BD00BF3873002010B5044682
:10EF0000064815F0AAF838B12046044ABDE810407A
:10EF1000082317211AF055B910BD00BF64730020F3
:10EF20002DE9F04391B006AE0C460546262200219D
:10EF300030461AF0CEFD234603F110070AAC1868DC
:10EF40005968224603C20833BB421446F7D1274F03
:10EF500007F5E3630FCB86E80F0044F64C53ADF89A
:10EF60003A30FF238DF83C300DF10B0201230021D4
:10EF7000284612F06DFD9DF80B90B9F1000F2DD1D0
:10EF80000DF10C08424601210A23284612F060FDCB
:10EF9000D7F82833CDF80D30D7F80043204614F0C9
:10EFA0001CFF04F07F04CDF811000A234246012122
:10EFB000284601348DF8154012F096FD0B2300937E
:10EFC000CDF8048033462A46494607F5A760FFF787
:10EFD000CBFD40B907F53F70FEF70CFC0448324604
:10EFE0002946FEF77FF811B0BDE8F083B07000202D
:10EFF000587600202DE9F0410F46072106461446B9
:10F00000984617F02FFB0546F8B1224643460D21DE
:10F010001AF0D7F80446A0B9284617F07CFB04463E
:10F0200078B939462846FFF77BFF044648B9F3789C
:10F030001B0703D40648082113F025FA2046BDE833
:10F04000F0812846FBF720FCF8E70324F6E700BF31
:10F05000C87500201F292DE9F3410D4617461E46AD
:10F0600021D8DFF88C80D8F87833CB40DB071AD56D
:10F070000F2117F0F7FA0446A8B10379057243F09F
:10F080000203037198F8763300225BBA8DF80020F2
:10F09000ADF801306A46032314211AF092F828B122
:10F0A0002046FBF7F1FB02B0BDE8F081DEB1012E96
:10F0B0000AD1684614F0E1FF08236A46162120466B
:10F0C0001AF07FF80028EBD1B8F8742315212046F8
:10F0D0001AF0BBF80028E3D139462046FFF720FF9D
:10F0E0000028E0D0DCE72046FFF7F6FEEAE700BFA5
:10F0F000B07000207FB503AE0C4632460C210546A9
:10F1000019F0BEFF68B9084890F83B35CDE90056C4
:10F11000DB43A279617903F0010300F2BC7018F0BF
:10F120006AFA04B070BD00BFB0700020F0B50C1ECC
:10F13000C3B014BF19271827054601A8164614F0B6
:10F14000A7FB6A463946284619F09AFF90B96A46E5
:10F15000294601A814F030FC60B901A814F0DAFBCC
:10F1600040B93246214601A814F0A3FC10B91CB1E5
:10F17000012C07D043B0F0BD0246044801A914F0A9
:10F18000C2FDF7E7024601A90148F8E7287300200D
:10F190005473002010B50021044650221AF099FC47
:10F1A00020460249BDE8104017F0F1BEB030002003
:10F1B000F8B5174E0027078096F83955012D0446FB
:10F1C00024D1B6F83C354FF6FE7293421CD0C3F3FF
:10F1D0000803CBB196F83A35022B15D106F5AC6091
:10F1E00013F09EF880B1204600F8105B17F0A4FEE3
:10F1F00004236370192106F5A76017F054F901463E
:10F20000201D12F061FF3D462846F8BD0125FBE7B1
:10F21000B070002038B50023C0E9003383644FF09C
:10F22000AF6203468260074A43F8642F00F1140579
:10F23000C3660446284617F0AAFE2846FFF7AAFF31
:10F24000204638BDE10E030070B5437804460BB18B
:10F2500000234370114D04F164063046FBF722FC95
:10F2600095F83935022B10D144F62061304612F062
:10F270002BFF22790023012AE3700DD1237105F5BC
:10F28000A760BDE8704017F0CAB905F5A76017F090
:10F2900003F908B10023238170BD00BFB0700020C6
:10F2A00010B5164C94F83925012A24D103893BB9AD
:10F2B00004F5A76040F2EE21BDE8104017F0F3B866
:10F2C000013B9BB21F2B0FD89A4041F2AC218A42DE
:10F2D0000AD8FB249C403221002019F0E9FD20448B
:10F2E000A04238BF204610BD05484FF4FA6119F01E
:10F2F000EBFD0446EFE70120F5E700BFB07000200A
:10F30000804F120070B5214D95F8392504460E4600
:10F31000002A39D04378002B36D1012A18BF038147
:10F320001430FFF737FF6378A670012B1CBF012351
:10F330006370022E02BFB5F8EE350133A5F8EE3545
:10F340002046FFF7ADFF014604F1640012F0BCFE59
:10F3500095F83935012B17D1238901339BB24FF62C
:10F36000FF72002B08BF13462381B5F8EA3595F8E4
:10F370003B15013311F00801A5F8EA3504D1BDE8C9
:10F380007040034813F0FFB870BD00BFB07000209C
:10F390001C740020002310B50446038129B12046C7
:10F3A0000021BDE81040FFF7ADBF064814F062FC35
:10F3B000B0FA80F04009E0700348FFF7F9FE00283A
:10F3C000EDD110BD28730020E076002037B5002372
:10F3D000154D019395F83935022B044602D10020D2
:10F3E00003B030BDC378002BF9D105F51E7014F0C1
:10F3F00064FC18B995F83B359B07F0D40B4801A97C
:10F40000FCF73CFD10B1D5F87833019301A81AF050
:10F4100019FA4FF4AF630130B3FBF0F3502B38BF50
:10F42000502363810120DBE7B070002028730020A7
:10F430007FB500F10C0630460C4617F07DFD012C1F
:10F440001EBF04F0FD02B2FA82F252091F484FF0CB
:10F45000090114BFD401C02417F004F9054690B384
:10F460001B4B012193F83B2519F0E4FE28B12846F7
:10F4700004B0BDE87040FBF707BA3146284617F0E4
:10F4800031F90028F3D122460E21284619F0D2FE88
:10F490000028ECD1284617F03AF90028E7D1FDF70B
:10F4A00077FB6A46034600F110061868596814464F
:10F4B00003C40833B3422246F7D169462846FFF712
:10F4C0002FFD0028D3D104B070BD00BFE875002027
:10F4D000B070002013B500230C460848019301A921
:10F4E000FCF7CCFC18B1064BD3F8783301932146D6
:10F4F00001A81AF092F902B010BD00BF28730020D5
:10F50000B070002013B590F82E3003F00F03032BDA
:10F51000044604D14378022B0FD0032B02D00020E5
:10F5200002B010BD17F0EFF90028F8D10F4B93F897
:10F530003935022B10D00120F2E70DF1070117F049
:10F54000C2F99DF80730002BF0D104F1140018F037
:10F55000CEF90328EAD0E2E7A378012B02D9033BD6
:10F56000022BE8D8207800F00100D9E7B070002025
:10F570002DE9F043044608688FB02C300D4616F094
:10F5800043F80DF1120206460021286819F0E1FD4A
:10F59000002840F0B8806378042B00F0B48028681D
:10F5A00004A917F0EAF8002840F0AD80286804F1BB
:10F5B0000C0117F004F9002840F0A580696809A83B
:10F5C000183113F0E4FE514890F83935022B0AD176
:10F5D000082209A900F5AC601AF093FA18B923784B
:10F5E00043F0010323700DF11C082868414617F011
:10F5F00010F9002840F0878028680DF10B021021D7
:10F6000019F094FD00287ED13146414813F006FAE6
:10F610000BAF0646394628689DF80B9017F009F99C
:10F62000002870D14FF6FF73ADF80C3001232B7515
:10F6300094F82E304E4503F00F0328BF4E46032B9F
:10F64000F6B24AD0286806AA05A917F0CBF8002818
:10F6500059D1286804F1430117F0A9F8002852D1C4
:10F6600004F114092A462B48494616F041FFBDF81B
:10F6700012300599A38504F1200013F0BEFE069B0D
:10F680006362BDF81030238694F82E309DF80B008D
:10F6900043F0F00384F82E3015F0F9FF94F834307D
:10F6A00060F3830384F834300321484601F050FCB2
:10F6B00097E80700EB68A3629DF8303084F8423089
:10F6C00004F14C0383E8070098E8030004F15C03AD
:10F6D00083E8030084F8586015E0082209A904F1C2
:10F6E00014001AF00EFA0028ACD003AB0193BDF859
:10F6F00010300093BDF812103B463246204617F0FA
:10F7000010F900289ED10FB0BDE8F083B070002042
:10F710001C740020E875002010B501210446FFF795
:10F7200043F904F58870FFF78FFD04F15C00FFF7E3
:10F730004BFB04F5CC7017F088F92378074823F0C9
:10F74000080323700121FEF7CFFC054A92F86C33C1
:10F7500023F0100382F86C3310BD00BF6C750020DD
:10F76000B070002070B504461B480D46F6F7B6FC95
:10F7700080BB1A4E96F8E03163B3B6F874234FF6A7
:10F78000FF739A4206D113F0EDFD014606F55B705A
:10F79000FBF718FB2046FFF7BFFF114804F5FC718B
:10F7A000FDF7DEFB0E4804F50A7115F010FA0C485F
:10F7B00004F5107115F00BFAA1882046FFF770F9D7
:10F7C000084815F0B3FE04F588702946FFF7E2FDFE
:10F7D000002070BD0D20FCE7B0300020B07000208C
:10F7E000E8710020AC73002010B543780446FBB1EB
:10F7F000012B03D190F81131012B17D094F813315C
:10F8000013B90C4814F036FA2046FFF785FF0021A3
:10F8100004F1280001F09CFB4FF6FE712046FFF733
:10F820003FF9002104F58870FFF76CFD002010BD42
:10F830000D20FCE75473002010B40B4A92F83945B0
:10F84000022C0FD192F83B1509070BD5D2F84415BD
:10F8500004704FF47A72514310BC0522A1F6B471C2
:10F8600017F0D0B810BC7047B070002038B500F168
:10F87000100504462846FBF715F9094B93F839356E
:10F880006BB12946204617F0D6F82378012B06D015
:10F89000294604F10800BDE8384017F0CCB838BD5F
:10F8A000B07000202DE9F0430D4687B0044669464C
:10F8B000286816F0AEFF064698B9236A009A9A4265
:10F8C0000BD19DF8042094F824309A4205D19DF87C
:10F8D000072094F827309A4207D06378022B11D082
:10F8E0000226304607B0BDE8F0832378DB0711D449
:10F8F00069462046FFF7C0F960B904F5CC7017F0EF
:10F9000041F9EEE76946204616F0E5FD237843F01D
:10F9100001032370082328680DEB0302162119F058
:10F920003EFC18B1172806D00626DAE72B4902A8B4
:10F9300014F0C6FBA8B94FF000082868082304AAF1
:10F94000172119F02CFC38B31728EDD100272868AF
:10F950006946FFF7CFFB814660B317280AD00646F9
:10F96000BFE72868182116F0EFFE80460028E4D192
:10F970004FF000096B681B78FF2B2CD14FF47A7184
:10F98000204616F090FD0246696804F15C001031D3
:10F9900016F02EFE4E46A4E7114904A814F090FB81
:10F9A0000028D3D02868192116F0CEFE074600287B
:10F9B000CDD1DDE7B8F1000F03D0286802A916F019
:10F9C0004FFF1FB1286804A916F04EFF237823F0DB
:10F9D0000103237091E70A22D6E700BF38730020A5
:10F9E0006473002070B5044608690D4616F037FDB3
:10F9F00080B12046FFF756FF94F8A031012B064650
:10FA000005D0E3781B0702D4034812F028FD0EB995
:10FA100002232B7570BD00BFC875002010B50E4BBA
:10FA200093F83925022A044612D193F83B351B0777
:10FA30000ED4083016F0E0FF0123237205224FF4A4
:10FA40007A7116F0DFFF2046BDE81040FFF70EBFC9
:10FA500000232381F7E700BFB070002038B50546CA
:10FA600016F013FD044668B12B78074AC3F3400330
:10FA70000133DBB22846FFF7BDFA044605F5CC702A
:10FA8000FFF7CCFF204638BD17FD0400012910B553
:10FA9000044605D11B4814F0EDF81B4814F0EAF8B1
:10FAA00063784BB304F15C0016F06AFD04F1F800D2
:10FAB00016F004FF04F5DC7017F075F8134815F024
:10FAC00023FD2046FFF728FE114804F5107115F0BC
:10FAD0008CF80F4804F50A7115F087F80C4804F506
:10FAE000047115F09DF80A4804F5FC7115F098F8BA
:10FAF00000212046FEF758FF04F5C070BDE8104015
:10FB000016F06EBF2873002054730020AC730020E1
:10FB1000E871002038B500210546FFF7B7FF05F171
:10FB20007000FDF7E7FA044620B9034805F5F071C7
:10FB300015F076F8204638BDE871002008B50B4670
:10FB40000178012905D123B90348FFF79FFF102051
:10FB500008BD0020FCE700BFE875002001780129FE
:10FB600002D10248FFF792BF704700BFE87500203E
:10FB70000148FFF7F3BF00BF68770020F0B50F46DC
:10FB800089B004460323386802AA142119F007FB40
:10FB900098BB3868BDF80950082304AA162119F04B
:10FBA000FEFA50BB38680DF10602152119F0D1FAA2
:10FBB00018BB02233B7504A814F06AFA34490646C0
:10FBC00004A814F07DFA334B6DBA93F87623EDB2A6
:10FBD000AA425AD1B3F87423BDF806107EB19142FF
:10FBE0000BD02D480022294616F0A0FD7A682A483D
:10FBF000002310322946FFF72DFA09B0F0BD8A1A0A
:10FC000056425641002832DA93F83925012AF4D1B8
:10FC100093F83935012B01D1002EEED11F4806A9EA
:10FC200014F0C5F878B904A906A814F049FA002818
:10FC300009DB1A4803A914F050F820B9039A4EF6CC
:10FC40005F239A42D9D92378012B15D004A814F048
:10FC50002DFABDF806306380C4E902012046012375
:10FC60006570FA2100F8103B12F02EFAC5E7CFD1EB
:10FC70000B4815F0D0FAC0E704A8D4E9027614F0D6
:10FC800015FA87428E41E1D3B7E7002EBAD0A8E734
:10FC900038730020B0700020E875002054730020F5
:10FCA000087A00202DE9F0410678012E044624D17F
:10FCB000134D90F80180478812480021FFF7E6FEB7
:10FCC00095F876336370B5F87433638000220023AF
:10FCD000C4E90223414605F55B70FBF7FDF83946A0
:10FCE00005F55B70FBF76EF802232370314605F5CE
:10FCF000A760BDE8F041FFF735BDBDE8F08100BF6A
:10FD0000B0700020E87500200148FFF7CBBF00BFAE
:10FD1000A07700200378022B0BD1417800230370D9
:10FD2000012000FA01F14FF47A730248032215F022
:10FD30001FBA70479879002010B50446FEF7B0FE50
:10FD400002212046FEF730FE04F58870FFF77CFAAA
:10FD5000154A92F86C3323F0100382F86C3304F5E3
:10FD6000CC7016F0DEFE04F1F80016F0A7FD94F852
:10FD7000B831022B03D104F5DC70FFF7CBFFE38829
:10FD80004FF6FE7293420BD0B4F840209A4207D04F
:10FD9000B4F8F0300133A4F8F0302046FEF77EFFCF
:10FDA000B4F84030E38010BDB070002070B50C4650
:10FDB00086B0054601AA2068002119F0CAF940BBA7
:10FDC000206916F04CFB20B36B78042B21D12068FE
:10FDD0000DF106020A2119F0BCF9D0B9BDF80430C2
:10FDE000BDF806209B0AB3EB922F12D1206802A91E
:10FDF00016F00FFD68B920680C2116F0A5FC40B183
:10FE00002068082304AA162119F0C9F918B1172887
:10FE100009D006B070BD206804A916F021FD17288E
:10FE200001D00028F5D1EB78022B02D12248FBF754
:10FE300071FF2068082304AA172119F0B0F928B12E
:10FE40001728E6D11C48FBF765FF03E0206804A9EA
:10FE500016F00AFD1948FFF75FFC1435174802A990
:10FE600016F039FB1649284616F01BFD2846154D9D
:10FE7000FFF790F9BDF80430A5F8783502A920689D
:10FE8000FFF738F9BDF8061005F5A760FFF754FF36
:10FE900095F83B6516F008060CD1314605F5A360D0
:10FEA00012F0CCFA314605F2BC40FEF71DF90223F0
:10FEB0002375AEE70121F6E754730020E8750020B2
:10FEC00010760020B070002010B50378022B044695
:10FED0000BD10023417803700448FAF7FDFF6188D5
:10FEE0000248BDE81040FAF76DBF10BD1C74002039
:10FEF00038B5C578012D044609D0022D1AD0A37853
:10FF0000052B31D8DFE803F01C3F303F1C1C204894
:10FF100013F0B0FE88B91E4813F0BEFE0223E37052
:10FF200063781C48012B18BF6570BDE8384032214A
:10FF300016F0B9BA184813F09DFE0023E370DEE70F
:10FF4000164C94F83935022B10D194F83B5515F026
:10FF5000080509D1294604F5A36012F06FFA294675
:10FF600004F2BC40FEF7C0F8002038BD94F8F0362B
:10FF7000022B03D104F5DE60FFF7A6FF04F5A760AE
:10FF8000FFF732FCF0E700212046FFF7BBF9EBE773
:10FF900054730020E875002028730020B070002002
:10FFA00070B504468EB0414813F064FE404813F02B
:10FFB00061FE404804A916F0FEFD0646002872D1F5
:10FFC000024605993C483D4DFDF796FC069BC5F859
:10FFD00028330799324605F53F70FDF7EDFB9DF894
:10FFE000113023F0020343F00403E370BDF8343012
:10FFF000022B58D19DF81030A370023B022B52D82F
:020000023000CC
:10000000BDF81210C1F3080333B105F56570FBF7B5
:1000100033FCBDF81230A380294809A9FBF732FC54
:100020000BAB03CBBDF81230C4F800024FF6FE72E2
:100030009342C4F8041236D0C3F308037BB301AE75
:100040000A220021304619F044FD0223ADF80C309D
:1000500018480A233246042101F044FE18BB04F17B
:100060002805284601F038FB96E8030085E80300E0
:10007000BDF80C30A4F8443094F8423043F0F0035B
:1000800084F84230BDF8123003F47C43A4F84030C9
:100090000121284600F05CFFB4F84030E38023786B
:1000A00043F0040323700EB070BD00BF287300201E
:1000B0005473002008310020AC730020B070002081
:1000C0004474002030B59BB004462622002106A8C7
:1000D00019F0FFFC02232046ADF83C3016F0D5F9AC
:1000E00000284DD0A3886278ADF81A302849236AD9
:1000F0000A938DF81820D1F89E03D1F8A213A270AC
:100100000BAB03C3D4F80002D4F80412022A03C3D1
:1001100014D10A22002103A819F0DBFCA06AE16ACD
:1001200003AB03C3B4F84430ADF814300A23009392
:10013000184810AB03AA042101F0E4FD144DD5F8D2
:1001400000330793D5F82823A36805F549701344B5
:10015000089313F050F9A36803440993E3788DF8EA
:100160001930262300930B4810AB06AA032101F097
:10017000C9FD089BC5F83033099BC5F82C3305E051
:10018000044806A916F017FD0028D7D01BB030BDD3
:10019000B07000200831002070B500F5EC75044601
:1001A00028460E4616F01DFD10BB306871682B46C0
:1001B00003C31048FCF7F2FE294604F5FC7014F066
:1001C000A1FB294604F5047014F09CFB294604F5B4
:1001D0000A70402214F0BFFB294604F5107040223B
:1001E00014F0B9FBBDE870400348102111F04ABE7D
:1001F00070BD00BFE8710020D4300020F8B54FF08A
:1002000040626FF001130446C0E900235148F02317
:10021000C4E9020304F158000E4616F01FFF08223D
:10022000002104F15C0019F054FC23464A4A43F8CB
:10023000642F3146E366494A234604F1700014F006
:1002400026FE23460025464AC4F8F85043F8FC2F02
:100250003146C4F8043104F58870FEF7DBFF414BEA
:10026000C4F88C3104F5C673C4F894313E4BC4F81D
:10027000A83104F5D473C4F8B0313C4BC4F8C8318C
:1002800004F1280704F5E473C4F8D0313146384648
:10029000C4E9615584F88051A4F89851A4F8A0519C
:1002A00084F8B85116F073FE0822294604F12000A4
:1002B00019F00FFC384601F00FFA04F5F0762046ED
:1002C000FEF71CFB304614F0D5FC2949304614F0EB
:1002D00000FB04F5FC7014F0DCFC04F5007014F075
:1002E00084FA04F5047014F0D4FC294604F5067071
:1002F00014F091FA94F8223243F0800384F8223209
:1003000004F50A7014F0D0FC4FF0FF3732230126B9
:1003100084F8293204F5107084F8287284F8365273
:1003200084F8376214F0C0FC332384F84132082289
:10033000294684F8407284F84E5284F84F6204F5DE
:10034000EC7019F0C6FB20460A49FFF725FF20464E
:10035000F8BD00BFA0860100A9070300616E04007C
:10036000E908030071FB02001D08030009FD0200FB
:100370004E74002019FD040038B5154BD3F83841F0
:1003800005463CB9EB781B0720D4BDE8384011483E
:1003900014F065BC204614F093FA08B16469F0E7E4
:1003A0002146284616F02DFC0028F7D12146284684
:1003B00016F036FC0028F1D1102205F5FC7120461C
:1003C00019F09FFB0028E9D0012038BD2046FCE74A
:1003D000B0700020E8710020F7B50C460DF1060260
:1003E0001321064618F04DFF58B927493046FEF74D
:1003F00033FD30B9012C06D1BDF80610304618F097
:10040000ABFF03B0F0BD214FD7F838510124B5B987
:1004100097F83B351B07EFD4D7F83C51002DEBD0B4
:100420002B7D032B09D129463046FEF715FD002808
:10043000E7D10134E4B2052CDED82D69EEE7284679
:1004400014F02DFAE8B9284614F03AFAC8B9104861
:10045000294616F0D6FBA0B90D48294616F0E0FB58
:1004600078B909491022284619F04BFB48B12946B2
:100470003046FEF7F1FC0028C3D10134E4B2052C6C
:10048000BAD86D69C3E700BFE0770020B0700020E4
:10049000E87500202DE9FF4100F1280705463846A0
:1004A000884611F03DFF38B92846FFF79DF9002432
:1004B000204604B0BDE8F08105F15C00FEF784FC45
:1004C000B8F1010F03D805F5CC7016F036FB0D21FD
:1004D000284616F0C7F80646002863D0EA780121BE
:1004E00018F0A8FE00285BD1B8F1010F3CD0B8F19C
:1004F000030F3DD0697801291DD002291AD1304659
:10050000FEF772FC044600283AD13046FEF78AFC1A
:100510000446A8BBB8F1020F0CBF0246EA680221EC
:10052000304618F09EFE044650BB3046FEF7C6FC2F
:10053000044628BB0021EB789B0725D53946684641
:1005400014F0C7F969463046FEF7EAFC0446B8B92C
:10055000E97811F008011ED11348FDF7C5FD1348D5
:10056000012111F06BFFA2E705F5847016F0E4FCA1
:1005700005F58471304616F0B5F804460028B9D068
:100580003046FAF781F993E73046FFF725FF044636
:100590000028D3D0F4E704480121FDF7A5FD86E744
:1005A0000446EDE7032483E76C750020C87500203E
:1005B00038B5052938BF0521B1F5E14FC36828BF1B
:1005C0004FF4E1418B42044615460CD0C160064809
:1005D00011F02DFF6378022B05D125B92046BDE827
:1005E000384016F02CBB38BDC875002070B50D46DC
:1005F00088B00446002628688DF81C6005A916F00E
:10060000DAF818B117281FD18DF81C606378012B18
:100610000FD0022B1AD0286801AA112118F086FDEC
:1006200000BB2046FFF7E0F804F5CC7016F095FA11
:100630000AE094F8F830012B06D104F5847105A87E
:1006400016F099FC0028E6D108B070BD2A6904F1C3
:1006500028039A42F8D194F8423003F00F03072B95
:10066000F2D1D8E72868694616F078F80028EBD16F
:100670000122E11C684619F044FA0028E4D16378AD
:10068000012B13D0022B2DD028680DF1050210216B
:1006900018F04CFD00285FD01728D5D19DF81C30EC
:1006A000002B14BF012302232B75BDE7286803AA82
:1006B00002A916F097F80028C6D1029904F1340077
:1006C00012F09BFE04F12806039BA363072130462A
:1006D00000F03EFCA1882046FFF72EFB237843F074
:1006E0000103237028680DF10602002118F031FD86
:1006F0000028A9D1A388BDF806209B0AB3EB922F4E
:100700008FD129462046FFF7CDF800289CD12868D4
:1007100004AA022118F030FD70B1172894D1E678B0
:1007200016F0080616D13146114811F087FE314601
:100730001048FDF7D9FCA7E7049904F5C070FFF74E
:10074000FDF900287FF470AF049901222046FFF7DD
:100750002FFFE4E70121EBE79DF8050014F097FF78
:1007600094F8483060F3830384F8483096E700BF7C
:10077000C87500206C7500207FB5684615F077FEBF
:100780009DF81430052B08D0072B03D1054801A98B
:10079000FFF764F907B05DF804FB024816F04FFA62
:1007A000F8E700BFE8750020014816F04BBA00BF1B
:1007B0004476002038B5184D0446F5F70FF895F843
:1007C0003935014633B3204616F02AF958B105F5FC
:1007D000A761204616F042F9E0B905F5A760BDE82B
:1007E000384016F02CBA04F10802104616F018F939
:1007F00058B105F5A761104616F030F950B905F566
:10080000A760BDE8384016F0C1B92046BDE83840C1
:10081000FFF72CB838BD00BFB07000200148FFF7CB
:10082000C9BF00BF8077002038B5134A0B46D2F805
:100830000023C968914204461DD9187DD8B1022809
:10084000A1EB02020CD11D69284615F008FE90B1FB
:10085000012A09D029462046BDE8384016F035BAAD
:10086000012A4FF0000201D142F00202BDE83840F7
:100870000248FDF741B838BDB0700020AC730020CD
:1008800010B5052104464FF47A7018F01DFB01469F
:10089000201D11F019FCBDE8104002480321FFF7AC
:1008A000F9BD00BFE875002010B50278C2B10D4C4B
:1008B00094F83925012A03D0BDE8104015F0FEBF99
:1008C00042783AB915F0FAFF04F5A760BDE8104088
:1008D000FEF78ABF013A4270BDE81040FFF7D0BF73
:1008E00010BD00BFB07000200148FFF7DDBF00BFA2
:1008F000E076002038B505780446C5B9C0E9011294
:100900000C4890F8391501290FD9022903D100F5B7
:10091000A760FFF7BFFD4FF47A712046012300F86E
:100920000C3B11F0D1FB284638BD2946F5E70525DB
:10093000F9E700BFB070002070B5437804460D465B
:10094000002B4CD08A0715D000F5FC7631462448A0
:1009500014F058FA58B904F5007013F046FF204817
:100960003146FCF7FDFA1F48102111F08BFA2046A2
:1009700015F055FE15F4405F05D0E3781B0702D44F
:10098000204615F04CFEAE050AD5680705D5E905E9
:100990001FD52046FFF796FB05E0204615F03BFEED
:1009A00015F4827FF3D16A0219D50F4B93F87623A1
:1009B0001F2A04D8D3F87833D340DB070FD46378E9
:1009C0006BB1002204F5C0701146BDE87040FFF71E
:1009D00091BF204615F059FD0028E4D0D9E770BD3D
:1009E000E8710020D4300020B07000202DE9F84FCD
:1009F0000E460E21074615F035FE0546002800F08C
:100A00008B8096F82080B146B0444FF0000A06F182
:100A1000210BC14514D106F12A012846FEF780FAC0
:100A2000044600284AD1BAF1000F06D03846FFF735
:100A3000A3FC10B1384616F002F92046BDE8F88F45
:100A400019F8013B132B2DD8132BE2D801A252F831
:100A500023F000BFB10A0300130A0300CD0A03000C
:100A6000130A0300FF0A0300090B0300130A030023
:100A7000130A0300110B0300130A0300130A0300F7
:100A8000C50A0300130A0300130A0300130A030034
:100A9000130A0300130A0300D90A0300130A030010
:100AA000E50A03001B2BB4D12846FEF707FA02E043
:100AB0002846FEF799F904460028AAD02846F9F7F7
:100AC000E3FEBAE72846FEF7ADF9F4E7FA6802213B
:100AD000284618F0C6FBEEE701221121284618F03F
:100AE000A9FBE8E7FB789B0793D401212846FFF791
:100AF00073FC04460028E1D14FF0010A89E759460A
:100B0000284615F0F4FDD6E72846FEF775F9D2E73A
:100B10002846FEF77FF9CEE703248EE72DE9F04360
:100B20008FB00023CDE90A330C938DF834304B7924
:100B300013F0180FCDE9081204460D46164626D1CB
:100B400002F1100013F0BCFE08B3304613F041FF71
:100B5000E8B196F82430FF2B19D101220DF10A01DA
:100B6000284610F08BFF90B99DF80A30FF2B11D169
:100B700001220DF10B01284610F080FF38B99DF8D5
:100B80000B30112B03D1544808A914F07DFB0FB092
:100B9000BDE8F0836278002AF9D0002BF7D10DF17F
:100BA00014090A224946284610F068FF0028EED1B1
:100BB0009DF81430152BEAD1DDF8190013F00DF96A
:100BC000CDF80490AB890093074633462A460121AD
:100BD0002046DDF81580FDF7C7FF0028D7D1012298
:100BE0000DF10B01284610F049FF06F1180103A88A
:100BF00012F0CDFB9DF80B300C2B4FF0010203A936
:100C000004F1580034D116F02CFA054668B1837E01
:100C100003F00F03072B08D14369BB422BD10369B3
:100C20004345B4D808F101032B619DF80B300C95B6
:100C3000043BCDE90A870B2BA9D801A252F823F077
:100C4000850C03008F0B03008F0B03008F0B030039
:100C5000970C03008F0B0300A10C03008F0B030004
:100C6000AD0C0300C50C0300CF0C0300B90C03004E
:100C700016F01BFAC9E78AD2476100210C3012F046
:100C8000BCFBCFE708A9204615F0F3FE08A92046D3
:100C9000FFF7CAFD7BE708A92046FEF7A3FEF5E7AC
:100CA00008A904F58870FEF763FCEFE708A904F5CE
:100CB0008870FFF77BF8E9E708A904F5DC70FEF718
:100CC0005DFFE3E708A9204616F02FF8DEE708A944
:100CD0002046FFF78BFCD9E7407800202DE9FF4143
:100CE00000F114073946064608223A4818F009FF71
:100CF000014640B9384890F83935022B66D000F5E6
:100D0000AC6000F025F935480B2115F0ABFC054629
:100D100000285DD006F1430115F0E9FC04460028E7
:100D20004BD1284615F0E8FC0446002845D1DFF8F1
:100D3000A880012198F83B25284618F07BFA044644
:100D4000D8BBD8F844250221284618F08AFA044670
:100D500098BB284615F0DBFC044670BB2846FEF71E
:100D6000ADF8044648BB98F83B359B072CD4317945
:100D70002846FFF731FB0446F8B90223184A0D2133
:100D8000284618F01EFA0446B8B9284615F0C3FCE8
:100D9000044690B90721384600F0DAF83246114986
:100DA000284610F0C3FD3946684613F092FD6946A7
:100DB0002846FEF7B5F8044610B12846F9F764FD59
:100DC000204604B0BDE8F0810323D7E71824F7E7F5
:100DD0000324F5E710760020B0700020E8750020AD
:100DE00014FD0400656E040037B50446FEF78AFB67
:100DF00078B12046FFF772FF58B96378042B10D101
:100E000040F2E24104F1640003B0BDE8304011F06B
:100E10005BB96378042B09D8DFE803F0060A1B45A9
:100E2000500004236370EBE70023238103B030BD3F
:100E300002236370002104F1140000F089F8237884
:100E4000254823F001032370002363710121FDF77E
:100E50004BF96379013363710DF10701204615F0F9
:100E600032FD68B99DF8075020462946FEF7E0FAA2
:100E7000012DC5D015F0FD0FD8D140F2EE21C1E70C
:100E80002046FEF7A3FAC8B16378032B1CBF0323E7
:100E9000637001212046FEF7CBFAFF23A37161891D
:100EA0000029C3D0AEE7A11D2046FEF713FB28B9E9
:100EB000A1790A48012215F039FCF0E763780BB1FB
:100EC0000023637004F11400FEF764F92046FFF775
:100ED0000FF80146E4E700BF6C750020E8750020BC
:100EE0000148FFF781BF00BFF8760020F8B50B7905
:100EF0001A0704460D460FD50E4F97F83B1511F013
:100F0000080609D1012107F5A36011F097FA3146CF
:100F100007F2BC40FDF7E8F82B799B0709D5637809
:100F2000042B06D1012323712046BDE8F840FFF7CA
:100F3000D5BEF8BDB070002004289ABF024B53F80C
:100F400020000248704700BF14BB040084F704006F
:100F500010B5837E03F00F028A4204460AD061F383
:100F60000303837603F00F03072B03D1024811F02C
:100F7000F6F8A06210BD00BFC030002010B50C46CE
:100F80002046074916F04DF840B90649204616F0AC
:100F900048F80028034808BF002010BD0048FCE7BF
:100FA000107600200C770020F8B507680479264DEC
:100FB0003C44A74201D300203CE0BB1C9C4235D3FB
:100FC0007E7802363E44A64230D83B785B08012B3F
:100FD00003D0052B1ED03746EBE7384616F069F8EC
:100FE00020B3F878073007EBD0000430B042F2D2DB
:100FF000831C9E421AD343789A1C0244B24215D8ED
:1010000000784008062818D8DFE800F01917150EF8
:1010100017171200384616F067F838B1384616F040
:1010200085F802303844E1E7012B06D8062001E0BC
:10103000012B02D8F8BD9B07F8D11046D6E76B43C9
:10104000B3F1553FF9D9F1E7ABAAAAAAF8B515460D
:101050000E46074600211322284618F03AFD104894
:10106000314615F0C6FD18B10E49284614F02CFB88
:10107000002422463146384616F065F9044600B988
:10108000F8BD032116F061FB02460028F1D0E1789B
:101090002B7C9942EDD92146284614F023FBE8E742
:1010A000E8750020B030002073B514460D460646A2
:1010B00013220021204618F00CFD35B90B492046BB
:1010C00002B0BDE8704014F0FFBA294601AA3046CC
:1010D00016F056F9014630B1019A204602B0BDE83B
:1010E000704014F0FFBA02B070BD00BFB0300020F5
:1010F000F7B5064613480F4615F07BFD0446D8B9F0
:1011000005462A463946304616F01DF90546A0B177
:101110002946684616F00BF90221684616F022FBB4
:101120000028EED041780239821C43189A42F3D845
:10113000518849BAC90503D50124204603B0F0BD42
:101140000432F3E7E8750020994215D10E4BB3F84D
:101150003C35D11A48424841BDF80010A1EB030CC0
:10116000DCF1000141EB0C01884209D09A420CBF2E
:1011700001204FF0FF30704704DC4FF0FF30704724
:101180000020704701207047B07000201346014ACC
:1011900016F094B92573040090F806310279934251
:1011A00038BF134680F806314FF40071014810F043
:1011B00069BE00BFD430002037B50C460DF10602E1
:1011C0000821204618F05DF840B90D4BD3F838518E
:1011D00035B9BDF80610204618F0BEF803B030BD92
:1011E00010222946204610F09CFC0028F6D1BDF8BC
:1011F0000610204618F0ADF80028EFD16D69E7E73A
:10120000B070002030B58BB00D4626220021684614
:1012100018F05FFC2A4C42F20943ADF80030D4F8D4
:10122000780412F0DAFDCDF80200D4F88C24D4F85A
:101230008834D4F89C041344D4F890241344D4F88C
:1012400094241344D4F898241344184412F0C5FD90
:10125000CDF80600D4F8500412F0BFFDCDF80A0016
:10126000D4F8600412F0B9FDCDF80E00D4F864048F
:1012700012F0B3FDCDF81200D4F88034D4F87C0419
:101280001844D4F88434184412F0A7FDCDF81600A1
:10129000D4F81C0412F0A1FDCDF81A00D4F82004F3
:1012A00012F09BFDCDF81E00D4F8580412F095FD05
:1012B0002946CDF82200684617F04CFE0BB030BD31
:1012C000B070002010B5144692B0242900F2A78017
:1012D000DFE801F0131C263EA5A54C575E64A5A5CA
:1012E000A5A5A5A5A592A5A5A5A5A5303B77808414
:1012F0008CA5A5A5A5A56A889B004A4A08230021BC
:10130000204612B0BDE8104017F05BBF464BB3F863
:101310003C250121204612B0BDE8104017F095BFD2
:10132000414B93F83B250221204612B0BDE8104006
:1013300017F080BF01A93D48E7F78EF9082301AAFD
:101340001721204617F03DFF39E002221821E1E77E
:10135000354B93F83B25120761D4D3F8442503217C
:10136000204612B0BDE8104017F07BBF3048FDF7B3
:10137000EDFB014601A815F0BEFD082301AA0621D8
:10138000DFE7294A072192F8C037D2F8BC27B7E730
:10139000114612B0BDE81040FFF70EBF114612B063
:1013A000BDE81040FFF72EBF214815F066F8014652
:1013B00001A816F03CFA214601A817F0CBFD12B0A7
:1013C00010BD1C4B20221921204612B0BDE8104050
:1013D00017F01FBF184B20221A21F5E7174B1022D8
:1013E0001B21F1E7164B60222321EDE7F9F712FAF2
:1013F000402203461C21E7E7124B1B788DF806308C
:1014000040F21113ADF80430D5E70168012201A8BC
:10141000FAF784FF9DF80A3001AA242191E7002001
:10142000CDE700BF4E740020B0700020B030002027
:10143000E875002043FD040031FD040022FD040096
:1014400021FD040007FD0400F7B507460E461C48C1
:101450002721154616F07DFB044678B36979C1F360
:10146000410110F019FA0DF102022121284617F06E
:1014700070FEC0B129462246384616F085F901466D
:10148000C8B9012201A816F0C4F904220DEB02012B
:10149000204610F046FB88B909483246214616F02E
:1014A000D5FA40B90AE0BDF802202121204617F004
:1014B000CCFE0028DED02046F9F7E6F903B0F0BDF7
:1014C0009472002038B54B78022B05460C460CD19F
:1014D0000B7813B9054816F0FBFFD4E90421284620
:1014E0001031BDE83840FFF7AFBF38BD947200201F
:1014F00070B5064608460C4617F078F8E8B1216941
:101500000E4816F056FB0546B8B123695979C1F368
:10151000410110F0C1F921692A46304616F034F92C
:1015200020B12846BDE87040F9F7AEB962690348BA
:10153000294616F085FF0028F3D170BD9472002073
:10154000F7B5074608460D4617F050F8C0B12869B0
:101550000223818901AA10F07BFA044680B99DF824
:101560000430122B0CD12B699E890236B6B29DF83D
:101570000530E1B28B4205D81448294616F0A8FF81
:1015800003B0F0BD314489B2286901230DF1030293
:1015900010F05EFA01460028F2D19DF80330222BAC
:1015A00009D0242B0BD0092B03D10948882218F02D
:1015B00090FA0134DBE70748FDF7A0F9F9E77B680B
:1015C000002BF6D0B8689847F3E700BF947200206C
:1015D000C8740020E8750020002202614FF6FF72F7
:1015E00082820246024942F8181F0262704700BF19
:1015F000CD160300F7B54B78022B05460C462DD1CE
:10160000206901A912F066FC40BB20690DF10202BD
:10161000012117F09EFD08BB019B2B6162692F46DB
:1016200002F110032032186859683E4603C6083399
:1016300093423746F7D1BDF80230AB824FF47A714E
:1016400005F1180010F040FD23783BB963691B7861
:10165000FF2B03D00248214616F03AFF03B0F0BD3D
:101660009472002038B51E2105460E4816F07EFA09
:101670000446B0B1296912F03CFC20B12046BDE817
:101680003840F9F701B9AA8A0121204617F0DDFD9B
:101690000028F3D103482A46214616F0C6F900284F
:1016A000ECD138BD9472002013B500900169054B50
:1016B00004460022044810F0C8FF0023236102B052
:1016C00010BD00BFE57804001C7400200148FFF73E
:1016D000EBBF00BFB479002010B5002104463022D2
:1016E00018F0F7F920460249BDE8104015F04FBC4C
:1016F000B030002010B590F8A8300446CBB90121D5
:101700000C4810F0E5FE0C48FCF74EFC012384F871
:10171000A8302046FBF7C6FB084814F0CAFE08486C
:1017200016F03AF9BDE8104006484FF0807110F00D
:10173000A9BB10BD1C7400206C750020E87500204A
:1017400094720020D430002010B590F8A8300446E0
:10175000F3B1104816F0FBFC0F48FEF7DBF920460A
:1017600013F03DFB204613F0EEFA2046FBF780FB1A
:101770002046FBF765FB0023084884F8A830FCF7F7
:1017800027FCBDE8104006484FF0807110F07ABB8E
:1017900010BD00BF94720020E87500206C75002019
:1017A000D430002010B5044600F076F9034BC4E9AC
:1017B0000E34034B2365204610BD00BFBF790400E3
:1017C000A379040007B50846019200F0C9F82A2859
:1017D00007D81E28019906D80B282ED0142828D007
:1017E00000B3002022E01F380B28FAD801A353F8D9
:1017F00020F000BF431803004B180300E317030059
:10180000E3170300E3170300E3170300E3170300E4
:10181000E3170300E3170300531803005B180300EA
:10182000631803001148FBF7A3FC012003B05DF827
:1018300004FB0F48FBF7B6FEF7E70E4812F04BFA31
:10184000F3E70D4812F090FAEFE70C48FFF7D2FEED
:10185000EBE70B48FFF74CFEE7E70948FFF732FEDE
:10186000E3E70748FFF76CFEDFE700BF687800207A
:10187000D87900202873002054730020B479002008
:101880007879002038B514464FF2BF0293420D46D6
:1018900002D00025284638BD084613F011F820B1C3
:1018A0002046BDE8384013F094B829460A4815F0A0
:1018B000A0F905460028ECD00748214615F099F913
:1018C0000028E7D1204613F078F80028E2D120461E
:1018D000BDE8384013F088B8E875002038B54FF2FD
:1018E000BF034B8401F110000C4613F072F8094B52
:1018F000A3F13002002808BF1A4602F11005234662
:10190000144603CCAC4218605960224603F1080328
:10191000F6D138BDF8770020F0B58DB004460D46FD
:1019200016460021262202A81F4618F0D2F806A962
:10193000074814F0D5FD02A92046FFF7CFFF009716
:10194000334602AA2946204616F06CFD0DB0F0BDC4
:10195000E8750020014B53F82000704728BB0400B5
:101960001FB5094C094B03900093302204232146F4
:1019700003A817F02FF920B1001BC0F3870004B0B3
:1019800010BD3020FBE700BF28BB04007F7A0400B5
:1019900010B50A4605480021FBF76EFB044610B15E
:1019A00000210FF05FFF204610BD00BF4C710020EA
:1019B0000149FFF7EDBF00BFC9FC040030B5036863
:1019C0002BB90B78012B0CBF0020072030BD4479C8
:1019D0004CB30579AC4226D8B3F57A7F23D382790C
:1019E000142A20D8013201219140013901FB03F270
:1019F000B2FBF3F0814216D1AAB102FB05F1B1FBB3
:101A0000F2F295420FD18C420DD8084A93420AD87F
:101A1000B1FBF4F103F5433303F5A073CB4234BFBC
:101A200000200720D2E70720D0E700BFBFF2FCFF6D
:101A300010B5044616F03DFB2346034A43F8082F31
:101A4000C4E90434204610BDA183040070B50446E7
:101A50000060043015460E4616F02BFB23460D4A57
:101A600043F80C2F3146C4E9053404F11C00FFF79C
:101A7000DFFF0023C4E90D33C4E90F33C4E9113398
:101A8000C4E91333656500F0E7F8A4F85800204670
:101A900070BD00BF7182040038B5074A04460D4688
:101AA000FFF7D4FF054A2346294604F15C0013F0F2
:101AB000EEF9204638BD00BF9F800400AF850400CA
:101AC000F0B597B0CDE9041205461E46012100236A
:101AD00068461C9F069315F0E0FF044678BB36B1BC
:101AE00069463046FFF76AFF10B1072427E0244E0D
:101AF0009DF80030022B0CD0032B13D0B5F85810F2
:101B00000498ADF802104B1CA5F8583016F0CDFD26
:101B100008E0304616F037FA6946024605F11C0027
:101B200016F041FC9DF8003083B9049B5C89BCB978
:101B3000DDE90412284616F054F8044618B106A947
:101B4000284616F008F9204617B0F0BD012BEFD15A
:101B5000384616F07EF80028EAD09DF80C40043490
:101B60003B463246694607A816F01EFA22460499FB
:101B700006AB284616F0CBF804460028D8D0DEE79E
:101B8000E8BB040013B5C2884FF6FF739A420446BF
:101B900002D1002002B010BD0DF10302012116F0A8
:101BA000C0FE10B1194B6360F3E79DF80330FF2BC3
:101BB00001D1174BF7E71B0901A92046ADF8043006
:101BC00016F0BCFEE8B99DF803300DF1060103F0F4
:101BD0000F032046ADF8063016F0B0FE88B9216834
:101BE00023894989BDF80620C91A8A4208DC1344B2
:101BF000BDF804102381A388E2800B44A380C8E7CA
:101C000006204FF6FF73E380C4E700BF0000FFFF2C
:101C10000100FFFF024B00F003001856704700BFA1
:101C20004AFD040037B50A4D2B88044653B90CF021
:101C30002BFE04210DEB01000CF028FE0199054854
:101C400017F01EF92B88204601332B8003B030BDDE
:101C500088A9002064A90020014817F01BB900BF23
:101C600064A900200249034803220CF039BE00BFDA
:101C70008CBC0400B0300020002992F8FE300348EC
:101C800014BF02210121F4F783BB00BFB030002054
:101C90001FB5FE230029ADF80E300DF10E031446DA
:101CA000009318BF0221134608BF012106480022F5
:101CB000F4F748FB30B9BDF80E30FE2B94BF84F822
:101CC000FE30172004B010BDB030002000290448B9
:101CD0004FF0FF3214BF022101210CF003BE00BF00
:101CE000B03000201FB5ADF80E300DF10E0300939B
:101CF000034813460022F4F725FB05B05DF804FB0A
:101D0000B0300020F0B585B014460DF10E02BDF8DC
:101D1000285000920E48ADF80E5000220F461E4685
:101D2000F4F710FB38B10A482B4622463946F4F73F
:101D30002FFB05B0F0BDBDF80E30AB42F3D12A4603
:101D40003146204617F0DDFE0028ECD1F1E700BF58
:101D5000B0300020002202600246024942F8041F0F
:101D6000C2607047A91D030038B504218568044688
:101D70004FF47A7017F0A8F82918201DF8F79CFE88
:101D80002368DA0702D50648FCF786FA2368DB05E4
:101D900004D5BDE838400348FAF7FABF38BD00BFA4
:101DA0006C750020587100200148FFF7DDBF00BFAF
:101DB000F8300020054901600021C0E90311C0E9A5
:101DC0000511C0E907128060818470476F94040098
:101DD0002DE9F0418CB004461546884626220021A4
:101DE00002A817F076FE2946204617F0FDFD20B91F
:101DF000002420460CB0BDE8F0810822002168468E
:101E000017F067FE812325488DF800300021FAF78E
:101E100015FB06460028EBD004226946B8F80C7082
:101E20000FF07FFE0446A0BBB8F80A303A1D92B20C
:101E30009B1A9BB2414630460FF088FE044640BBD9
:101E400005F1100306AC05F1200C1F46186859680F
:101E5000224603C2083363451446F7D12B78FF2B83
:101E600008D002AA28686968134603C30835BD4232
:101E70001A46F7D109483A2302AA3146FAF704FC78
:101E8000044630B9B18908236A4630460FF0E0FDB8
:101E9000AEE73046F8F7F8FCABE700BF1C71002056
:101EA000014811F0BFBB00BF44740020014811F08D
:101EB00057BB00BF44740020014811F06DBC00BF47
:101EC00044740020014811F063BB00BF447400203B
:101ED000F8B50E4B1D68AB789B07064612D56F68A8
:101EE00016F8014B29462CB90A20B847002805DB13
:101EF000204609E02046B8470028F1DAAB7843F0E5
:101F00000403AB704FF0FF30F8BD00BF60A50400C4
:101F10000CB430B58BB004460D462022002102A837
:101F200017F0D7FD02238DF80A30002D0C4B0393D8
:101F3000069412DB01D06B1E1C440FAA0E99079465
:101F400002A8019200F082F815B1069B00221A70D7
:101F50000BB0BDE8304002B070470024EDE700BF91
:101F6000539C0400242A2DE9F041054601D8012A9A
:101F70000AD1D2F7C5FE344B16221A5001B10D60BA
:101F80000020BDE8F0813046064616F8014B202CB3
:101F9000F9D0A4F10907042F2346F4D92B2C32D011
:101FA0002D2C33D14FF0010C3378861C302B34D1DB
:101FB000307840F0200078282BD132F0100028D162
:101FC00073783546102202360CF10047013F00209D
:101FD000B7FBF2FE02FB1E78392B82BF03F1FF3301
:101FE00043F02003263B303B9A421DD9704502D86E
:101FF00017D1984515D24CF0020C3446354614F8EA
:10200000013B2646E8E74FF0000CCDE74FF0000C0F
:10201000CCE7002A08BF0822D6E7002A08BF0A2218
:10202000D2E700FB0230E8E701B10D601CF0010FC0
:1020300018BF40421CF0020FA3D0D2F761FE024B42
:1020400022221A5038469CE70C0000002DE9F04F80
:102050008BB04368009383789C078046924640F19A
:10206000F98000250878002800F0F68025280AD09D
:102070004B1C019301354146009B98470028C0F254
:10208000E3800199EEE74E788B1C252E0193F1D069
:102090000027B9463C460A221F2C22D8A6F120036D
:1020A000102B20D8DFE803F0141F1F1A1F1F1F0B6F
:1020B0001F1F1F121F171F1F090044F00104019B5F
:1020C00013F8016B0193002EE6D13AE044F00204CC
:1020D00044F00404F3E744F00804F0E744F010048B
:1020E000EDE77F2C24D8A6F13003092B08D8600631
:1020F0004EBF02FB073702FB093944F02004DEE73C
:102100002A2E0DD161065AF8043B53D4002BA7BFE9
:1021100044F020049946C3F1000944F02804CEE7B6
:102120002E2E05D1630600F1978044F04004C6E7E7
:102130006C2E2ED028D8682E32D06A2E37D04C2E56
:1021400035D0002F46F02003B8BF24F04004A3F19F
:102150006502BCBFA4B20027022A01D9612B2BD192
:102160000AF1070A2AF0070A9C4E0AF1080A072713
:10217000210760D506EB070B34465C455DD1AE1BED
:10218000A219A9EB070959E1742E98D07A2E96D09E
:10219000D7E7260648BF44F4007444F080048EE775
:1021A000E00548BF44F4007444F4807487E744F4C5
:1021B000207484E71F4682E7A6F16302122A00F228
:1021C000D880DFE812F013004D00D600D600D6000C
:1021D000D6004D00D600D600D600D600D600E800C6
:1021E000D100D600D6001A00D600A0005AF8043B51
:1021F0008DF81030012704AEBAE75AF8046B784B1B
:10220000002E08BF1E4614F0400F14BF39464FF091
:10221000FF31304617F0A4FC0746A9E7009B414672
:102220002020984700280FDB013CA742F6D34D44FD
:102230002D1BA1469EE74C46F7E714F8010B009BC7
:1022400041469847002898DA98F8023043F0040392
:1022500088F802304FF0FF3528460BB0BDE8F08F0C
:10226000220630D5A3052AD50AF1070A2AF007036A
:102270009A4659685AF8080B24F0100B00291FFAE7
:102280008BFB2FDA404261EB41014BF4806B04ACD5
:102290000A23224617F086FC1BF0400FA0EB040235
:1022A00000F08E802BF001049742A4B240F38F809F
:1022B000002E40F08E802BF01104A4B21DE05AF8DD
:1022C000040BC117D8E7E0055AF8041B01D40846EF
:1022D000F7E7A2054BBF48B208B241F3C01141F382
:1022E000C031C9E750EA0103D1D16306CFD5002F31
:1022F000CDD124F01104A4B23A463B4640F2064147
:102300000C4262D124E024F01004A4B20A2314F099
:10231000800243D014F400711FBF0AF1070A2AF0AB
:1023200007029246516814BF5AF8080B5AF8040B7A
:1023300050EA01023ED124F0160B62061FFA8BFB15
:102340003CD5002F3AD124F01704A4B23A463B46BC
:1023500021075AD4E10705D5994572DDA9EB03039E
:102360009F184B469B464AE044F010041023782601
:10237000CDE7782B04D1C6F1780343F01003C6E70C
:10238000009B4146252098470028FFF65DAF0235A7
:102390004146304670E608230026B8E714F4807101
:1023A0005AF8040BC4D014F400711ABFC0B211461D
:1023B00080B2BDE724F006041FFA84FB04AC68E792
:1023C00013465C46E10699D52EB90133C0E71346A2
:1023D000F8E73B46F6E70233BAE700BF9AF8040095
:1023E0001AC60400CDE902324146009B20209847DE
:1023F0000028FFF629AFDDE902320BF1010BD945C8
:10240000F0DCEB1A03EB0B055B46E10627D5CDE9C3
:1024100002324146009B302098470028FFF614AF57
:10242000DDE902327EB901352F44791B8A4229DB6E
:10243000144604AE9CBB2A44A9EB030915469144FB
:1024400042E017468EE7CDE902320235414630467A
:10245000009B98470028DDE90232E5DAF4E640F215
:1024600006410C42E0D014F0020F14BF2B202020B4
:1024700014F4806FCDE9023205F10105414618BF21
:102480002D20E5E7CDE902324146009B30209847F8
:102490000028DDE9023205F10105C6DAD4E6013C87
:1024A000CDE90232305D009B414698470028DDE9C6
:1024B0000232BFDAC8E6009B414620209847002838
:1024C00005F10105FFF6C0AEA9EB0503002BF2DC18
:1024D000D7E500BF38B5044C044DAC4200D138BD3F
:1024E00054F8043D9847F8E70000000000000000A1
:1024F0007047F0B41346DA028768066907D513F40B
:10250000402F1EBF43F3000202F4402253403468C0
:1025100001258D4023F48012DB074CBF2C43AC43D4
:1025200034603B68F0BC184701F0CEBB01F0C3BB80
:102530000023D1F735BA430701D5CFF75BBA70470F
:1025400003460A4600681979012303FA01F1036979
:102550001B68194218BF82F0010283680AB1DB6868
:1025600018471B69FCE70CF06CBE00EBC10040880B
:1025700040087047F8B50346FFF7F7FFB0FA80F060
:10258000C0F11F0003EB800CCA00DCF81060171DBF
:102590000C4606328DB256B9012101FA00F0D96815
:1025A0000143D960CCF81040DD539D52F8BDF100D5
:1025B0000431585AD85303EBC0009E52C5805D5277
:1025C000F4E710B500EBC104E3888B4202F104018B
:1025D0000AD1012303FA02F2C36823EA0203C360AB
:1025E000002340F8213010BDA28840F8213000EBD4
:1025F000C20100EBC300CB808280F4E708B503463C
:10260000FFF7B3FFB0FA80F2C2F11F021846BDE82F
:102610000840FFF7D6BF2DE9F843B1FA81F3C3F1C3
:102620001F0200EB82090646D9F810700D4687B9E3
:10263000C3F120034FF0FF349C40F3681C4014D0DA
:1026400094FAA4F2B2FA82F2131D56F823402146FE
:1026500008E03C464FF0030821463046FFF785FF6F
:10266000854205D83046FFF7ACFF2046BDE8F88329
:1026700006EBC404B8F10108E488C9F81040D7D0CB
:10268000BC42E9D1D4E738B50446FFF76EFF0D46EA
:10269000034611462046FFF768FF03449BB204EB54
:1026A000C5055A006A802046FFF75FFF014424F801
:1026B000313038BD70B50446FFF757FF0B4604EBC9
:1026C000C305511A9B1A89B203444E009BB204EB16
:1026D000C2006E805D00458024F83210204611460D
:1026E000FFF743FF014424F8313070BD70B509B9DC
:1026F000002070BD056801F007030B33CC0804EB24
:10270000D304AB689C4228BF1C4621462846FFF7ED
:1027100082FF06460028EBD001462846FFF725FF3A
:10272000A04207D932192846FFF7C4FF11462846B0
:10273000FFF720FF05EBC6021046538843F0010364
:1027400053800430D5E71146FFF7D0BF2DE9F84399
:1027500014464A4202EA010931EA020203460BD05A
:102760004A46042A4F4628BF0422A1EB09096CB946
:1027700000252846BDE8F883042904D82146BDE891
:10278000F843FFF7B3BF00270422F0E71E68A9EB68
:10279000020204F0070302F007010B330B44E108C7
:1027A00001EBD20101EBD301B368994228BF19466E
:1027B0003046FFF730FF80460028D9D03D1D05EB9D
:1027C000C00509F1FF3335441D44B5FBF9F509FB9C
:1027D00005F5ED1B2C442B1F07349B1B24F007042D
:1027E000A41BB0EBD30F4FEAD3074FEAE40408D29F
:1027F00001463A463046FFF75DFF41463046FFF757
:10280000B9FE39463046FFF7B0FE3844844207D25D
:1028100030462246FFF74EFF21463046FFF7AAFE1C
:1028200006EBC706738843F001037380A1E7043AFF
:102830002DE9F843CC1D114424F0070421F00706CC
:10284000A6EB04084FEAD807B7FA87F2C2F12405CD
:10285000AD004FF000090735C2F12002ED08046019
:102860004946A760C4F80C90920004F1100017F0DC
:1028700030F9AAB2530043F0010363807B1B9BB283
:1028800004EBC5015800A4F80090488024F83520D6
:10289000A6F8029024F8083004EBC70329465A88AA
:1028A00042F001025A802046BDE8F843FFF762BEBD
:1028B0002DE9F04F91B0994602F0040305460293CA
:1028C000C2F3C2030133AC07DDF868A004930E46DF
:1028D000104640F092812C1D8DBB01F00706341D7F
:1028E000C6F1080600274FF0FF334FF0040800F050
:1028F0000201019309F1FF3203970097BB4643465B
:1029000005910DB1C4F800900498002809DC4846F0
:10291000CDE90632CFF738FFDDE90632002800F0B6
:10292000B2800598002800F0CC80A4EB050C0120B3
:10293000BCF5007FC0F0AD806FF0150003E0072903
:10294000D0D86FF01B0011B0BDE8F08F7A285BD8AB
:102950004B280FD8472857D829282ED8252850D0BB
:1029600052D8202818BF23280CBF4FF0010B4FF07E
:10297000000B71E04C382E2846D8DFE800F06D459A
:1029800045454545454545454545484545454545F4
:10299000454545564548485656566D486A456D4525
:1029A00018481845457F7C48454548457C0000202F
:1029B0004FF0000B4FF0040835E02A38C0B2012177
:1029C00001FA00F010EA0E0F46D110F0625C2CD133
:1029D00010EA010B40D06046013C4444B4FBF8F4DB
:1029E00008FB04F425B1A3EB050CA444B445A8D816
:1029F000002800F0818004995AF8049B0139049161
:102A00007FE70199013901914FF0000B24E012F8A2
:102A1000010C6C2834D112F8023C00206C2B834648
:102A2000C8D14FF008084346D6E70AF1070A2AF052
:102A3000070A0734FAE802BC24F0070435B1069807
:102A40002044B0423FF67DAFC4E900BC08344FF0EB
:102A5000000B4FF00808434612F8010F002864D01D
:102A6000BBF1000F7FF472AF2528F5D1019B013334
:102A700001934FF0010B4FF00408ECE7584697E73D
:102A800000208346A8E70599A4EB050C00297FF4F4
:102A90004FAF00990F293FF64FAFEDB140310DEB2D
:102AA000010ECCF3870C01990EF820CC0EF8101C07
:102AB00070B16CF07F0C0EF820CC0137009801301B
:102AC0000090C5F10801043406914FF6DA7EC3E7A1
:102AD000039801300390F1E708B10136EEE702995F
:102AE00002360029EAD14846CDE90632CDF784FB0B
:102AF000DDE906320644E1E7042B08D10AF10400BF
:102B000015B1DAF80010216004348246A4E70AF116
:102B1000070323F0070303F1080A1DB1D3E90001FD
:102B2000C4E900010834082396E7631BB3F5806FFE
:102B3000BFF402AF1DB9A6F10804E01803E7029A3A
:102B400028609B082B709DF80C30BAB1EB70AF7009
:102B500037B108A80022C5F1010C009B93420FD1A8
:102B6000C5F101030DF120084FF0000A01930DF1AA
:102B7000300B009B534512D1601BE4E66B70E6E717
:102B800010F8013B190608D50CEB040EB64503F00E
:102B90007F033FF6D6AE04F8013B0132DDE71FB1FB
:102BA00098F90020002A17DB029BD3B11AF80B20FA
:102BB00004F8012B0022019B18191044B0423FF683
:102BC000C0AE98F8000004F8010B49462046039275
:102BD00016F058FF039A14440AF1010A08F101089B
:102BE000C7E798F80020029B55F8229045F822305C
:102BF0004846CDF701FB421CDDE76FF00D00A2E671
:102C00002DE9F04706460D46174698462BB398F82F
:102C1000004093F80190DB78A40004EB430498F89B
:102C200002301C4444444FF0000ACA4509D3D8F886
:102C3000042008F1080339463046AC46BDE8F047A9
:102C4000604714F8013B48F823402046CDF7D4FAFA
:102C5000013004440AF1010AE7E76FF01500BDE80E
:102C6000F08730B502460024002012F8013B43B142
:102C700078B18C4207D1702B04D0A3F140053A2DD6
:102C800007D8002030BDA3F140053A2D01D801340A
:102C9000EAE7252B08BF80F00100E6E70020704737
:102CA00000F086BF0FB407B504A951F8040B0191D9
:102CB00000F07EFF03B05DF804EB04B070470FB482
:102CC00007B504A951F8040B0191FFF7E9FF03B020
:102CD0005DF804EB04B0704710B50369024613F0C9
:102CE000080009D11368D4689C4297BF526AE31A5E
:102CF000D31A01200B6010BD00231846FAE713B564
:102D000001A90446FFF7E8FF20B1019BE268013BFF
:102D100013440193606A019BC01A013802B010BDD0
:102D200010B5044650182269636AD20702D5013BE8
:102D3000184010BD984228BFC01AFAE710B50446E3
:102D40000A46C168FFF7ECFF2369E06023F008033F
:102D5000236110BD38B50D46026A8B00016843F04F
:102D6000020342F82130044601682A46FFF7D8FFE3
:102D7000E36861682060984202BF236943F008035A
:102D800023612A462046FFF7CBFF606038BD2DE95E
:102D9000F74FD0F80CB0066A009216F82B2002F01C
:102DA0000302022A08BF56F82B209A4606EB8B0333
:102DB0000F4601934FF00001009B0CBFC2F39D0929
:102DC000894619600446CAF80010B9F1000F07D00F
:102DD0004946FFF7B3FFE368A3604FF0010804E042
:102DE00001698A0705D44FF00008404603B0BDE8EA
:102DF000F08FC16906EB8B00884716F82B1011F095
:102E000001080546EFD08B071DD51FB13946204676
:102E1000FFF7A0FF61682A462046FFF781FFD4E94B
:102E200002138B42606007D12A462046FFF778FFE5
:102E30004FF000080146A0602369216043F00803B9
:102E4000E1602361D1E701462046FFF777FFE168A3
:102E5000A1601FB12068216A41F82090EA19CAF8E0
:102E6000002021682046FFF75BFF2269206042F0C6
:102E70000802226116F82B2022F0010206F82B200E
:102E8000DDE900321A60A8E770B504461546FFF781
:102E900047FF2368834205D12369216023F008039B
:102EA000236170BD226AAB0043F0020342F8213077
:102EB000204661682A46FFF733FF6060F1E738B5C6
:102EC00003695B07044606D5856AFFF718FF85424C
:102ED0002CBFA562A06238BD38B50D46044620223D
:102EE000002116F0F6FDEB68E361AB68A3612B6887
:102EF00023626B6863620022A2622A6923B1591EB1
:102F0000194208BF42F001022261012204F12C00A3
:102F10000021BDE838400BF02EBF2DE9F04F984658
:102F2000436A87B000258B4204460E4693460395BC
:102F30000595AA4638D3EFF31189202383F312882D
:102F4000BFF36F8F059A2AB129462046FFF79CFFF1
:102F50000023059304A92046FFF7BEFE0499B14261
:102F600007462AD32268236A13F8221021F00301AE
:102F700003F8221003EB820A216832462046FFF74D
:102F8000CFFEE3682060984212D0002789F31188B1
:102F9000BFF36F8F039929B1A2690AB12046904708
:102FA00000230393002FC6D1504607B0BDE8F08F31
:102FB000236943F008032361E7E718B12046FFF7D0
:102FC000C9FEE3E75BEA08031CD001910CF031F87D
:102FD0000199B8B9B9F1000F14D189F31188BFF381
:102FE0006F8F5A46434604F12C00F3F715FEEFF3BA
:102FF0001189202383F31288BFF36F8FB0FA80F713
:103000007F09C3E705AB03AA20462568FFF7BFFE8B
:103010000746BBE770B50446C36908460D469847A6
:103020000246EFF31186202383F31288BFF36F8FDC
:103030002B7843F001032B7061682046FFF770FE88
:1030400060602046FFF73BFF86F31188BFF36F8F68
:1030500070BD2DE9F843044600272026EFF31185C3
:1030600086F31288BFF36F8F2369A268190702D411
:103070006368934200D2636A9B1A002B42D0206A95
:1030800010F8221011F0030300EB82093AD0022B52
:1030900004D150F822305FEA930805D1CB0720D441
:1030A000E369484698478046A16842462046FFF7B4
:1030B00037FE0127A06041462046FFF73FFE3B4612
:1030C00085F31188BFF36F8F002BC7D137B1B9F1EA
:1030D000000F03D104F12C00F3F762FD4846BDE870
:1030E000F88341F0020100F822104846E369D4F861
:1030F00008809847414602462046FFF711FE00230C
:10310000A060DDE79946DBE7F8B50446C3690846E9
:103110000D4698470646EFF31187202383F3128864
:10312000BFF36F8F2B7823F001032B7023699B076C
:1031300005D5E268236A03EB82039D421AD12B78FE
:1031400023F002032B70D4E90231994204D13246B4
:103150002046FFF7E5FDA06031462046FFF7EEFD73
:1031600087F31188BFF36F8F04F12C00BDE8F8409E
:10317000F3F716BD2B6860F39F032B60F0E7EFF3C6
:103180001181202383F31288BFF36F8F0269836854
:10319000120702D442689A4200D2426AD31A81F3DB
:1031A0001188BFF36F8F181E18BF01207047036886
:1031B00000220BB9184670478B4210D10B6842B9F8
:1031C00042680360914200D1436000230B600120FC
:1031D000704713604368994208BF4260F5E71A469A
:1031E0001B68E6E7838B13F0070306D10368002B07
:1031F00018BF032008BF00207047022B05D1C08BE9
:10320000B0FA80F0400980007047012B04D10368B8
:10321000002B18BF0520EDE70020704710B50C46C5
:1032200000B111B96FF0150010BD081D00F0C6F80F
:103230000028F9D1A368032BF6D9F3E72DE9F04173
:103240000D4607461946281D90461E4600F0CAF84E
:10325000044638B13346424629463846A446BDE8BE
:10326000F0416047BDE8F08110B4EFF311822024F3
:1032700084F31288BFF36F8F816110BC0121CFF7F7
:10328000AFBC38B50C46054658B151B10B6843B1D7
:103290004B6833B12022002116F01BFC2C6100206A
:1032A00038BD6FF01500FBE7F8B504460E46FFF792
:1032B000B5FF051E3BDBEFF31182202383F3128859
:1032C000BFF36F8FE38BA78B4FF6FF718B4207F035
:1032D00007072ED0062F2FD8DFE807F0182E082E6C
:1032E000180418006FF08505002303E00133E38321
:1032F0000225012382F31188BFF36F8FBBB1002336
:103300003A4631462046FFF799FF10E0002333602C
:10331000636823B9C4E9006627B13D46E4E71E604F
:103320006660F9E702212046CFF75AFC3D46284661
:10333000F8BD6FF00A05D7E76FF00405D4E710B5C4
:10334000EFF31182202383F31288BFF36F8F848BF6
:1033500004F00704022C0AD0012C0CBF6FF004000B
:103360006FF0850082F31188BFF36F8F08E0C38B85
:10337000013B9BB2C38323B92146CFF731FC2046E2
:1033800010BD2046EEE738B5A8B1A1B1EFF3118525
:10339000202282F31288BFF36F8F848BFFF707FF21
:1033A00030B104F0070085F31188BFF36F8F38BD8B
:1033B0006FF07700F7E76FF01500F8E7034640B1CC
:1033C000426802F00302022A06D0032A04D0012A2E
:1033D00005D06FF0150070471A68002AF9D0002058
:1033E0009860704710B54268816002F00302022ABB
:1033F00003460AD0032A0BD10468002000225A6039
:1034000008B1F4F7EFFE204610BD00680024F5E790
:1034100000242046F2E770B50C8806468888241AF6
:103420003069A4B2844285B224BF641BA4B22D1BB0
:10343000A8B2984228BF18463368234413600B880B
:1034400003440B8070BD70B4838985880669ED1ACA
:10345000ADB2731B934228BF134670BC0A46011DD0
:10346000FFF7D9BF70B40E460146C58831F80A3F50
:10347000EC1AA3B2934228BF1346324670BCFFF742
:10348000CABF10B54B880C88E41AA4B294420ED37C
:103490001A4492B28B884A800A800069D21A92B28A
:1034A000824201D2002010BD03448B80FAE76FF006
:1034B0001500F8E72DE9F34106460F4615464FF093
:1034C00000082A4601A93046FFF7BDFF044640B177
:1034D00002463946019816F0D5FA2D1BA044274420
:1034E000EFD14246311D3046FFF7CBFF404602B0D8
:1034F000BDE8F0812DE9F34107460E4615464FF031
:1035000000082A4601A93846FFF7ACFF044648B137
:103510002EB102460199304616F0B4FA26442D1B0E
:10352000A044EED1424607F10A013846FFF7A9FF51
:10353000404602B0BDE8F081704710B4846864680A
:10354000A44610BC604770B4C6680468806A0D0C5D
:1035500006FB054414FA81F184682468A44670BC13
:1035600060472DE9F0431C46C36A1D686D4289B06F
:1035700006468846174605F020051CB9204609B0C6
:10358000BDE8F083AC42A14628BFA9464B466A4637
:1035900041463046FFF7D7FF0028F0D16B4648453B
:1035A00002D1241A8044E8E713F8012BBA4201D172
:1035B0000130F4E70120E2E70B6803F580330B608C
:1035C000008A1A0CB0EB134F04BFA3EB02430B604D
:1035D000704700F070BB38B5C26803680D0C090C69
:1035E00004462D04806A02FB013100F083FD50B9CE
:1035F000E26AE368527929462046FFF7B2FF0028C5
:1036000018BF6FF0050038BD10B50146044607220B
:10361000FF20E3F7F3FEE07110BD2DE9F04F074600
:103620005368D06803445069C34293B003D100206B
:1036300013B0BDE8F08FFC683B68D7F82CB0080CDD
:1036400004FB003313FA81F592E8030004AB83E82E
:103650000300D2E9020106AB83E80300D2E90401CA
:10366000DBF8008008AB83E803000024C8F1000306
:10367000A146019312AB03EBC90A4FEAC9015AF8FC
:10368000346CAEB909F10109B9F1030FF2D1002C84
:10369000CDD00AAE9BF80510A8EB0402301916F045
:1036A00018FAB86A434632462946FFF746FFBFE795
:1036B000B4B9019B334013D05AF8382CB86A294664
:1036C000CDE90223FFF739FF0028B1D1DDE902235C
:1036D0001A44F61A4AF8382C4AF8346C1D44C9E7E3
:1036E000A8EB0402B24228BF3246A2B101F148035E
:1036F0000DEB030A0AAB5AF8381C1819CDE902126F
:1037000016F0C0F9DDE902121144B61A4AF8381C65
:103710004AF8346C14444445ACD1B86A23460AAA2A
:103720002946FFF70AFF002882D125440446A1E775
:10373000F8B507220D460646FF204C888F88E3F730
:103740005DFEEB79834205D13C44B4428CBF00203E
:103750000120F8BD0020FCE70368012B81BFC918D8
:1037600001F1FF315B4219400846704738B50D46FC
:103770000A4681680446FFF750FFEB686968194400
:103780006B6902461944E06AFFF7E6FFA368034449
:10379000A360104638BD70B586B0466804460D4635
:1037A00018220021684616F094F902956A46082509
:1037B000314620460395FFF730FF29460246E06A6E
:1037C000FFF7CAFF63681B1A1046636006B070BD3E
:1037D00013B54FF6FF7300220446ADF800308DF8A4
:1037E00006308368ADF804206846ADF80230FFF774
:1037F0000BFF69462046FFF7CEFF02B010BD70B543
:1038000006460C46C06A0821FFF7A6FF0546F06889
:10381000401B214680B2FFF78BFF80B1A08878B9AA
:1038200022884FF6FF739A4209D16288F3689B1A87
:10383000B3FBF5F205FB1230B0FA80F0400970BD21
:103840000020FCE7F7B504460D46C06A0821FFF7E3
:1038500083FF2968074608232046FFF774FE0646C3
:10386000002836D12B683B442B60E26899B2D21B0A
:1038700091422ED11A0C03BF228A02F1FF3203EBD0
:103880000241A3F58031296008236A462046FFF7EC
:103890005AFEE8B9E36A5A796B4613F8011B8A426B
:1038A0000CD101300828F8D1636805E02B68BDF819
:1038B00002206FF30F0313442B600AE06946204691
:1038C000FFF79DFF0028F1D129462046CFF7A8FA3F
:1038D0000646304603B0F0BD2DE9F04F0446A1B0D6
:1038E00024220D4617A8002116F0F3F8E06A0821FB
:1038F000FFF732FF636881466FF30F0306A9204686
:103900000693FFF759FE069BE66801931E44A6EB5B
:103910000906082309AA314620460796FFF713FE39
:103920000028C0F21681E36A09AA5979002312F827
:10393000010B814240F0FC800133082BF7D1A368D2
:1039400062684B449A4280F0EC8001992046FFF770
:1039500042FEFEE0BDF826306FF30F061E440796C8
:103960000BAA07A92046DDF81CA0FFF76BFF002873
:1039700040F0EF800BA91FFA8AF0FFF7D9FE48BB91
:10398000039B9A45ECD11022002113A816F0A1F850
:103990001F9E129617AB119395B1D4F82C80082175
:1039A0004046FFF7D9FE2F890246F1194046FFF73E
:1039B000D3FEA168636802440A44934280F0928077
:1039C000002EBCD011A92046FFF7D0FE002840F001
:1039D000C080B4E7666808960DAA08A92046FFF7DC
:1039E00031FF002840F0B580BDF83420BDF82C3000
:1039F0009A4245D0089B62689A423FD15645BFD152
:103A0000BDF83060002EBBD03DB12A88BDF82C3007
:103A10009A4202D12B89B342B2D9BDF82E801F9AA7
:103A20004FEA1A431B049844E36A1B68591E5B4221
:103A300003F020030493A368164401EA060013442C
:103A4000009026EA0106ADF82E3006BB009B5BB164
:103A50001F9A17A99B1A20460A444146FFF773FD97
:103A6000002876D1009B1F930BA8FFF7CDFD0BA973
:103A70002046FFF790FE002882D06AE01E46ABE7A2
:103A80000DA9B0B2FFF754FE0028B3D0B6E7049BEF
:103A90001F9FB34228BF3346A3EB070B17AA02931D
:103AA0003A445B4641462046FFF74DFD002850D181
:103AB0001F9B01465B44182211A8059316F009F8D4
:103AC00017AB139311A9059B14932046FFF74EFEE5
:103AD00000283ED11F9B1F90FF1A029B3744FE1AFD
:103AE000D844B2E731446B68ADF83E10204611A9C6
:103AF000CDE91337FFF73AFE58BB2B88ADF83C30C1
:103B00002B89ADF840300FA8FF238DF84230FFF726
:103B10007BFD0FA92046FFF73EFED0B90123AB7213
:103B20000DE72046FFF754FE00283FF40EAF10E0EB
:103B3000A6EB090309A920460393FFF760FE0028BE
:103B40007FF408AF07A92046CFF76AF900283FF4B1
:103B500007AF21B0BDE8F08F00231A46CFF73CBB7A
:103B600013B500240094CFF71BFC02B010BD0378FE
:103B70005B075FBF03684288C3F34A2303EB12105D
:103B80005DBF173020F0070080080020704700203C
:103B9000704709F0B7BC0346BFF35B8F53E8000FD3
:103BA000421C43E800210029F8D1BFF35B8F704726
:103BB0001FB50023CDE90201CDE900331A461946AD
:103BC0001846CFF76DFF05B05DF804FB0120CFF775
:103BD00019BD002070474368DA7143681960436873
:103BE00001225A71CFF700BD70B515460C4669B178
:103BF000D2E901369B1B99420AD813680A4601464E
:103C0000981915F03FFFAB682344AB60204670BDA8
:103C10006FF01B00FBE770B50E46154619460446CB
:103C200018B9BDE87040CFF7EDBC33B1C2F34A23F9
:103C30001030120D184415F025FFC4E90056204637
:103C4000BDE87040CFF78CBE2DE9F3415F1C4FEA11
:103C50008708064608F1170020F0070080080C4688
:103C60001546CFF751FD0023ADF805308DF807302C
:103C70008DF8047068B10346019A43F8102FA8F13B
:103C800004012A46294452F8045B43F8045F8A423F
:103C9000F9D1A20102F4E07242EA482222F07F4206
:103CA00022F47002002322F03F02314602B0BDE848
:103CB000F041FFF7B0BF07B50123019201AAFFF75A
:103CC000C3FF03B05DF804FB07B5CDE90023022371
:103CD0006A46FFF7B9FF03B05DF804FB1FB5CDE9F5
:103CE0000123069B039301AA0323FFF7ADFF05B051
:103CF0005DF804FBF8B506460D4614461F4604B9A8
:103D0000F8BD214628463A46B047241A0544F6E74E
:103D100010B5426881680446D2E900230068FFF7C5
:103D2000E9FF636800221A6010BD38B54B681A6855
:103D3000CB689A4205460C4602D10846FFF7E8FFD9
:103D40006368BFF35B8F53E8002F511C43E80010FA
:103D50000028F8D1BFF35B8FA3689D54002038BDC5
:103D60000A2838B504460D4602D10D20FFF7DDFFC5
:103D700029462046FFF7D9FF002038BD2DE9F04342
:103D8000054689B008460E8891F80090D1F8088061
:103D90000C461746CFF7D6FE011EC6F38216C9F3AE
:103DA000C2091FDB4846CFF7EDFD03462146608878
:103DB00051F8102B0296C2F34A22002A01EB0204AA
:103DC000C0F30B1008BF00210022CDE90507CDE9A3
:103DD0000314CDE9002241462846CFF7DFFE09B0A3
:103DE000BDE8F0830023E1E743681B685B680020BF
:103DF0009961704743681B681A685268536070473E
:103E00002DE9F04143681B685A68012111771D684C
:103E1000D5E90136D3E900482F681CB96B681C60EE
:103E2000BDE8F081214630464246B847241A064490
:103E3000F3E743681B681868CFF7F8BF70B54368AD
:103E40001D686B6898690C46CFF7B8FB214603469E
:103E50000F222868BDE87040184730B54C680368E9
:103E6000A34201D2012030BD8A682244934201D38B
:103E70000020F8E7D1E90452954203D36FF00B0319
:103E80008B61F5E7CA681B1B42F835304368086947
:103E900002EBC00253600B6901330B61E2E737B5F7
:103EA0000C46C0B201A91546D0F71AF8002807DB66
:103EB000019828B12A462146D0F738F803B030BD22
:103EC0006FF01500FAE7F0B587B01F4604460D46BF
:103ED000164601F025FB022302930DF11603019310
:103EE000BDF83030ADF81600009332463B46294607
:103EF000204602F007FB07B0F0BD2DE9FF411F4649
:103F00000D4616460446D3F733FF8046CCF774F9C6
:103F1000BDF82830009380B2CDE901803B4632469F
:103F20002946204602F0EEFA04B0BDE8F0810022F6
:103F30001146D0F7D1B8034610B508460AB10021A2
:103F4000116053B1D0B1411E11F8010F80B113F8C7
:103F5000014BA04201D13D28F6D100200EE00133F3
:103F600013600AE03D2808D0B0FA80F0400905E06F
:103F700018782F28F6D1002AF1D1012010BD083081
:103F8000704710B5134614460A4681880068FFF74B
:103F9000E7FDA042A8BF204610BD2DE9F04F97B025
:103FA000044601929A46894600297CD0DAB1BAFAD1
:103FB0008AF67609258F0135ADB2A84604F1080BC3
:103FC0006F1EBFB2B7F5004F3BD04A2303AA394654
:103FD0005846FFF7C5FD002807DA10F1020F08BFA9
:103FE000B8463D46ECE70126E4E74928F9D800F158
:103FF00058030DEB0300002300F84C3C03A948468E
:10400000CCF7E8F80028ECD106BBB846B8F5404F2D
:104010004CD0238F434504F1080538D308F580417F
:10402000019A534689B22846CFF7D6F800280ADB12
:1040300046B14846CCF7E0F84A4603464146284692
:104040001EE016B3002017B0BDE8F08F3946584681
:10405000FFF782FD0028F6DB05F57F513F3189B27D
:104060005846FFF779FD0028EDDB238FBB42E9D1ED
:104070002246013B22F8383F4FF4004102235846C4
:10408000CFF7AAF800EAE070DDE70126BEE7224696
:10409000022322F8388F4FF400412846CFF79CF8CE
:1040A0000028BBDACFE76FF01500CCE76FF00B000C
:1040B000C9E773B5C36B03630446C3B100F10806D7
:1040C0003046CEF7DFFE054670B902230DF1060239
:1040D0004FF400413046FFF743FD0028ACBFBDF868
:1040E00006304FF400432387284602B070BD6FF0BE
:1040F0001205F9E72DE9F0418768FB6804460D4693
:1041000016469847BB682BB1324629462046BDE883
:10411000F04118476FF05700BDE8F081704715F087
:10412000D8BC15F0AFBC01460068D0F7E3B908B5BC
:10413000D0F73CFABDE80840D0F772BD0A4601212D
:10414000FFF7B9BD013140B2D0F7AEBC002101206C
:10415000D0F7D0B938B504460D4611461A46D0F707
:1041600093F960B2691CD0F79FFC204638BD6846C1
:1041700020F007018D4601B5D0F7AAFCBDE801404B
:10418000854670476FF08500704761B662B680F370
:104190001188BFF36F8F704772B6002383F31188C5
:1041A000BFF36F8FBFF34F8F30BF62B6BFF36F8F18
:1041B000704772B6002383F31188BFF36F8FBFF38C
:1041C0004F8F20BF80F31188BFF36F8F62B67047A7
:1041D000202809D9B0F1004F08D80138B0FA80F092
:1041E000C0F11F0040007047082070473E20704714
:1041F00008B5D1E904319847002008BD08B5D0F7CB
:1042000001FF002008BD7047BFF35B8F50E8003FFF
:10421000013340E80032002AF8D1BFF35B8F7047CA
:10422000002303824369C3607047816A8968D0F7BD
:10423000A9BFEFF31182202383F31288BFF36F8F9E
:1042400000230B60436833B9C0E9001182F3118881
:10425000BFF36F8F704719604160F7E710B50346F1
:10426000EFF31181202282F31288BFF36F8F006871
:1042700028B15C6802681A60A04208BF5A6081F3E6
:104280001188BFF36F8F10BD08B501460830FFF7E6
:10429000BBFF084608BD034618465B68002BFBD1F0
:1042A0007047426810B52AB10B461C465B68002B6C
:1042B000FBD16260416010BD10B5044628B901F120
:1042C0000800FFF7A1FF084610BD034618465B68CB
:1042D000002BFBD1FFF7E5FF2046F5E710B508B14D
:1042E0004B6843604C68002308464B60D0F7CAFF18
:1042F000204610BD83680B440360704703680B6061
:1043000043684B6083688B607047838802681944F8
:104310008180D018704730B484880568A3188380E2
:10432000281930BC15F0AEBB10B5838802685C1C40
:104330008480D154D01810BD30B5838802689D1C8C
:10434000D4188580D154090A617030BD83885B1A06
:104350009BB28380006818447047034600689A88BF
:10436000401A11441860998070470268531E036018
:1043700083880133838002F8011C70478288521AB7
:10438000034682800068084418607047034600684E
:104390009A88521A01449A801960704710B50368D0
:1043A0001C780121FFF7EAFF204610BD10B5036815
:1043B0001C880221FFF7E2FF204610BD0CB407B5B0
:1043C000034604AADB68084652F8041B019298478A
:1043D00003B05DF804EB02B07047F2F7EBBAF2F706
:1043E0005BBBD0F793BFF0B41346DA028768066967
:1043F00007D513F4402F1EBF43F3000202F44022FE
:104400005340346801258D4023F48012DB074CBFF4
:104410002C43AC4334603B68F0BC18470022D1F712
:10442000B1B8FFF748BC4FF0FF324FF0FF33043014
:10443000F2F7C0BAF2F730BB90F87000C0F3411049
:104440007047F8B504461E460D461746FFF7EBFFCA
:1044500094F870309B0715D425B1012D10D06FF062
:10446000150508E0616F0029F9D09DF818300F712B
:104470004E718B710025201DFFF7DCFF2846F8BD2B
:10448000A16FF0E76FF00F05F5E790F87000C0F34B
:10449000800070470246034652F8680F90420BD1E5
:1044A00000207047027A8A42FBD0DA6E8242F7D04F
:1044B00000680028F6D170470028F3D1704738B55E
:1044C00004460D46FFF7AFFF94F87030DB0718D4B1
:1044D0002B690BB9EB68BBB1A36E1BB904F1680380
:1044E000C4E91A332B6893B9E26E04F16801C5E997
:1044F00000121560E5661D46201DFFF79BFF28464C
:1045000038BD4FF0FF35F7E76FF01505F4E76FF0B2
:104510007705F1E710B50446034654F8500FA04262
:104520000DD100200DE0447D8C4204D1032909D136
:10453000047A944205D05C6D8442F2D00068002871
:10454000F1D110BD0F29F5E72DE9F04105460C46E4
:10455000061D4FF0FF324FF0FF333046F2F72AFAD4
:104560006F6F002F6DD095F87030DB0769D42B6D1D
:104570001BB905F15003C5E914332368002B63D13F
:10458000637D0F2B09D1237A012B0CD06B6D05F1C4
:104590005002C4E900231C606C65637D032B0FD0BF
:1045A0004FF0000806E0E1682846FFF788FF8046E4
:1045B0000028EBD03046F2F76FFA4046BDE8F081B4
:1045C0002A6D05F1500090421ED1002329E091F898
:1045D00015C0BCF1030F10D0013323724B68C4E93E
:1045E00000131C604C60637A022B24D0032B25D06F
:1045F000012BD5D1237ABB73D2E791F808C00CF117
:10460000FF3C6345E8D11268002ADED0517D6B6D16
:1046100003290DD19A42137A02D011680029D6D10C
:10462000013323726B6DC4E900031C606C65DAE72B
:104630009342E8D1C9E7237AFB73B1E7237A3B744D
:10464000AEE74FF0FF38B5E76FF07708B2E7034603
:10465000006800B1187A70470346C08808B118781E
:10466000C0097047FFF727BB70B50C461546D2F757
:1046700029FA40B1406883681B6823B12A46214665
:10468000BDE87040184770BDF8B5044686680369F8
:104690000D461746BFF35B8FD3F8A030BFF35B8F97
:1046A0009B070ED5B36A7BB1F36B9847B36A294673
:1046B0003A4620469847336C054620469847284698
:1046C000F8BD4FF0FF35FAE76FF08505F7E770B5F5
:1046D0000446866803690D46BFF35B8FD3F8A030AC
:1046E000BFF35B8F9B070BD5F36B9847736A294623
:1046F00020469847336C054620469847284670BDAB
:104700004FF0FF35FAE770B590F82C3003F01F0337
:10471000012B04460D4600F12C0627D0022B11D0A8
:104720004BB394F82D102046FFF7B4FE0246D0B1EB
:104730003046FFF791FF78BB1369A3B12A68314671
:1047400020461EE0018EC9B2D2F7BCF9024600280D
:10475000E7D03046FFF780FF01465068836899B97B
:104760009B682A6863B96FF0850070BD018EC9B27D
:1047700000F087F8EAE790F82D1000F09BF8E5E7E5
:104780003146BDE870401847DB6813B131469847A1
:1047900003462B600020E8E7D368002BE3D03146C6
:1047A000204698472860F5E710B5044619B900205F
:1047B00084F8340010BDD0F7D3FF0028F7D0F9E714
:1047C000FFF779BA4FF0FF324FF0FF330430F2F7C2
:1047D000F1B8F2F761B921B101290DD000231B68AE
:1047E000FFDE5830006848B143685B79934205D0DA
:1047F00000680028F8D170476030F3E7704710B5C3
:1048000090F83430022B044609D1FFF715FE94F8D6
:104810003C2001462046BDE81040FFF7DCBFD2F740
:1048200023F8002010BD08B5FFF7D5FF003818BFEA
:10483000012008BD4FF0FF324FF0FF330430F2F794
:10484000B9B808B583681B6B0BB1984703460020C5
:1048500023B153F8042B0AB1127802B908BD1044F1
:10486000F6E710B51C46FFF7B6FF48B10122C06855
:1048700002FA04F320B10269134201D10068F9E79A
:1048800010BD10B50C46FFF7BAFF48B10123C06850
:1048900003FA04F120B10369194201D10068F9E774
:1048A00010BDD1F81A0083681B6903B118476FF077
:1048B0008500704738B50C46FFF7A1FF80B1C0688E
:1048C00070B14368DA681AB111790023994201DCAA
:1048D0000068F5E71568ED5CA54201D00133F5E706
:1048E00038BDF8B5CC6806460CB9204622E004F184
:1048F0000C070125E268AAB165F07F03D9B203F085
:104900007F031033DA40D2070ED4E368EB40DB07B5
:1049100005D5B0693A46E9B200F09CF850B90135C6
:10492000102DE7D12468DFE7B0693A4600F092F82D
:104930000028EAD0F8BD2DE9F3475768002497F81E
:10494000058005460E46A1463B79A34203DC0020C4
:1049500002B0BDE8F0875FFA84FA3146534642461A
:104960002846FFF77EFF014650B1CDF80090534630
:1049700001222846D2F734F90028E9D10134E3E7CF
:104980006FF03C00E4E72DE9F74380460D461746FB
:10499000FFF777FF064628B96FF00104204603B001
:1049A000BDE8F0830F2DF7D808EB0509014699F80B
:1049B0003E4000972B4600224046D2F711F90028CE
:1049C000EAD100942B46022231464046D2F708F93C
:1049D00004460028E2D100972B460122314640468A
:1049E000D2F7FEF804460028D8D1706883685B6867
:1049F00013B13A462946984789F83E70CEE711F040
:104A0000800F18BF21F0800102684FF0010318BF2A
:104A100010318B4022EA03030360704737B58B796E
:104A200000938B880C461546CA78897807F0F1FC0C
:104A300070B994F90230A1782A68002BB8BF21F030
:104A400080014FF00103B8BF10318B4013432B603E
:104A500003B030BDF8B506460D46174607F002FD17
:104A6000044658B929463846FFF7C9FF294630465B
:104A7000E7F7F4FA044608B90AF005FB2046F8BD4A
:104A80000A468069802107F0D6BD43689869E7F738
:104A900017BB70B591F918304668002B05460C46D7
:104AA00007DBC4F81A50B0692146BDE8704007F032
:104AB00055BD3046FFF7E9FC0028F2D04FF0FF303B
:104AC00070BD806907F0DCBD0B0648BF21F0800196
:104AD000806B48BF1031C84000F00100704782B0C1
:104AE000C3698DF8001001922BB102AB13E90600E7
:104AF00002B0D2F7B3B902B0704782B0C3698DF883
:104B0000001001922BB102AB13E9060002B0D2F7FC
:104B1000A5B902B07047704703695B68D8687047F1
:104B200043680361037A63B1012B0CBF02230323A3
:104B30004375437A5A1E032A05D8DFE802F00505BB
:104B400005050123F4E700230375837A062B09D0BA
:104B5000072B09D0052B0CBF002303238375837E0D
:104B6000C37570470123F9E70223F7E7036993F858
:104B7000440030B11A6C9388918910695B1A9BB21A
:104B8000C01A7047036993F83C007047036993F8B3
:104B9000442012B993F83C00704701207047036924
:104BA000C3E9081270470229036907D0042907D016
:104BB000012907D11B691360002070471B7EFAE7AB
:104BC0005B7EF8E76FF085007047BFF35B8F00688E
:104BD000BFF35B8F084100F00100704703691B6958
:104BE000BFF35B8F883353E8001F41F0020143E8B5
:104BF0000012002AF7D1BFF35B8F704710B504692C
:104C0000A06BFEF777FC10B1012384F83D3010BD96
:104C100010B50469A06B4289C3889A4202D14FF053
:104C2000FF3010BD0122FEF765FC0028F7D004F12B
:104C30007800F2F7EBF90020F3E738B50469EFF3F9
:104C40001185202383F31288BFF36F8F206CFEF74A
:104C500031FC85F31188BFF36F8F10B1012384F805
:104C6000453038BD38B5034640681B695D68AC689F
:104C7000A37A84F8223094F82D3084F82330A37678
:104C8000696841B1237C33B9FFF75EFC18B96868E5
:104C9000FFF7DDFC2074002038BD38B513464A7894
:104CA000046945682069202A04D0222A16D06FF0B2
:104CB000850012E0CA88072AF9D16BB1DB681A684F
:104CC00042609A8802819B798372FFF729FF22460E
:104CD00008212846FFF711FF002038BDCB88002BA4
:104CE000E5D14B888381C3F3400203F001030276D0
:104CF000437622460921ECE770B54B78212B12D17F
:104D0000CD88036940681E69072D28BF07252946FD
:104D1000FFF7B6FE044620B12A46311D0C30FFF7DE
:104D2000FAFA204670BD0024FBE701238B40DB43E9
:104D3000BFF35B8F50E8002F1A4040E800210029A4
:104D4000F8D1BFF35B8F7047006902218830FFF70D
:104D5000ECBF006903218830FFF7E7BF08B503699E
:104D60001869002101778830FFF7DFFFBDE80840B0
:104D70000121FFF7DABF0369186901218830FFF7C5
:104D8000D4BF2DE9F04750F8483C00F140065B687D
:104D90000546002130461F68FFF717FF00285BD04B
:104DA00001213046FFF711FF8146002854D155F804
:104DB000083C5A89DB889A4203D115F82D3C002B18
:104DC0004AD0BFF35B8F56E8004F44F0200346E81B
:104DD0000032002AF7D1BFF35B8F14F020043BD1DF
:104DE0003B695B689B68402293F836103846FFF7B2
:104DF0004CFE804650B930460521FFF796FF284605
:104E00002122BDE8F0470023F2F770B915F82C3CD9
:104E100033B1428AC16855F8080CFEF76BFB0446B3
:104E2000214608F10C00FFF770FA2CB104F03F04A2
:104E3000B4FA84F94FEA591905F82D9C41463846D1
:104E4000FFF727FE40B14046D0F71CFA3046052157
:104E5000BDE8F047FFF769BFBDE8F08740297FB59F
:104E600034D00DD8102933D006D801296BD00829A9
:104E700030D06FF0150426E02029FAD1042308E091
:104E8000B1F5807F28D0B1F5007F27D08029F0D1FF
:104E9000102304699BB2E18912B30B4342F2A101D2
:104EA0004FF40032E381CDE901120669ADF80C3010
:104EB00043681C6806F1880300211846FFF785FE49
:104EC00088B96FF00C04204604B070BD0823E0E7F9
:104ED0000223DEE70123DCE72023DAE74023D8E7DB
:104EE00021EA0303DAE701211846FFF76EFE0028E6
:104EF000E7D123695B689B680A2293F82610204655
:104F0000FFF7C3FD0546D8B10A2201A90C30FFF70F
:104F100002FA20462946FFF7BCFD044618B1284690
:104F2000D0F7B0F9CFE74FF0FF324FF0FF3306F183
:104F30008C00F1F771FE0B3008BF6FF08B04C2E7F5
:104F40006FF00B04BFE70024BDE7F8B503694768BD
:104F50001C695B689B680D4693F83D30097E0646E8
:104F60002AB3994204D1042104F18800FFF7DDFE41
:104F700033692A7E5B689B6893F836309A4204D185
:104F8000052104F18800FFF7D0FE33692A7E5B68B3
:104F90009B6893F826309A4203D104F18C00F1F714
:104FA00061FE29463846BDE8F840FFF78ABD9942C0
:104FB00014D12A8AE968A06BFEF77CFA28B1236A2B
:104FC0001BB104F12800F2F721F804F18800042154
:104FD000FFF7ABFE04F17800F2F718F833692A7E88
:104FE0005B689B6893F836309A4215D1236A1BB1EF
:104FF00004F12800F2F70AF8052104F18800FFF710
:1050000094FE237FABB9002340F6CD4204F1480063
:10501000F2F76CF80123237733692A7E5B689B687B
:1050200093F826309A42BCD104F18C00F1F7B8FD18
:10503000B7E7236CDA885B899A42EDD0002200231F
:1050400004F14800F2F752F8E6E738B550F8083CAA
:105050000446002B4FD050F8283C5B6800F16005F7
:105060001A6800238382838302212846FFF7ADFD5F
:10507000B8B154E9023110699847637D1BB104F15E
:105080005000F1F7C3FF05212846FFF79EFD98B9B0
:10509000637F6BB10022002304F12000F2F726F8B1
:1050A0000AE003212846FFF790FD0028E1D1E4E75C
:1050B00014F80D3C002BEDD102212846FFF785FDA9
:1050C00038B123695A89DB889A4202D02046F1F729
:1050D0009DFF03212846FFF778FD60B1A269938800
:1050E000918912695B1A9BB29A4204D02046BDE8AE
:1050F0003840F1F78BBF38BD38B550F8783C5B6865
:105100001D6800F11003024600211846FFF75DFDFF
:10511000002836D001211846FFF757FD88BB52F80A
:10512000401C8A8888890969121A92B28A1A3F2A11
:1051300027D9BFF35B8F53E8002F42F0100143E8FB
:1051400000100028F7D1BFF35B8FD30619D42B6969
:105150005B689B68402293F83D102846FFF795FC5A
:10516000044670B1438A402B28BF40234382014646
:105170002846FFF78EFC20B12046BDE83840D0F726
:1051800081B838BD08B5036903F1880202211046D1
:10519000FFF71BFD28B1996B4889C988401A18BFD1
:1051A000012083F83C0003211046FFF70EFD40B1BB
:1051B0001A6C908891891269401A80B2801A18BFBF
:1051C000012083F8440008BD0069BFF35B8F00F144
:1051D000880353E8001F41F0080143E80012002A49
:1051E000F7D1BFF35B8F026C9388918912695B1AC8
:1051F0009BB29A4202D02830F1F708BF704738B509
:105200000469BFF35B8F04F1880555E8003F43F064
:10521000040345E80032002AF7D1BFF35B8FA36B8C
:105220005A89DB889A4203D004F12800F1F7EEFE98
:1052300004212846FFF7C9FC28B904F17800BDE82D
:105240003840F1F7E3BE38BD10B503691C69BFF300
:105250005B8F04F1880050E8002F42F0010240E823
:1052600000210029F7D1BFF35B8F0221FFF7ADFCCE
:1052700010B11846FFF7C3FF236A1BB904F1780089
:10528000F1F7C4FE0123E37604F148000022BDE8F3
:1052900010400023F1F72ABF10B50C4601782278A0
:1052A0008A4288B00ED06946D1F700FF04A9204693
:1052B000D1F7FCFE10220DEB0201684614F021FC30
:1052C00008B010BD012A06D0022A07D072B9408862
:1052D0006388C01AF4E740686368FAE71022611C2B
:1052E000013008B0BDE8104014F00BBC6FF01500A1
:1052F000E6E7042A0AD0102A0DD0022A4FF0000354
:1053000015D103700B88438001207047012303707F
:105310000B684360F8E7022300F8013B01F110033A
:1053200051F8042B40F8042B9942F9D1ECE71846C8
:105330007047012310B50621044600F8013BDFF752
:105340005DFD18B9A37963F03F03A37110BD0B682D
:1053500003608B8883808B798371037823F0020349
:10536000037070470078C0F34000704738B50446BA
:10537000807ACFF7DBFE6169054649B1637ADB07C6
:1053800004D4836A1B6820469B68984700236361A6
:1053900021462846BDE8384009F097BC2DE9F04188
:1053A0000C4601F10C08054600F10C014046174679
:1053B0001E46FEF7A3FF6269E3682F829B1A13FA69
:1053C00087F36B8201236B7239464046FEF7D6FFA6
:1053D000E3687360628A0023E360728163823460F1
:1053E0002846BDE8F08138B5D1E90032DA600B68B3
:1053F0004A895A820C4605460868CFF743FF204683
:105400001022002114F065FB2846BDE83840FFF764
:10541000ADBF438A23B9C068B0FA80F04009704735
:10542000002070470F2806D80D280BD8052814BF78
:10543000022003207047132804D01A2814BF02202A
:105440000120704701207047FEF735BCFEF73CBCD9
:1054500010B50346BFF35B8F53E8000F40EA01022B
:1054600043E80024002CF7D1BFF35B8F10BD00236D
:10547000CEF796BABFF35B8F50E8003F0B4040E891
:105480000032002AF8D1BFF35B8F704710B5D3F715
:1054900083FD6FF4807104461030FFF7EBFF204668
:1054A000BDE8104000F017B9C368DB78012B01D1CB
:1054B000FFF7ECBF7047C368DB78012B01D1FFF722
:1054C000E5BF704738B504460D46D2F713F85F3094
:1054D00005D129462046BDE83840D1F741BF38BD47
:1054E00010B5028843889A4218D8052A16D9B3F510
:1054F000486F13D88488B4F5FA7F0FD2C188A1F120
:105500000A0292B240F67640824207D804FB033387
:10551000B3EB810F34BF0120002010BD0020FCE759
:10552000002070470020704770B506460D464FF0CA
:10553000FF304FF0FF31D2F721FB044668B1032161
:105540000C30FEF7E2FE0680857021460022BDE8A1
:10555000704040F20640D2F769BC6FF0680070BD41
:10556000C368187808B1D2F7A1BA1846D2F706BDB9
:1055700038B54FF0FF3105464FF0FF30D2F7FEFA55
:10558000044668B102210C30FEF7BFFE2B88038071
:1055900021460022BDE8384042F21600D2F746BC50
:1055A0006FF0680038BD70B506460D464FF0FF300D
:1055B0004FF0FF31D2F7E2FA044618B9BDE8704067
:1055C000D1F7C4BE03210C30FEF79FFE0680857024
:1055D000214642F22100BDE87040D2F7D5BB03312D
:1055E00038B5C9B205460E20D3F7ECF903210446BD
:1055F0000C30FEF78AFE01230370A0F8015020460C
:1056000038BD70B505460E460F200421D3F7DAF9F0
:10561000042104460C30FEF778FE01220670427029
:105620004580204670BD08B5072214F06AFAB0FA2A
:1056300080F0400908BDFEF73EBB00280CBF0846BD
:105640000020704718B111B10846D3F7FBB96FF0CD
:105650001500704713B5044680B106216846DFF790
:10566000CDFB48B99DF80530694603F03F0320465D
:105670008DF80530FFF7E6FF02B010BD6FF01500A2
:10568000FAE7003818BF0120704770B5064686B0AB
:105690000D464FF0FF304FF0FF31D2F76FFA04465E
:1056A000B0B10C3095B10121FEF73EFE06F11002BB
:1056B00003A9204600950823D2F74EFA002221467E
:1056C00042F20A00D2F7B2FB06B070BD2946EBE702
:1056D0006FF06800F8E7183009F061BCD0F8B4004A
:1056E000003818BF01207047084689691160C269F7
:1056F0001A60C27A0021183014F0EBB92438D3F7BD
:10570000D9BE036800220BB9184670478B4210D1EE
:105710000B6842B942680360914200D143600023A4
:105720000B600120704713604368994208BF4260D4
:10573000F5E71A461B68E6E7837A072B01D1D3F712
:10574000E5BE704703697BB1BFF35B8F00F11003C7
:10575000002253E8000F43E800210029F9D1BFF3EC
:105760005B8F08B1CFF78EBD704710B500F1C8024E
:10577000BFF35B8FD0F8C830BFF35B8F7BB1BFF353
:105780005B8F591C52E8004F9C4204D142E8001C38
:10579000BCF1000FF6D1BFF35B8FE7D110BD184607
:1057A000FCE710B5837A023B0446062B16D8DFE8E7
:1057B00003F009041515150B09004172002120465C
:1057C000D4F718F8002010BD0088FFF7ADFE0028C0
:1057D000F9D1A37A072BF5D10821F0E76FF07F000C
:1057E000F1E738B5037A8B420446154615D100F12E
:1057F00070010722284614F084F980B1E37807226B
:1058000043B904F17E01284614F07BF9B0FA80F028
:10581000400938BD04F17701F5E70020F9E70120E0
:10582000F7E7F8B507460D464FF0FF304FF0FF3170
:10583000D2F7A4F90646D0B10E210C30FEF765FD73
:105840000E220446002114F044F93B8823802B8863
:1058500063806B88A380AB88E380EB88238131462B
:105860000022BDE8F84042F21300D2F7DFBA6FF031
:105870006800F8BD704710B50446F2F7DBF8234620
:1058800053F84C2BD2F8B41061B9E164D2F8B810D7
:1058900061B9C2E92D33F2F7E1F82068BDE81040A4
:1058A000D3F77EBF8B42F6D00968EDE70B60C2F8F4
:1058B000B830F0E703682BB141681A6802608B4288
:1058C00008BF4260704770472DE9F843446B2CB124
:1058D00054F8085905B1083D00270CB9BDE8F88314
:1058E000D4E900682EB3F2F7A5F8D6F8B43004F185
:1058F0004C01002263B1994233D1E36C4ABBD6F824
:10590000B820C6F8B430914201D1C6F8B830E76487
:10591000F2F7A4F804F13009002200234846F1F719
:105920000BF9064600BBD8F804300BB12046984767
:105930002760E3680BB120469847D8F820300BB1B8
:1059400020469847DDB1AB6803B1083B2C461D46A5
:10595000C3E71360D6F8B830994208BFC6F8B8203C
:10596000D5E71A461B68C5E7B36923B1F16920681A
:105970006FF06D0298473046CFF784FCCCE72B469A
:10598000E4E7F8B50F4600210546164600234FF41C
:1059900080320846D4F7C2FC044620B92846D4F722
:1059A00089FC2046F8BD04210C30FEF7AEFC0570E2
:1059B00047704680F5E7406B30B1838B8B42A0F196
:1059C000080001D08068F7E7704710B54AB989B27E
:1059D000FFF7F1FF28B143689B6913B1BDE81040A0
:1059E000184710BD38B50D460521FFF7E4FF002329
:1059F0001A462946D4F7ACFC044610B12846CFF726
:105A000041FC204638BD406B30B183898B42A0F108
:105A1000080001D08068F7E77047704703460068C8
:105A200028B1596802681A60884208BF5A607047F6
:105A30000346002003B970471A8A5B681044F9E7EF
:105A400010B5D4682378023113B92170012010BD3C
:105A50008B42FBD0038A023B038200201061F6E7F1
:105A6000FEF729B973B51446014605464FF4957201
:105A7000206800F0CAFD207530B92068294600F082
:105A80005FFE20B908232375002002B070BD237A81
:105A9000B3B1A3F11802534253419B000193638AAF
:105AA0000093AE68238AE26820682946B047002840
:105AB00008DB238A98420CD1002323750120E4E7F8
:105AC0000223EBE710F1FF0F03D34042C0B2207571
:105AD000DAE70E20FBE738B504460D46D4F72EFE74
:105AE00030B1294604F16000BDE8384009F0DAB869
:105AF00038BDF8B59368166805460F46144663B975
:105B0000506801210C30FEF700FCA0602B681B7868
:105B1000002B14BF022301230370A3681B78012B01
:105B200003D0022B1FD000201CE02B681B78002B19
:105B3000F9D1606804210C30FEF7E7FBE0600780D4
:105B40002A68E36852885A806168728D738B088A6C
:105B50009A4294BFC0EB0200C0EB0300042894BF3C
:105B600000200120F8BD2B681B78022BDBD1606878
:105B700012210C30FEF7C9FBE06007802B68E26859
:105B8000591C0232113351F8040B42F8040B9942AC
:105B9000F9D16168728D738B088A9A4294BFC0EB09
:105BA0000200C0EB03001228D9E770B40668B26A9D
:105BB0005AB3144654F8B03903B1B03B0022114631
:105BC0007CB9438D408B8B4201D890421FD98242D1
:105BD00038BF02469942306838BF194670BCD6F7C4
:105BE00041BD844207D0658D648BA94238BF2946E8
:105BF000A24238BF224633B1D3F8B05005B1B03D10
:105C00001C462B46DCE71D46FAE71146D9E770BC77
:105C10007047D0680378043113B9017001207047D0
:105C20008B42FBD091680B8A0020043B0B821061F1
:105C300070471FB5CDE90123002300931A46D6F71C
:105C4000B3F805B05DF804FB2DE9F041044688681F
:105C5000FFF7EEFE638D628B934228BF13468342AB
:105C60000D4626D3E16501F108030027BFF35B8FE2
:105C700053E8008F43E80072002AF9D1BFF35B8F2D
:105C8000F1F7D8FE41462046D4F758FD064638B114
:105C9000C5F80880E765F1F7E1FE3046BDE8F08120
:105CA000618D638B994228BF1946284600F045FD57
:105CB000F1E76FF07906F0E70368002203B9704757
:105CC0008B420FD10B683AB942680360914200D110
:105CD000436000230B60704713604368994208BF1C
:105CE0004260F6E71A461B68E8E7BFF35B8F50E8AF
:105CF000003F43F0080240E800210029F7D1BFF33C
:105D00005B8FC3F3C00070472DE9F0410646904613
:105D10001F460D46B9B104220121D4F7F1FD044616
:105D200018B9BDE8F041D4F7C1BD04210C30FEF72D
:105D3000ECFA0570A0F80180C77021463046BDE836
:105D4000F041FFF7C8BEBDE8F08137B50C46054607
:105D500001F10C00FEF72AFB228A0192E268009210
:105D60000346132212212846D4F722FE03B030BD89
:105D700037B50C46054601F10C00FEF717FB228AE9
:105D80000192E26800920022034611462846D4F7A9
:105D90000FFE03B030BD70B504460E46002200234E
:105DA0000846F0F7C9FE054658B101462046D4F72B
:105DB000C5FC044618B12946304608F086FF204647
:105DC00070BD6FF00104FAE707B5CA6813885288FE
:105DD00000920C210D22D4F7F1FF03B05DF804FB13
:105DE00007B5CB6800221B8800920A210B22D4F74A
:105DF000E5FF03B05DF804FB2DE9F041CB681F8897
:105E0000BBB2162B05461BD90321D4F79BFE0646D1
:105E1000C0B102210C30FEF778FA00244FF01708C9
:105E200080F80080447031462846FFF754FE28462B
:105E3000A5F81A806F85FFF7B8FE2046BDE8F0810F
:105E40000420FBE70E20F9E72DE9F04F064685B068
:105E5000104690469946FFF7EBFD738B728D934287
:105E600028BF134683428B4675D973680393404617
:105E7000FEF711FA4FF0000A04464046FFF7D8FD3E
:105E8000E168228A658A6369778BCB1AAD1AED1AAD
:105E9000738D9F4294BFC0EB0700C0EB03008542A7
:105EA00028BF054625BB98F80A00CFF73FF9002226
:105EB0000023FEF7BAF9044608B9574627E0014621
:105EC0004046FEF7F9F94046FFF7B2FDE168228A45
:105ED000658A6369778DCB1AAD1AED1A738B9F4271
:105EE00094BFC0EB0700C0EB0300854228BF054606
:105EF000CDF80090DBF8047003980A44ABB2594621
:105F0000B847071E07DABAF1000F18BF57463846E0
:105F100005B0BDE8F08F0E9BABB9394604F10C001B
:105F2000FEF7F3F94046FFF783FD738D728B9342C2
:105F300028BF1346B9448342BA441FFA89F9BCD931
:105F4000AF429AD0B9E70F9A0E9B39462046984740
:105F50000028E2D1B1E70027D9E72DE9F34117681E
:105F6000D7F8048000231446137301460646952291
:105F7000404600F04AFB0546207330B931464046A2
:105F800000F0DCFB28B908232373002002B0BDE831
:105F9000F081A068798D7A8B038A914294BFC3EB1C
:105FA0000103C3EB0203012BEFDD02210C30FEF7EE
:105FB000ACF9CDE900558046A388A2683146384641
:105FC000FFF742FF031E06DA13F1FF0F26BF5B4205
:105FD000DBB20E23D8E7A8F800300120D6E72DE980
:105FE000F3411768D7F80480002314461373014661
:105FF00006469522404600F008FB0546207330B95E
:106000003146404600F09AFB28B90823237300204C
:1060100002B0BDE8F081CDE900553146A388A26801
:106020003846FFF711FF002807DA10F1FF0F26BFEF
:106030004042C0B20E202073E9E70120E8E7F8B53E
:106040000546071F00F1540350F8044CBFF35B8F63
:1060500053E8001F21F0040143E80012002AF7D1A1
:10606000BFF35B8FFCB1AB6D83B9636873B1201D67
:10607000FFF7D4FC064601463846FFF7E5FD90B130
:1060800063683360A368666003B9A66005F15C01CC
:106090003846FFF780FE30B104F10C013846BDE808
:1060A000F840FFF778BEF8BD2DE9F041846A074655
:1060B00044B154F8B06906B1B03E0022154607F16C
:1060C00004080CB9BDE8F081E36D9BB905B98AB944
:1060D0004046FFF7A3FC054658B101462046FFF7AE
:1060E000B3FD0028EED07B682B60BB687D6003B9F0
:1060F000BD60224636B1D6F8B03003B1B03B34466D
:106100001E46DEE73346FAE738B50546BFF35B8F38
:106110000B68BFF35B8FDB0716D550F8040C98B102
:10612000AB6D8BB90430FFF779FC044660B10146D2
:10613000281FFFF789FD38B155F8043C5A682260E2
:106140009A685C6002B99C6038BDD5F7C1BD08B5DE
:1061500000230A8AC968D5F709FB002008BD70B57D
:106160000D46D5F791F9044628B92846CFF78AF8A5
:106170006FF07F0070BD00F10C062946304608F034
:1061800091FDA46AC4B154F8B05905B1B03D0022E4
:10619000104607E022467DB1D5F8B03003B1B03BE0
:1061A0002C461D46831C01D1002AF4D131462046DD
:1061B000FFF7F1FD0028EDD10020DBE738B50546FB
:1061C0000C46F1F737FC2846D5F75EF920B9F1F710
:1061D00045FC6FF07F0038BD0023236083683BB926
:1061E000C0E90144FFF760FFF1F738FC0020F2E757
:1061F0001C608460F6E70120704708B5D5F744F9C4
:1062000098B1836A8BB1BFF35B8FB03B03F1580247
:1062100052E8000F20F0080042E800010029F7D101
:10622000BFF35B8FD3F8B030ECE708BD08B50421AD
:10623000FFF7E9FB30B1BFF35B8F406DBFF35B8FBE
:10624000C0F3C00008BD10600020704710B5029C6C
:10625000A36833B1B1F5807F28BF0E21CAB22146B1
:106260009847A37DE268013BDBB2A37522B11BB95D
:106270002046BDE81040104710BD106091800020FE
:106280007047BFF35B8F0068BFF35B8F704708B543
:10629000072213F036FCB0FA80F0400908BD10B5B3
:1062A0000346BFF35B8F53E8000F40EA010243E867
:1062B0000024002CF7D1BFF35B8F10BD0B68036087
:1062C0008B8883808B798371704770B50D46064645
:1062D00011F8010BD3F734FE044610B12C89D3F723
:1062E00033FA6B89A34207D0EB686C8123B1214656
:1062F0003046BDE87040184770BD38B5BDF8104055
:10630000A24215460CD84CB16BB1A41A8C42A8BF5E
:106310000C46A4B22246591913F0B4FB204638BDEE
:106320006FF00604FAE76FF00D04F7E730B585B0BB
:10633000C96814461D46D5F737FB00B10089ADF892
:106340000E0002230093BDF820200DF10E03294614
:106350002046FFF7D2FF05B030BD1FB50C461946E9
:10636000E3681C781046BDF818203CB110240133B6
:10637000069404B0BDE81040FFF7BFBF5B88ADF8DE
:106380000E30022300930DF10E03FFF7B6FF04B0A9
:1063900010BD30B585B01D46002314468DF80C3075
:1063A000D5F7D8FA10B1037A8DF80C300123009399
:1063B000BDF8202003AB29462046FFF79EFF05B01D
:1063C00030BD08B5D5F7DEFA18B10023036043608D
:1063D000836008BD70B500F1700605463146007A4D
:1063E000FFF7A0F804463146287A1CB1BDE870409A
:1063F000FFF7E7BFD5F7C6FA10B1046044608460C8
:1064000070BD022A10B508D1002300F170011A46B0
:10641000007AD5F7F3FA022010BDFFF7DBFFFAE7A9
:10642000F0B507683D7889B006461446E5B97B8823
:10643000B3F5245F04D011D8A3F52053032B13D850
:10644000ADF80A1002220DF10A012046D5F758FBDB
:1064500070B16FF01503C4F8C43006E003F556437D
:10646000FF339BB2042B20D90125284609B0F0BD8B
:106470007B88ADF80A3002220DF10A012046D5F7DB
:106480003FFB0028E5D1009003AA7768132331462B
:10649000B847021E02DAC4F8C420E6E703A9204682
:1064A000D5F72EFB0028DFD0D3E7ADF80A10022283
:1064B0000DF10A012046D5F723FB0028C9D17B88BE
:1064C000ADF80A3002220DF10A01E8E701210C3093
:1064D000FFF7E5BE38B504461546FFF78CFE40B120
:1064E0002046D5F737FA20B1037ADB0701D5FFF74D
:1064F000EDFF35B9207A04F17001D5F743FA00B108
:10650000856038BD38B5BDF81010BDF81840059D40
:10651000A14210460CD84CB16DB1641A9C42A8BF80
:106520001C46A4B22246294413F0ACFA204638BDDA
:106530006FF00604FAE76FF00D04F7E713B50446B1
:1065400010B9002002B010BD00238DF8043000689F
:1065500042F6030301A9ADF80630FEF79DFE0028C0
:10656000EFD1E36898880028ECD12046D5F7ECFB02
:10657000013080B2E6E770B5CC6888B008461E46A8
:10658000A3798DF80C301546FFF7D8FFADF80D0054
:10659000246823786BB96388ADF80F300523009326
:1065A000BDF8302003AB31462846FFF7A6FE08B001
:1065B00070BD631C0DF10F02113453F8041B42F837
:1065C000041BA342F9D11323E9E71FB5CDE9012349
:1065D000002300931A46D5F7E7FB05B05DF804FBEE
:1065E00013B5002304468DF80430006842F6030317
:1065F00001A9ADF80630FEF74FFE18B92046D5F7D1
:10660000EBFC0446204602B010BD4B8A12F0010F8D
:10661000C3F30E0304D013F0950F10D0486870B187
:1066200012F0020F04D013F4957F0AD0896841B1AB
:10663000134013F4DE7F14BF0520002070470220B2
:10664000704703207047F8B50F4651684B8A03F036
:1066500094030646144613BB0122D5F7CFFC08B3BA
:10666000A2891B2102323046D5F708F80546E0B171
:10667000A1890C300231FDF748FE20F8027BA28987
:10668000A16813F0FFF9D4E9041228460123D5F7D5
:106690004FF929463046BDE8F840FFF760BD4FF09E
:1066A000FF30F8BD6FF01500FBE76FF00B00F8E767
:1066B0002DE9F04105468846D5F74CF9044608B364
:1066C000037ADA071ED500F10C063046FFF7D9FD34
:1066D00010F0010716D1B8F1000F14D0BFF35B8F93
:1066E00056E8003F23F0020246E800210029F7D1D6
:1066F000BFF35B8F9B07284608D5FFF77EFD20463A
:10670000FFF7E4FE01273846BDE8F081FFF773FD8F
:106710000028F8D02846FFF789FD0028F3D0BFF302
:106720005B8F56E8003F23F0020346E80032002A60
:10673000F7D1BFF35B8F2846DFE770470120704732
:106740000120704713B5C068144668B100238DF866
:10675000043001A94FF4C053ADF80630FEF79CFD9C
:1067600010B9236801332360012002B010BD00215D
:10677000F8B54FF0FF324FF0FF3305460846D3F728
:10678000CDFD00F10C07044601213846FDF7BDFDA3
:106790000526067001213846FDF7B7FD0023067077
:1067A0001A4621462846D3F7D3FD10B12046CEF72E
:1067B00069FD0020F8BD6FF085007047002070472C
:1067C000F0F7F8B8F0F768B9CEF74EBE08B5E3F7C2
:1067D0008FF8B0FA80F0400908BD013801288CBF5D
:1067E00000200120704738B503461446084601B121
:1067F0000AB9002038BD1A8F012A0CD0022A0CD108
:1068000018252268AA4228BF2A4603F1380113F04E
:1068100039F92560EDE70825F3E76FF08500E9E732
:10682000F0F7A2BCF8B5B0F8B4600446C6F3410670
:1068300000F18007002200233846F0F77DF9054675
:1068400040B9384608F0FBF904F19C00BDE8F84077
:10685000FFF7E6BF032E05D1FFF7E4FF2846E3F775
:106860001FFBE7E702F0EFFEE4E72DE9F04F824679
:1068700089B016460F4621B142BBB0464FF0FF34F7
:1068800003E0002AF9D08846346803F0020300933D
:106890000AF18005284608F04AFA4FF000090590F1
:1068A000CDF80490ACB9B8F1000F05D03460B8F160
:1068B000000F01D0009B2BB1284608F038FA059B49
:1068C000834264D1019809B0BDE8F08F4FF0010810
:1068D000DAE7284608F02BFA0028E4D04845E2D051
:1068E000B9F1000F08BF8146069003F04DF8019BF7
:1068F0000290A042024628BF224613440193A4EB13
:10690000020BB8F1000F18D02AB30099069B19B1F9
:10691000D96804911969039139680792184606935A
:1069200002F0C5FF3968079A009B11443960ABB18A
:10693000069B049ADA60039A1A61BBF1000F24D017
:10694000002200232846F0F7F7F80146284608F011
:10695000A9F95C46BDE7009B002BF1D1029B9C424C
:1069600001D25C469EE7002200232846F0F7E4F8B7
:1069700090F83B309B0742BFDAF8783043F00103D0
:10698000CAF8783002F05FFEEBE75C468BE7002246
:1069900000232846F0F7D0F80146284608F082F98F
:1069A00085E770B5836F049EDB0704460D4604D56A
:1069B000BDE87040084602F046BED0F8A40028B1F9
:1069C0004FF0FF324FF0FF33EFF7F4FF002E05DA00
:1069D000A36F764243F00403E667A36704F18006E1
:1069E000E5B9304608F0B5F988B9A36F43F0010363
:1069F000A367304608F023F904F19C00FFF710FF6D
:106A0000D4F8A400A8B1BDE87040F0F745B890F8FC
:106A10003B3043F0020380F83B30EDE795F83B3024
:106A200023F0020385F83B302946304608F03AF956
:106A3000E2E770BD002910B504460EDA836F4942C3
:106A400043F00403C1678367803008F0F8F804F16D
:106A50009C00BDE81040FFF7E3BE10BDE0F760BF4B
:106A6000E0F78CBFE0F7BEBFE0F7E4BFE1F754B852
:106A7000E1F77CB807B50023CDE90033E1F776F8FC
:106A800003B05DF804FB2DE9F0474FF0FF338CB005
:106A900015464FF0FF32CDE90A230A236A06044661
:106AA0000E46099303D4836F13F0020339D00022FA
:106AB0000023CDE90A2306A808F038FCDDE90A2303
:106AC00006A8DDE9068908F031FCDDE90623CDE9F9
:106AD000042300270DF1240ADDE90A230297CDE9FA
:106AE0000023314600232A46204602F056FB0028A8
:106AF0001FDADDE90A230146CDE90023CDF808A01D
:106B00004B4642462046E0F76FFD431C11D0DDE9BD
:106B1000042306A808F02FFCDDE90623CDE90A23AB
:106B2000DAE70AAA0521E3F76DFB4FF4A022002360
:106B3000C1E70CB0BDE8F087FFF7A5BF10B5D0F8EE
:106B4000A42004460B469AB1D0F880200AB1002058
:106B500010BDD3E90023D0F8A4109C30F0F76AFBF5
:106B60000028F5DBA36F5B07F1D5E06F4042EFE74C
:106B70006FF01500ECE7E1F77DB8E1F707BB07B56B
:106B80000023CDE90033E1F701FB03B05DF804FB1E
:106B9000E1F72ABBE1F764BBE1F704BCE1F7D6BC3F
:106BA000E1F720BD0320704738B5430705460C4682
:106BB0000AD5EEF7DDFC0AF0C3FD0346023B022BCB
:106BC000206817D801F0CBFCA80702D5204600F0BA
:106BD0001BF9E90702D52046E1F77EFDAA0402D59C
:106BE000204600F040F9EB0407D52046BDE83840C8
:106BF00000F0DAB801F09EFCE6E738BD09B9EEF71F
:106C0000BBBD0020704738B50D46044608B1036887
:106C10009C68204600F0ADF8854204D1204600F083
:106C2000B4F8012038BD2846EEF7DCFF003818BF65
:106C300001204000F6E738B58B680C46002543B9C3
:106C40002046EEF7DBFF10B1204602F0FCFC2846A0
:106C500038BD1A8A5B681544F1E74A09012301F03F
:106C60001F018B4000EB8200BFF35B8F50E8002FC9
:106C70001A4340E800210029F8D1BFF35B8F704729
:106C80002DE9F7430E460C6880460AF0DBFC002233
:106C90000023CDE90023002301461A462046E3F7EE
:106CA00059FC0546C0B184684FF00009218A638A07
:106CB000E2685B1A6169511A5B1A9BB24946404609
:106CC0000AF0C9FC074668B948F2DD632B87337ABE
:106CD000E3B1284602F0B7FC404603B0BDE8F043FC
:106CE0000AF0AEBC014604F10C00FDF70EFBE268B1
:106CF0006169638A521A9B1A228A4F4493421FFA8F
:106D000087F9D3D16468002CD0D1DDE7294630461D
:106D100000F00CF80028DCD13068294600F02EF98C
:106D20000028D9DA304600F018F8D2E710B5037A17
:106D300082887BB9531C9BB2C4880A2B08BF0023EE
:106D40009C4200EB820204BF01240472D160838064
:106D5000002010BD6FF00B00FBE783883BB1013BC7
:106D60009BB28380037A0BB100230372704709231F
:106D7000F7E7C2888388934201D1037A1BB100EB05
:106D80008200C068704718467047C38882889A425C
:106D900001D1027A3AB101339BB20A2B08BF00231A
:106DA000C38000230372704738B50546EEF7E0FB59
:106DB0000AF0DDFB044604B938BD2946204600F040
:106DC0009CFDF8B92146286800F046FD0146C8B18F
:106DD000037F9B0716D42378FF2B10D1637803F031
:106DE0000F03012B0ED0022B09D163883BB96368D6
:106DF0002BB9A3681BB9E368B3F1807F02D0286880
:106E000000F08FFD2469D6E72DE9F341074601A97B
:106E10000068E1F7E1FD002819DB0026019D05EB84
:106E200086134FEA861893F83D309B070CD5EEF792
:106E30009FFB0AF097FB08F10408044645444CB94F
:106E40003868294600F06DFF0136062EE6D102B003
:106E5000BDE8F08110222946204612F052FE00289B
:106E6000F2D06469EBE7F7B5074601A90068E1F7DE
:106E7000B3FD002818DB0026019C04EB461393F8B1
:106E80009C31DB070DD5EEF773FB0AF070FB04EBCA
:106E90004614054604F5C27445B93868214600F029
:106EA0002BFC0136082EE7D103B0F0BD102221469D
:106EB000284612F026FE0028F3D02D69ECE708B52D
:106EC00002F058FEE3F75AFE03F098FCE3F738FEB1
:106ED000E4F780FDE3F764FBE2F70EFCE2F7C8FCA1
:106EE000002008BD40B10368BFF35B8FD868BFF3D3
:106EF0005B8F084100F00100704710B5044690F820
:106F00005000E3F745FB2146C0B2E3F735FB20B163
:106F10002046BDE8104002F096BB10BD10B5836856
:106F2000044693B190F83C309B0713D594F83C305D
:106F300043F0020384F83C30204602F047FC94F80A
:106F40003B30C3F3C203032B0DD92046BDE81040EC
:106F500002F079BB0146806900F08FFF0128E5D07F
:106F60000028F2D110BDA368DB681B7803F0F003A2
:106F7000602BEAD1204603F094F9F1E738B50546D5
:106F80000C4601B3F8B18B6803B3DA68F2B11B8A1F
:106F9000E3B10021FFF7A6FFD8B194F83B3043F0EE
:106FA000010384F83B30204602F010FCC4E906558A
:106FB0002B681B7C84F82430204684F82E30FFF7A1
:106FC0009CFF002038BD6FF01500FBE76FF03C0020
:106FD000F8E76FF07200F5E7F0B5174685B01E468A
:106FE0000446002800F0EF808368002B00F0EB805F
:106FF0008269002A00F0EA8000211046FFF772FF44
:1070000018B96FF0720005B0F0BD08211046FFF707
:1070100069FF0028F5D0204602F0BEFB204602F0B2
:10702000D5FB94F83B30C3F3C203022B40F09680AB
:10703000228F48F2DD639A4240F09080A368DD68B9
:10704000EB7923B9204602F0FEFA0020DBE7E2F7F5
:1070500029FD1022014605F1180012F052FD10B969
:107060006FF07C00CFE7A368D9688B6901F1180045
:10707000002B5AD1CB69002B57D10B6A002B54D16E
:107080004B6AB3F1807F50D194F83B305B0751D409
:10709000A368DA6802F108052B466F4602F1180C66
:1070A000186859683E4603C6083363453746F7D12A
:1070B000283253F8041B45F8041B9342F9D1A36806
:1070C000DB686A461833154603CD596004A98D4222
:1070D00018602A4603F10803F5D148F2DD632387DF
:1070E000A36904F12400002B6BD01A6810321168D8
:1070F0006162516841601289028104F12E010BB175
:107100001B6810331A68C4F82E205A684A601B891D
:107110000B8194F83C3023F00A0343F00A0384F80F
:107120003C302046FFF7E9FE8FE70021E1F772FDD2
:107130000028A9D1A368D9680B7EFF2B04D14B7E10
:1071400003F00F03012BE4D08B683BB9CB682BB95C
:107150000B691BB94B69B3F1807F81D0626922B39F
:1071600094F83B30C3F3C203022B1ED1A368DB6843
:107170001B7EFF2B19D192F8AF30B3B10022002350
:10718000204602F09AFC054678B1A069A86128B1B2
:1071900003681B7C85F8243085F82E302946FFF7DC
:1071A000EDFE10B1284602F04EFAA0693A46334689
:1071B000214600F07BFE02287FF447AF6FF0040009
:1071C00021E71A4693E76FF03C001CE76FF01500CB
:1071D00019E700230B60436813B9C0E90011704739
:1071E000196041607047036800220BB91846704768
:1071F0008B4210D10B6842B942680360914200D1C2
:10720000436000230B60012070471360436899427C
:1072100008BF4260F5E71A461B68E6E708B1036855
:107220005868704710B4846D1CB12346426810BC86
:10723000184710BC704710B50246FFF7EFFF28B1A2
:10724000C3681BB1BDE8104010461847002010BDB0
:10725000802AF8B507460E46144617D8D5082A46A0
:1072600012F04FFC90B9644214F0070410D0735D23
:10727000785DC4F108025840FF239340DB43DBB242
:10728000A3401840B0FA80F04009F8BD0020FCE7A8
:107290000120FAE708B5102212F033FCB0FA80F0B2
:1072A000400908BD4A09012301F01F018B40DB435F
:1072B00000EB8200BFF35B8F50E8002F1A4040E8DC
:1072C00000210029F8D1BFF35B8F7047EFF772BB45
:1072D0004FF0FF324FF0FF331430FFF7F7BF78B1B4
:1072E0000368BFF35B8F012202FA01F10C3353E80C
:1072F000000F084343E80002002AF8D1BFF35B8F78
:10730000704740B10368BFF35B8FD868BFF35B8FF2
:10731000084100F00100704708B5024648B100215D
:10732000FFF7EFFF28B1BDE8084008211046FFF73E
:10733000E8BF002008BDEFF7AFBB2DE9F04F89B0E3
:107340008946019006921E46FFF7E6FF0446002894
:1073500000F092800198FFF7BBFF019B5B68002B58
:1073600000F0B080129A002402F001021D1D4FF0BF
:10737000FF3E0094A246A34627460294079203EBE1
:10738000871292F83D2092075ED535F8042C022A28
:107390005AD1A84648F2FE0138F804298A4253D04F
:1073A00095F925C00CF1FF32D2B2012A4CD809F16F
:1073B000FF3204926A1E05920022049810F8011F01
:1073C000CDE90310059810F8011F05900398884235
:1073D00056D10832D2B2802AEFD106998A4228BF0C
:1073E0000A46BCF1020F02D1BEF1010F2CD0317858
:1073F000914205D9BCF1010F26D1BEF1020F23D174
:1074000003EB871191F83D1048070BD53F2A09D8A7
:1074100099F80010FF2917D199F8011001F00F0118
:10742000032911D10799A1BB03EB87112C4691F8D1
:107430003D103270C1F3C001002908BF9246009A86
:1074400008BF42460092E6460137062F05F1400587
:1074500095D1129B990721D5009B4BB11D46043550
:1074600021462846FFF716FF10B986F800A02C46E3
:1074700001981430FFF75FFF204609B0BDE8F08F98
:10748000084603994140B1FA81F118391144CAB252
:10749000A3E732700292AB462C46D4E7129BDA0780
:1074A0000CD5BBF1000FE3D021465846FFF7F2FEA2
:1074B0000028DDD1029B33705C46D9E7129BDB05C7
:1074C000D6D5C9E71C46D3E7BFF35B8F50E8003F32
:1074D000013340E80032002AF8D1BFF35B8F7047D8
:1074E00010B501F01F0201234909934000EB810010
:1074F000BFF35B8F50E8002F42EA030140E800141D
:10750000002CF7D1BFF35B8F03EA0200003818BFED
:10751000012010BD30B501F01F020123934049093D
:10752000DC4300EB8100BFF35B8F50E8002F02EAE1
:10753000040140E80015002DF7D1BFF35B8F03EA8B
:107540000200003818BF012030BD08B507F0ECFE7E
:107550004FF47A72A0FB020302FB0133C00B40EA36
:10756000434008BD2DE9F04F8BB00C4680461746CE
:107570000193FFF7ADFE022C02D1D8F804500DB9EB
:10758000002557E040F2FF2302930024ADF80C40A1
:10759000ADF80E40ADF81040797BF87B8DF81510F2
:1075A000B97B4FF48073FF2241EA0021ADF812301D
:1075B0008DF81420ADF816104FF0FF392E1DA2469D
:1075C000A34605EB841191F83D10890724D540F2BC
:1075D000FF210691ADF81CB0ADF81EB0ADF820B09B
:1075E000717BF07B8DF82510B17BADF8223041EA3C
:1075F00000218DF82420ADF8261006A902A8FFF777
:1076000049FE394682443046FFF744FE4FF480730A
:10761000002818BFA146FF220134062C06F14006BF
:10762000CFD1B9F1FF3FABD0019B0BB1C3F800A0A4
:1076300005EB891508F11400FFF77DFE28460BB015
:10764000BDE8F08F2DE9F04104460D4616469846F8
:10765000FFF73EFE08212046FFF753FEC8B98E42D1
:107660001AD8CCB1276807F112006DB9C7F81250CB
:10767000456087F810807E74002504F11400FFF740
:107680005AFE2846BDE8F0813246294612F0FAF942
:10769000EFE74FF0FF35F0E76FF01505EDE7E1F7A5
:1076A000B9BA2DE9F84305468846FFF711FE6C6824
:1076B00094B1271D002604EB861999F83D309B07ED
:1076C00011D537F8043C022B0DD1802239464046B3
:1076D000FFF7BEFD38B14C4605F11400FFF72BFE55
:1076E0002046BDE8F8830136062E07F14007E2D1B7
:1076F0000024F1E7FFF7D5BF2DE9F84F0E46054608
:1077000000284AD000294AD0FFF7E2FDD5F80480CE
:10771000B8F1000F07D1002405F11400FFF70BFEAC
:107720002046BDE8F88F08F5C27A002708EB47131A
:1077300003F5CC7B93F89C31DB074FEA471926D53C
:1077400031465046FFF7A6FD044600B309F5CA735B
:1077500008EB0302BFF35B8F58F80330BFF35B8F76
:10776000002BD9DDBFF35B8F52E8001F013942E8DF
:107770000013002BF8D1BFF35B8F0029CBDCCBD1FA
:107780009BF8043061F300038BF80430C4E7013741
:10779000082F0AF1200AC9D1BDE70446C0E70C460C
:1077A000BEE77FB543680190EBB140F2FF23ADF82F
:1077B00008300023ADF80A30ADF80C30ADF80E30CB
:1077C000ADF81030ADF81230ADF814304FF48073CE
:1077D000ADF8163001A902A8E1F78EFA18B90198A0
:1077E00002A903F016FF07B05DF804FB70B586B080
:1077F00006460D46FFF71FFDC30704462AD530464F
:10780000FFF7CFFF14F0020424D1736801960BB385
:1078100040F2FF230293ADF80C40ADF80E40ADF8F6
:1078200010404FF48073ADF81230FF238DF8143000
:107830006B7BEA7B8DF81530AB7B43EA0223ADF816
:10784000163001A902A8E1F757FA18B9019802A960
:1078500003F0DFFE06B070BD30B585B00D46019077
:10786000044668B1002946D0FFF732FD03A920463F
:10787000E1F7B2F838B1002401981430FFF75BFD4E
:10788000204605B030BD2B78FF2BF4D101A9284646
:10789000E1F732FA044618B11430FFF715FEEBE7B2
:1078A000039901EB4410620190F89C31DB0703D58A
:1078B0000134082CF5D1DEE790F89C3123F0030366
:1078C00043F0010301EB441480F89C310223A4F837
:1078D00080310123C0F8943102F5C2730B4405F1E5
:1078E000100055F8044B43F8044B8542F9D102F5DA
:1078F000C0728C18C0E70C46C2E7E1F7FDB938B595
:107900000C46054660B159B1FFF7E2FC237F23F036
:107910000203237705F11400BDE83840FFF70BBDE3
:1079200038BD38B50C46054660B159B1FFF7D0FCFB
:10793000237F43F00203237705F11400BDE83840AC
:10794000FFF7F9BC38BD70B505460E46FFF7C0FC21
:107950006C68E4B1231D002248F2FE0104EB8210A2
:1079600090F83D0080070CD5701C03D093F92500DA
:10797000B04206D133F8040C022802D1188888429C
:107980000BD00132062A03F14003E7D1002405F1B0
:107990001400FFF7D0FC204670BD1C46F7E72DE928
:1079A000F043074687B00D4691469846FFF790FC96
:1079B00001A93846E1F710F80646002878D17C681E
:1079C0003CB394F8A5329B0709D504F524712846E9
:1079D000FFF760FC18B194F8A4324B450ED094F830
:1079E000CD329E0715D504F52E712846FFF752FCBF
:1079F00078B194F8CC324B450BD1282606F5207689
:107A0000344407F11400FFF796FC204607B0BDE8A8
:107A1000F083019C002CF4D094F8A5329807C3F3AE
:107A2000400604D594F8CD32990741D40126282286
:107A300002FB0642734292F8A51282F8A49203F068
:107A4000280303F5207341F002010DF1080C82F8C0
:107A5000A512C2F8A07205F110092A462344654612
:107A600010685168E646AEE8030008324A45F4461D
:107A7000F6D103F1100C2A4603CACCF8041006A96B
:107A80008A42CCF8000015460CF1080CF3D12822EC
:107A900002FB064608F10102D2F1000848EB020899
:107AA00096F8A52268F3000286F8A5221C46A8E7EE
:107AB0000024A6E72DE9F0410F46054618B9E0F786
:107AC0004FFF054678B32846FFF702FC6E682EB3D9
:107AD00096F8A5329A07C3F340040AD596F8A42273
:107AE000394606F52470FFF7B3FB044608B106F5E6
:107AF000207496F8CD329B070FD596F8CC82394684
:107B0000424606F52E70FFF7A3FB30B11CB194F886
:107B10002430434501D206F52A74264605F11400A7
:107B2000FFF709FC35462846BDE8F081F8B5054663
:107B30000E461746FFF7CCFB6C68F4B194F8A532FB
:107B40009A0706D53A46314604F52470FFF780FBC4
:107B5000C8B994F8CD32C3F340029B0715D53A4615
:107B6000314604F52E70FFF773FB80B101235B42B1
:107B700003F0280303F520731C4405F11400FFF7FC
:107B8000DAFB2046F8BD0023F1E71446F5E704468A
:107B9000F3E713B5044610B9002002B010BD028807
:107BA00048F2FE039A42F7D00378FF2B04D14378C2
:107BB00003F00F03022BEFD02146002002F0F5FE68
:107BC00008B14068E9E701AB6A46214604F044F990
:107BD0000028E1D0009808B14068DEE72146E1F7CF
:107BE0009FF90028D8D08069D7E738B504460D46FC
:107BF000FFF7ABFC2584E061BDE83840E0F7B2BD9B
:107C000038B50546FFF764FB00212846E0F7E4FE9F
:107C1000044648B96B680BB193F8E64205F11400CD
:107C2000FFF789FBE0B238BD0024F7E738B5054619
:107C3000FFF74EFB00212846E0F7CEFE044648B988
:107C40006B680BB193F8E54205F11400FFF773FB85
:107C5000E0B238BD0024F7E738B504460D46FFF71B
:107C600037FB00212046E0F7B7FE18B963680BB177
:107C700083F8E55204F11400BDE83840FFF75BBB20
:107C80004FF48072E1F7ECB9F7B506460D46FFF701
:107C900080FF314607460190FFF7F2FF044647B1E7
:107CA000E1F700FF844204D131460020FFF7E8FFEE
:107CB0000446E1F7F7FE844203D001A92046FFF70E
:107CC000EEFC05B12C60019820B903B0BDE8F0408E
:107CD000E0F746BE03B0F0BD0021FFF7D5BF37B5D2
:107CE000D0F8D032C3B1012B19D003EB43046408A0
:107CF000B4EB530F4FEA53050BD9641B04210DEB72
:107D00000100FCF78BFB019BB3FBF4F204FB123385
:107D10001D44284603B030BD47F23055F9E71D46F3
:107D2000F7E737B50C460546E8B1B9B1FFF7D0FA29
:107D30006B6873B101AB224602212846E1F70CFAC9
:107D400000280EDD019A92F83D3023F0100382F8EE
:107D50003D30002405F11400FFF7EDFA204603B092
:107D600030BD0124F6E70446F8E737B50C4601902C
:107D7000FFF7AEFA01A92046E0F74CFF019D18B1CC
:107D800021462846FFF7CDFF05F11400FFF7D3FA8F
:107D900003B030BD2DE9F84307460E46904699469C
:107DA0000C1D002506EB851393F83D309B0711D57C
:107DB00034F8043C022B0DD194F82430012B09D166
:107DC0004A4621464046FFF743FA18B12146384655
:107DD000FFF7A7FF0135062D04F14004E2D1BDE80D
:107DE000F8832DE9F04106460F469046FFF770FAFA
:107DF0007468002C3FD094F8A5329A0709D539460B
:107E000004F52470FFF746FA18B194F8A4324345FC
:107E10002ED094F8CD32C3F340059B0721D53946C7
:107E200004F52E70FFF736FA0546D0B194F8CC323F
:107E3000434520D10125282000F520702044E1F79A
:107E400029F8282303FB05453A4695F8A53223F087
:107E5000020385F8A532214643463046FFF79AFFD4
:107E6000012506F11400FFF766FA2846BDE8F08107
:107E700000252846E0E70025F3E710B50246FFF7A6
:107E8000CDF9BDE8104003681046184710B58B685F
:107E90000C464BB994F8500001F07BFEA0692146D6
:107EA000BDE81040E1F7FCBA5B68F2E72DE9F0416C
:107EB0000C464E690921054617469846FFF721FAF8
:107EC00060B96FF072071EB139463046FFF7AAF964
:107ED00094F82F30002B42D1022030E004212846B4
:107EE000FFF70FFA0028ECD101212846FFF709FA25
:107EF00090B994F825307BB9A3690BB95B78FFDEA4
:107F00001B685A7C082A03F1120105D884F8252041
:107F100004F1260011F0B6FD9EB1B6F8B41001F0E0
:107F2000C003C02B0DD1C1F3C2010139012908D80A
:107F300028463A4643462146FFF7A8FF0020BDE801
:107F4000F08194F83B30C3F3C203022BF0D12046FA
:107F500003F095F8022809D16FF00407B3E73A4619
:107F600004F12E012846E1F775FAB5E70028E6D1BD
:107F7000DEE72DE9F04F064687B00F46914698465A
:107F8000FFF7A6F901A93046E0F726FD05460028CF
:107F900040F0B380746804F1040A04EB851B9BF87D
:107FA0003D30980718D551463846FFF773F998B118
:107FB0009BF83D30D9065C4609D40BF11400FFF75D
:107FC00083FA9BF83D3043F010038BF83D3006F107
:107FD0001400FFF7B0F928E00135062D0AF1400A38
:107FE000DBD1DDF804B000250BEB8513A90193F874
:107FF0003D20C2F3400A92071BD50135062DF3D16F
:108000004FF0000A544606F11400FFF794F964B1EA
:10801000BAF1000F09D073681BB1211D3046FFF77C
:10802000E5FB21463046E1F7D3FA204607B0BDE82C
:10803000F08F93F83D2022F01A0242F0120283F8EA
:108040003D2002222BF80120012283F828905A615A
:108050001C463A460DF1080E07F1100910685168E8
:10806000F446ACE8030008324A45E646F6D10DF185
:10807000080E03F1040C724603CACCF8041006A9DA
:108080008A42CCF8000096460CF1080CF3D1AD0101
:10809000B8F1000F15D00BEB0501184691F83D2003
:1080A00022F0010281F83D204146E0F7F9FD30461B
:1080B000FFF7C1F803070DD55D44012385F829308A
:1080C000A1E70BEB050292F83D3043F0010382F883
:1080D0003D30ECE73B683BB97B682BB9BB681BB90B
:1080E000FB68B3F1807FE7D00B213046FFF709F939
:1080F0000028E1D14FF0010A85E7002467E7F0B5D9
:108100008BB006AE0446FFF7E3F80021102230469C
:1081100011F0DFFC2046FFF7DBF805A92046E0F769
:108120005BFC68B1002604F114073846FFF703F939
:10813000606808BB38460BB0BDE8F040FFF7FBB8FD
:10814000059B002BEED0ACB1236810330025CDE9A0
:10815000016300952B462A462946204602F0F0FA94
:10816000A842DFDB31462B4601222046FFF701FF04
:108170000646D8E72346E9E70022031D15461146C7
:1081800000EB811C9CF83DC01CF0020F21D033F89D
:1081900004CCBCF1020F1CD1A3F1040C664518D02D
:1081A000D3F800C0BCF1000F0ED1D3F804C0BCF16D
:1081B000000F09D1D3F808C0BCF1000F04D1D3F8E7
:1081C0000CC0BCF1807F04D003F12C0CDD628AB1BD
:1081D00065460131062903F14003D1D13846FFF746
:1081E000AAF82DB1294651F8305905B1303D21B9D1
:1081F0000BB0F0BD62466546EBE72046E1F7E8F9D3
:108200002DB12B6B03B1303B29461D46EFE72B46C2
:10821000FAE72DE9F04103689AB000211F7F044678
:10822000FFF76FF8002855D10225236826461D77F1
:108230002046FFF74DF856F8148B07F075F84FF409
:108240007A72A0FB020302FB0131C00B40EA4140FD
:10825000C90BC8E908013046FFF76DF82068037FB5
:10826000AB4240F02E81062D40F0B980062F00F081
:10827000288108212046FFF732F83046FFF75BF8E7
:108280002046FEF7D8FF010700F1A3802046FFF744
:108290001FF807212046FFF734F880BB00252F4642
:1082A0003046FFF748F80DF108080026BE426ED1AF
:1082B000002D76D055F8186906B1183E291D2046C4
:1082C00003F07FF9002E6CD0B36903B1183B35463B
:1082D0001E46F3E72368186806F02BFB68B10921F6
:1082E0002046FFF70EF800289ED00A212046FFF70F
:1082F00008F8C0F10605EDB297E7032595E701A957
:108300002046E0F769FB07460028C7D10B2120462D
:10831000FEF7F7FFD0B9DDF804E0BC460EF1040823
:108320000EEB8C124FEA8C1392F83D20920708D581
:108330001AAA434402EB07150FCB603D85E80F00F6
:1083400001370CF1010CBCF1060FE9D10C212046DC
:10835000FEF7D7FFC8B90199054601F5CC7302466F
:1083600001EB421C9CF89CC11CF0010F05D01CF0D5
:10837000020F02D11D6030B11D460132082A03F1FF
:108380002003EDD18CE71846F6E7002588E76368FF
:108390001BB141462046FFF729FA013608F11008C3
:1083A00084E72046FEF747FFC50702D52046FFF7C2
:1083B000F8F907212046FEF7A4FF50B10B21204613
:1083C000FEF79FFF28B92046FFF799FE2046E0F709
:1083D00039FB20461AB0BDE8F041FEF779BF062F01
:1083E0006FD108210C30FEF75DFF3046FEF7A3FF8A
:1083F0002046FEF720FF0007EBD407212046FEF7BA
:1084000080FF80B10B212046FEF77BFF054650B967
:108410002046FEF75DFFD4F80480B8F1000F0ED1BE
:108420003046FEF788FF2046FEF752FF0721204620
:10843000FEF767FF30BB3046FEF77DFFC9E72046F9
:10844000E0F7C8FB08F1040708EB851393F83D300B
:1084500099070BD537F8043C022B07D197F8243045
:10846000012B03D139462046FFF75BFC0135062D71
:1084700007F14007E8D13046FEF75DFF2046E2F7FE
:1084800073FDD0E70C212046FEF73BFF0028D2D138
:1084900002A92046E0F7A0FA05460028CBD10299B0
:1084A00001EB45126B0192F89C21D20705D503F52B
:1084B000C07319442046FFF722FA0135082DEED18A
:1084C000B9E71AB0BDE8F0810020704738B505461D
:1084D000FEF7FEFE00212846FEF713FF20BB2846CC
:1084E000FEF79CFE044680B1846874B1D5B12B6858
:1084F000186806F01EFAD0B12846FEF78FFE01215B
:10850000836828469847041E06DB28460021FEF7AC
:10851000E6FE2846FFF77DFE05F11400FEF70BFF8F
:10852000204638BD2846E4E76FF07704F4E76FF0A3
:108530000504F1E710B5044680B1FEF7C9FE2068D6
:108540000A210C30FEF7CCFF10B92046FFF761FE80
:1085500004F11400BDE81040FEF7EDBE10BD10B5EB
:10856000044680B1FEF7B4FE20680A210C30FEF705
:10857000D1FF10B12046FFF74CFE04F11400BDE816
:108580001040FEF7D8BE10BD38B50546426011B99F
:10859000C0E9021138BD4FF47A73A1FB03416FF0BB
:1085A000004200232046C7F7FBFDC0EBC073E31A6F
:1085B000E86005BF6FF0004300F1FF30AB60AB60D7
:1085C00008BFE860E6E710B5D0E902344068002251
:1085D0006FF0004CE4FB0C32091A581A62EBE1719F
:1085E000012871F1000305DB4FF47A720023C7F70D
:1085F000D7FD10BD0020FCE770B5C4684568034690
:108600000CBB8268681A104400281BDCF4B101F12D
:1086100000409A68596001302E1A401B824298BF70
:1086200002F1004204F1FF3198BF02F1FF32D9603C
:108630008DBF92199219A11E9A609CBF9A60D96051
:1086400031B9986870BD6FF00042DBE72046F9E76A
:108650006FF00040F6E710B50C0901F00F0103B907
:1086600044B1092C85BFA2F10A03E4183034E4B206
:1086700000F8014B092985BF0A3A89183031C9B27F
:108680000023017000F8013F10BD11F0010C08BF7C
:1086900040BA2DE9F04108BF80B20023BCF1000FC1
:1086A00007D032B111F8014B240224185B41204657
:1086B000013A8C0709D5012A07D931F8024B241851
:1086C000A2F10202204643F100030D4616464FF088
:1086D000000E0F2E05F1100535D814096FF00F05A7
:1086E0006C432244091B0E461546032D41D89608BB
:1086F0006FF0030722F0030507FB0622012A05EBB2
:10870000010407D9695A0918A2F10202084643F187
:1087100000030234012A07D12278E10748BF120280
:108720001218104643F10003020C42EA0342190CEE
:1087300052EA134380B225D1BCF1000F01D140BAF7
:1087400080B2BDE8F08155E90447E41955F8087C8A
:108750004EEB0E08E41955F8047C48F10008E419C2
:1087600048F100072418A6F11006204643EB070342
:10877000AFE756F8044B2418A5F10405204643F151
:108780000003B2E7801841F10003CDE72DE9F74F70
:1087900090F83B30C3F3C203022B04460D46164645
:1087A00040F0958083684FF0000A23BBE38F00936D
:1087B0002046D4E9039894F83AB001F007F894F809
:1087C0003B2094F83A1002F0010742F0010284F8CD
:1087D0003B202039204601F054F80028009B0EDA97
:1087E00094F83B30C4E9039867F3000384F83B3006
:1087F00003B0BDE8F08F1A8A5B689244D5E7E81AA7
:10880000A0EB0B0050442169202280B2FFF73DFF0E
:10881000E18F05462031204601F033F80028DFDBE8
:10882000D4F80CA0BAF1000F3AD02369002B37D04E
:10883000DAF80C20BAF810B09B1AABEB030B4FF030
:10884000FF339B455A46284628BF1A462169CDE981
:108850000023FFF71AFFDDE900239B1A05461FD00E
:10886000DAF804A0C4F80CA0BAF1000F18D0BAF8D6
:108870001020AAB1DAF80C2022611BF0010F1DD0E4
:1088800011780D44ADB20132A942226188BF013591
:10889000BAF810B088BFADB2013B0BF1FF3BD0D1AD
:1088A0007DB16DBAADB294F83B3067F30003C4E913
:1088B000039884F83B303EB9002099E7BAF810B02D
:1088C000BFE74FF6FF75EEE7ED433580F4E76FF055
:1088D00015008DE707B5022300916946ADF8043015
:1088E000E1F7E4F803B05DF804FB0268034642B91F
:1088F000406840B99A683AB9D868B0FA80F040093F
:1089000070470020704710467047DFF7B7BFF8B5D3
:108910000C469DF8187005461E4611460AB900F12E
:1089200024010846FFF7E1FF10B90B78FF2B06D1B1
:108930003146B5F8AC20A069E0F792FB014695F806
:10894000A83094F844009B0863F3050084F84400C1
:1089500095F8A83063F3871084F8440095F8A830A0
:108960005B0984F8503094F8513067F3000384F8C1
:10897000513032462046BDE8F84001F0E4BBEEF746
:1089800019B840B10368BFF35B8FD868BFF35B8F42
:10899000084100F001007047F0B5064687B00F4669
:1089A000052502210DF11600FBF738FDBDF8164034
:1089B000013D44F400444FF000010FD0CDE9011116
:1089C00064BA0097A4B296F8B22023463046E1F785
:1089D000DDF81130E5D0204607B0F0BD2C46FAE7AF
:1089E000EEF75AB890F8AA0070470120704700F1DE
:1089F0000803BFF35B8F53E8000F013043E8000228
:108A0000002AF8D1BFF35B8F704738B5044600F1F8
:108A10000803BFF35B8F53E8000F421E43E80021B9
:108A20000029F8D1BFF35B8F012801D0013838BD90
:108A300004F10C0528464FF0FF324FF0FF33FFF7EB
:108A40009EFF206D18B1E1F703FF00232365B4F802
:108A5000B43023F00603A4F8B4302846FFF7C0FF73
:108A6000B4F8B43023F00103A4F8B4300020DEE7FA
:108A7000F0B5B0F8B4300E4603F0C00140298BB019
:108A8000054603D1016D002940F0A58031880229F7
:108A900040F0A4800021172A059140F29F809B0599
:108AA00004D595F9B600FFF730FF0590344614F869
:108AB000043FFF2B16D1B5F8B43003F0C003802B70
:108AC00005D195F8AE0010B1FFF71FFF059005A97D
:108AD0002046FEF712FF002872D16FF001042046F5
:108AE0000BB0F0BD2046FFF700FF059B002852D0D9
:108AF00023B905F13C00FFF7EFF80590E0F7D2FF4E
:108B00000446059B002B63D005F10C074FF0FF32A4
:108B10004FF0FF333846FFF732FF0598E0F746FD88
:108B200002232B84234606AC85F8B60003F1100E11
:108B3000224618685968A446ACE803000833734518
:108B40006446F6D105F12404134603CB61600AA9FB
:108B50008B4220601A4604F10804F5D1B5F8B43010
:108B600043F48063A5F8B43073885BB395F8AA200A
:108B7000029295F8A9200599CDE90062284695F85A
:108B8000B220E1F703F800BB73886B8400243846F9
:108B9000FFF726FFA3E7B18848F2FE02914204D115
:108BA0001BB9307DFFF7B1FE0590059818B121463D
:108BB000FEF7A0FD8FE705A92046FEF770FD8AE7C6
:108BC000041D9EE76B8C7380E0E76FF06F04DEE7B7
:108BD0006FF07C0483E76FF07E0480E76FF015048C
:108BE0007DE7F0B5B0F8B43013F4806587B0044683
:108BF00027D1C3F3C203022B25D1ADF80030E0F733
:108C000051FF01AE034600F110071868596832465B
:108C100003C20833BB421646F7D1B4F8B43003F0B0
:108C2000C003C02B04D069462046FFF7B5FE0546B9
:108C3000182269462046ADF80250FFF719FF07B029
:108C4000F0BD0020FBE76FF01500F8E72DE9F04FCD
:108C50008B46B0F8B41090F8B0A085B00446C807B1
:108C600090461F469DF84C200E9B40F190813AB1F2
:108C700033B93FB9BBF1000F12D16FF0780881E032
:108C8000002FFAD00026C1F3C202022A05D116B184
:108C900037683FB17368172B06D86FF0150871E07D
:108CA0005E46F0E704F138073B1D18460393FFF7D3
:108CB0001CFE0028E1D101F0C00180292DD004F173
:108CC0003C00FFF712FE002847D136B1B8F1000F83
:108CD00003D1F16843468B4247D194F9B600FFF7C0
:108CE00014FE0246002847D10F9BA365129B6360C8
:108CF00094F9B600FFF709FE4FF400420023CDE9D6
:108D00000023414694F8B2300222E1F711FC0546F7
:108D1000002842D16FF0680834E03B79FF2B04D182
:108D200094F8AE0008B1FFF7F0FDB98848F2FE02F2
:108D3000914203460ED1B4F8B42091050AD4387D8F
:108D400040B1FFF7E2FD0028B9D0E0F72FFC84F82E
:108D5000B600BAE7002BB8D1B1E7B4F8B4309A0541
:108D6000B3D4381DFEF7B8FFEFE7B26802EBC302D9
:108D7000013352689044AEE70021FFF702FE28B9A4
:108D80006FF07208404605B0BDE8F08F082110462C
:108D9000FFF7F7FD0028A7D1F2E7446194F8B2107D
:108DA00000F0D6FC4045814613D3C146002E57D073
:108DB0003369002B54D07169002951D00F2938D85C
:108DC00070690F2802D933691844A3BB94F8B0A086
:108DD00040E0B4F8B430C3F38113023B012BE5D873
:108DE0006FF00B086AE0012806D1142A04D15868F4
:108DF00010B998680228E3D0073222F0070010303B
:108E000018448842DCD822F00702134495F83B004E
:108E10001A68C0F3C2000228E5D1142AECD15868C0
:108E20002928E9D198683428E6D11B7C85F83D30A3
:108E3000C6E71944EAE71A68142A43D15968292970
:108E400040D199683E293DD11B69B3F1000A18BF92
:108E50004FF0010A95F851306AF3000385F851305C
:108E6000B4F8B230112B40F08A807F88039BCDF894
:108E700000A0002229462046FFF749FDB0F1000876
:108E80001CDB2046FFF7ADFE8046B8B995F851309F
:108E90006AF3000385F85130618C3A46284602F0A7
:108EA00017FC804638B94F4666BB4A4659462846A5
:108EB00000F023FE8046B8F1000F26DA284600F0C5
:108EC000C2FB5FE7073222F00701103119448142EB
:108ED0003FF67CAF22F00702134476E7B36803EB5A
:108EE000C80253F838105268BA4228BF3A4628469A
:108EF000924600F002FE002844DBB7EB0A0704D0DC
:108F000008F10108F3689845E8D3284600F05EFCB4
:108F100094F8B210284601F07BF995F85130DB0740
:108F200013D595F83B30C3F3C203012B17D1AB69BE
:108F30000BB11B685B8BB3F5107F38BF4FF4107318
:108F4000AA680021BAB98B421ED3DDE91023284656
:108F5000FEF742F8B0F10008B0DBC84612E7022B7A
:108F6000F3D1AB690BB11B685B8BB3F5A06F38BF56
:108F70004FF4A063E4E7108A52680144E2E76FF01F
:108F80007A089BE7804699E76FF0790896E76FF0DB
:108F90000808F7E610B5B0F8B430DB070ED500F1DD
:108FA0000C044FF0FF324FF0FF332046FFF7E7FC91
:108FB0002046FFF715FD6FF05E0010BD6FF0080052
:108FC000FBE72DE9F843044600F10C0791461E46E5
:108FD0004FF0FF324FF0FF3338468846FFF7CFFCA3
:108FE000B4F8B450C5F34103012B61D0EA0762D550
:108FF000B8F8001099B905F0C002802A0FD125F405
:109000008075A4F8B450182204F1380010F061FD06
:1090100000253846FFF7E4FC2846BDE8F883C5F391
:10902000C20291424DD1032B48D0022949D1B9F156
:10903000170F46D9B4F8B230062B03D194F83C3060
:10904000FF2B41D004F13C0008F10403024608F173
:10905000140153F804CB42F804CB8B42F9D1B8F891
:109060000230638702232387FFF73FFCE0B945F412
:109070008075A4F8B4502046FFF7B3FD05460028DC
:10908000C7D102232384B4F8B4305B05FFD5B4F80C
:10909000B43003F0C003802B19D1002EB8D00A9A47
:1090A00000212046B047B3E725F48075ADB2E0E774
:1090B0006FF07705ADE76FF00805AAE76FF05E0582
:1090C000A7E76FF01505A4E76FF07C05A1E76FF047
:1090D00085059EE738B5B0F8B430DB07044621D5E6
:1090E00000F10C054FF0FF324FF0FF332846FFF739
:1090F00046FCB4F8B430C3F34102032A03D003F0B2
:10910000C003402B0BD1B4F8B230062B0CBF6FF06C
:109110007A0400242846FFF763FC204638BD6FF030
:109120001504F7E76FF00804F7E72DE9F04104466E
:1091300000F10C0886B016461F464FF0FF324FF084
:10914000FF3340460D46FFF71AFCB4F8B430C3F3C2
:10915000C202022A14BF00211821DB051AD5638F31
:10916000C3B1002305930E9B0493DDE90C23CDE9E5
:109170000017CDE90223204604F138033246294680
:10918000FFF764FD04464046FFF72AFC204606B080
:10919000BDE8F0816FF07804F5E7F0B500F10C0759
:1091A00087B004461E4638464FF0FF324FF0FF337B
:1091B0000D46FFF7E4FB012305930E9B0493DDE9C5
:1091C0000C23CDE90223002300931A462946019679
:1091D0002046FFF73BFD04463846FFF701FC2046DA
:1091E00007B0F0BD2DE9F04100F10C0786B0044650
:1091F0001646984638464FF0FF324FF0FF330D4683
:10920000FFF7BDFB0123DDE90E010593109B0493DD
:109210000D9B01930C9B0093CDE90201434632461E
:1092200029462046FFF712FD04463846FFF7D8FBD3
:10923000204606B0BDE8F08110B500F10C044FF0F7
:10924000FF324FF0FF332046FFF799FB2046FFF730
:10925000C7FB6FF07A0010BD30B5F0B1E9B1E2B1F3
:10926000B0F8B43003F0C003802B19D1048C022C69
:1092700019D113680C80448C4C80182B00F1240405
:1092800028BF18230431343054F8045B41F8045BE0
:109290008442F9D11360002030BD6FF01500FBE768
:1092A0006FF06C00F8E76FF06900F5E7036882681B
:1092B000C0889B1AC01A80B2704738B5C3685C6812
:1092C0000546EC600CB92C6138BD31B104F10C00DD
:1092D000FFF7ECFF18B96468F3E7208AFAE7E4685F
:1092E000F1E738B5C568044685B169B105F10C00F0
:1092F000FFF7DCFF2369EA689B1A834206D1204608
:10930000BDE83840FFF7D9BF288AF3E738BD2DE91B
:10931000F84390F83B30D0F80C8013F001090F4669
:10932000044611461AD1CAB108F10C00FFF7BEFF7E
:1093300005462669D8F80C30F31A3B44AB4211D1EC
:10934000B9F1000F05D008F10C00FFF7AFFFA842FC
:1093500008D82046BDE8F843FFF7AFBFB8F8105073
:109360000021E6E73E442661BDE8F88390F83B30F3
:1093700091F83B20C3F3C20363F3C50281F83B209D
:1093800043694B6190F83A3081F83A3090F84420C4
:1093900091F8443062F3050381F8443090F844308A
:1093A00091F844209B0963F3871281F8442090F8D8
:1093B000503081F85030C369CB6190F83B3091F860
:1093C0003B20DB0963F3C71281F83B2090F83B3068
:1093D000D2B2C3F3400363F3410281F83B2090F81B
:1093E0003B30D2B2C3F3800363F3820281F83B20A7
:1093F00090F83C3091F83C20C3F3800363F3820281
:1094000081F83C2090F83C3080F83C3091F83C20CA
:10941000C3F3400363F3410281F83C20038F0B87C1
:1094200083688BB18B687BB1436A4B62836A8B62C2
:10943000838D8B85D0F82E30C1F82E30D0F83230A5
:10944000C1F83230C38ECB8690F83B30C3F3C203F1
:10945000022B11D190F83D3081F83D30C38FCB877E
:1094600090F8423081F84230B0F84030A1F84030F6
:1094700090F8433081F84330836C8B64C36CCB64C9
:1094800070470346002003B970471A8A5B6810448E
:10949000F9E72DE9F74F019390F83B309DF830A0A4
:1094A00003F0010305460E4614460093BAF1000F7F
:1094B0000AD083F00109CB46E968002954D034B9B9
:1094C000204603B0BDE8F08FD146D346F4E7BBF1A8
:1094D000000F0DD001F10C00FFF7E8FE2B69CA6800
:1094E0009A1A871A06D149462846FFF7E6FEE3E7AF
:1094F000088AF3E7A742B84628BFA04656B1019AAA
:1095000042B3BAF1000F23D01846334642461946FB
:1095100010F0B8FABBF1000F04D0E86841460C30F7
:10952000FAF7F3FEA7421BD8009B33B1E868018A23
:109530000C30FFF7BBFE814212D349462846FFF7A5
:10954000BCFE019B0BB106B14644A4EB0804B3E793
:109550003046DBE731684246184610F0BAFAD9E7E0
:109560002B6943442B61ECE7002C14BF6FF06800BB
:109570000020A6E72DE9F04106460F4615461C4699
:1095800005F057FD08B100252C46802F06D82A4645
:1095900023463046BDE8F041FAF747BE0020BDE85B
:1095A000F08110B5B8B100F12002BFF35B8F036A00
:1095B000BFF35B8F7BB1BFF35B8F591C52E8004F49
:1095C0009C4204D142E8001CBCF1000FF6D1BFF36D
:1095D0005B8FE8D110BD0020FCE7F8B50546E8B187
:1095E00000272C466D68A07ACBF7A0FDBFF35B8FF8
:1095F00004F1080252E8003F591E42E80016002E0E
:10960000F8D1BFF35B8FDBB2012B07D1E760676056
:10961000436A23B120469847002DE2D1F8BDA07AD5
:10962000CBF784FD6169064641B1637ADB0704D458
:10963000836A1B6820469B689847676121463046CD
:1096400005F043FBE8E710B5044610B304F120022F
:10965000BFF35B8F236ABFF35B8FD3B1BFF35B8F25
:10966000591E52E8000F984204D142E8001CBCF198
:10967000000FF6D1BFF35B8FE8D1012B09DCA068A6
:1096800008B1FFF7AAFF60682146BDE8104005F069
:10969000EDB910BD2DE9F74F824617466846DDE962
:1096A0000C230D4605F042FEDDE900890024264624
:1096B000DDE90C235046FAF7B8FDA346044618B975
:1096C000002E2FD1002629E076B9BBF1000F08D17A
:1096D0007FB92646638A9D423CBFABB26382ED1AD6
:1096E00011E0CBF80400F5E7B042CBF80400F1D16B
:1096F000EEE7638A3D449D423DBF658226460025D4
:10970000ED1A28BF264642464B46684605F033FE12
:10971000DDE90023CDE90C23002DC9D1304603B08B
:10972000BDE8F08F3046FFF758FFCBE738B538B1CA
:10973000856800212C4624B92846FFF7A2FE081AA6
:1097400038BD04F10C00FFF7B1FD64680144F2E795
:1097500038B50546C8B190F83B3013F0380FC3F365
:10976000C20406D0022C0CBF2824002411290DD1DC
:109770000834A868FFF785FEA04238BF241A28469F
:1097800028BF0024FFF7D2FF001B38BD012901D0FC
:109790003A29EED10434ECE7F8B504468068002796
:1097A000054600B9F8BD038A46683BB9A368834201
:1097B00007D1A6604760FFF710FF284605463046F0
:1097C000EFE76B68834208BF6E60F3E78368C360AE
:1097D00003B1DB680361704710B50C46E0F7C4FDC8
:1097E00038B184612CB123681B7C80F8243080F868
:1097F0002E3010BD10B582680C4622B98160BDE8DC
:109800001040FFF7E3BF1046FAF745FD2146BDE8DB
:109810001040FAF746BD2DE9F04F85B0DDE910673D
:1098200004468B4602A815469A4632463B4605F04A
:109830007DFD204632463B465946DDE90289FFF769
:10984000CBFF0446C0B190F83B306AF3C50380F803
:109850003B30424602A84B4605F08DFDDDE902672C
:109860009DF83820CDE9006729462046E0F724FE20
:1098700018B12046FFF7E7FE0024204605B0BDE8FA
:10988000F08F07B50123009300230A461946FFF71E
:1098900000FE03B05DF804FB1FB5012303910093A4
:1098A00003A90023FFF7F5FD05B05DF804FB07B53C
:1098B000002300930123FFF7ECFD03B05DF804FBE8
:1098C00013B504220C460DEB0201FFF7F0FF019BDC
:1098D0001BBA236002B010BD2DE9F84306460F46BF
:1098E0001446F3689BB1FB688BB194B101213046FB
:1098F000FFF7F7FC00213846FFF7F3FCD6F80C9091
:10990000B9F1000F07D16FF06800BDE8F883002CB3
:10991000F9D12046F9E7FB68002BF4D0B3F81080AA
:109920003969DB6809F10C00CB1AA8EB0308FFF7D3
:10993000BDFCD9F80C3005463069A045A0EB030307
:10994000A5EB030501D9A5421CD8454528BF4546CE
:10995000002DD8D02A4610F095F896F83B30DB075A
:1099600004D4F06829460C30FAF7CFFC01222946CE
:109970003046FFF7CCFC002229463846FFF7C7FCEB
:10998000641BAEE72546E5E770B1C3685BB10069CB
:1099900050B1D9681A8A401A101A5B6803B9704727
:1099A0001A8A1044F9E71846704783682BB90029D2
:1099B00014BF6FF01500002070471A8A8A422CBF2E
:1099C0001982891A5B6828BF0021EFE710B5C268C9
:1099D00003467AB1006938B1996800238A4204D1FC
:1099E000D268801A034498B210BD0C8A4968234497
:1099F0009BB2F3E71046F7E72DE9F04385B0044644
:109A00000D4690461F46FFF7E1FF8146A06894F897
:109A10003B60A169FFF735FD00230246CDE90287CF
:109A200028460093FFF7F7FE06F001060546F0B161
:109A300094F83B3043F0010384F83B302046D4E9EE
:109A40000387FFF7C3FEA068FFF71BFD2146024610
:109A50002846FFF741FF78B12846FFF7F4FD94F858
:109A60003B30C4E9038766F3000384F83B300025EC
:109A7000284605B0BDE8F08395F83B3043F001037C
:109A800085F83B3029462046FFF770FC28464946BA
:109A9000FFF79CFEFFF7F5FE0028DDD195F83B307F
:109AA00066F3000385F83B3094F83B3066F300031F
:109AB000C4E9038784F83B30DAE74168FFF79CBFCD
:109AC00070B590F83B60054606F0010686F001018E
:109AD000FFF707FCEC6864B1296961B126B1208AFF
:109AE000E368C91A401A70BD04F10C00FFF7DEFBF1
:109AF000F6E72046F7E70846F5E773B503699942AC
:109B000004460E4615460AD1FFF7DAFFA84206D3EF
:109B10002946204602B0BDE87040FFF7B2BE0123DF
:109B200000932A4631462046FFF7B3FC02B070BDD1
:109B3000F8B504464E680D46FFF7C2FF864203D8CB
:109B400023692B60286810E094F83B30DB07F9D5D7
:109B5000296849B16A682046D4E90376FFF7A7FE71
:109B6000C4E903760028EDD00020F8BDD1E9001249
:109B7000FFF7C3BF704710B504464FF0FF324FF0F8
:109B8000FF332046ECF7D8FF0028F6D0FDF7C6F9E2
:109B9000F3E70020704770470268034642B9406807
:109BA00040B99A683AB9D868B0FA80F0400970476D
:109BB000002070471046704708B510220FF0A1FF33
:109BC000B0FA80F0400908BD70B50446154621B3CF
:109BD0000B88022B2BD100F11C020B4601F118005F
:109BE00053F8046B42F8046B8342F9D1081DFFF768
:109BF000D3FF28B994F8443043F0400384F844304C
:109C000094F8443043F0040365B143F010036DBA97
:109C100084F84430E583002070BD90F8443003F0B0
:109C2000BB03F1E723F0100384F84430F3E76FF04F
:109C30001500F1E770B50446154619B30B88022BE1
:109C40002AD1021D0B4601F1180053F8046B42F8AB
:109C5000046B8342F9D1081DFFF79EFF28B994F8E1
:109C6000443043F0200384F8443094F8443043F007
:109C7000020365B143F008036DBA84F84430E5800F
:109C8000002070BD90F8443003F0DD03F1E723F0CD
:109C9000080384F84430F3E76FF01500F1E77FB56F
:109CA0000423002602A9CDE902630446FFF740FF22
:109CB0000546D0B18670C6700DF106023A212046E5
:109CC000ADF80660FEF762FD00280CDBBDF806303B
:109CD0006B8094F83C3043F0040384F83C3002A9D4
:109CE0002046FFF743FF04B070BD6FF06800FAE74D
:109CF000F7B504230F4600256946CDE90053044615
:109D00001646FFF715FF48B1077046708570C5709D
:109D100069462046FFF72AFF03B0F0BD6FF06800E8
:109D2000FAE72DE9F04F16688F69D1E903988BB0F7
:109D30000D4606F1080302AA06F1180C18685968C6
:109D4000144603C4083363452246F7D106AA06F138
:109D5000280C924618685968144603C408336345B2
:109D60002246F7D1EA8FB388C2F57F425BBAFC3254
:109D700012FA83F31FFA83FB1BB2032B03DC0220CE
:109D80000BB0BDE8F08F4FF400420023CDE9002373
:109D900059463A2302223846E0F7CAFB0446002817
:109DA000EDD0337EFF2B50D102A93846FDF768FF76
:109DB0000368014633B9436823B9836813B9C3689C
:109DC000002B44D000232363636384F82E3084F88F
:109DD0002F30C4F82630C4F82A3084F8243084F8B0
:109DE000253095F8442094F8443062F3050384F854
:109DF000443095F8443094F844209B0963F387126B
:109E000084F84420204602AA00F09DF90246F0B9E9
:109E100081212046FFF76CFFC8B95A4629462046E3
:109E2000FFF75AFD98B92046FFF7D0FC3A212046AB
:109E300000F0EEF9002200232046FDF7CDF80028BF
:109E400005DBC5E9039801209AE75146BAE72046A9
:109E5000FFF7F9FB93E72DE9F04F91B00546039327
:109E600000242823CDE90643D0F818B0894692464D
:109E7000FFF7ACFC06A92846FFF75AFE80460028EB
:109E800000F0FD8083793A2B1CD1042307990C94B0
:109E900028460D93FFF7F5FC061EC0F2E7800CA9DB
:109EA0002846FFF745FE002800F0EC8090F90020DE
:109EB0000378A24280F2E680892B00F0E3802846F6
:109EC000FFF784FC08F1080308AA08F118061868CF
:109ED0005968144603C40833B3422246F7D10CAA8A
:109EE00008F1280618685968144603C40833B342B9
:109EF0002246F7D1DDE9083213430A9A13430B9A3D
:109F0000134300F0BF809DF82030FF2B00F0BA8093
:109F10009DF83030FF2B0AD1B9F1020F07D0B9F10B
:109F2000040F40F0AF80BAF1020F40F0AB8098F818
:109F30000630112B67D0062B67D0AB680021002BB1
:109F40005DD195F82530022203FB02114FF4004247
:109F50000023CDE9002304313A2302225846E0F7DA
:109F6000E7FA0446002800F0908095F8252005F1D6
:109F70002601FFF7C2FD071E3CDBA36895F82F20E2
:109F8000D96804F130000FF07DFD95F82F2005F120
:109F900030012046FFF7B1FD071E2BDBA06895F8C6
:109FA0002F100C30FAF7F2F9A66895F8252056F82C
:109FB0000C1F04F126000FF065FD95F825103046C2
:109FC000FAF7E4F995F82F3084F8253095F8253024
:109FD00084F82F3098F81830FF2B0CA903D158467D
:109FE000FDF74EFE014608AA204600F0ACF870B11D
:109FF0006FF004072046FFF726FB3E4636E01A8A3C
:10A000005B6811449BE730219BE73C2199E7494677
:10A0100052462046FFF76CFE01460028E8D1B9F110
:10A02000040F27D1039B4A461BBA05A92046059376
:10A03000FFF763FD07462046FFF778FB0246002F37
:10A04000D8D129462046FFF747FC06460028D1D143
:10A050002046FFF7BBFB3A21204600F0D9F800224A
:10A0600000232046FCF7B8FF0028C3DB304611B0C0
:10A07000BDE8F08F04222046FFF70EFCDAE76FF010
:10A080000406F3E76FF01506F0E76FF00B06EDE757
:10A09000F0B585B004230F46002502A9CDE902538F
:10A0A0000446FFF745FD064660B10DF106023A2170
:10A0B0002046ADF80650FEF769FBA84202DBBDF86A
:10A0C000065015B1022005B0F0BD03992046FFF7F8
:10A0D000D8FB0028F6DB324639462046FEF7FAFB6D
:10A0E0000228EFD02046FFF7AEFA2846EBE70378C8
:10A0F000013BDBB2037013B9C36803B11847704763
:10A1000070B5058901460022954201DC00200BE074
:10A110000C68638810335343E018E65C2EB900F1F5
:10A12000100282600122E25470BD0132ECE7037834
:10A13000FF2B06D1407800F00F00431A58425841D7
:10A140007047002070472DE9F34128230E464FF059
:10A1500000086946CDE9008305461746FFF7E8FC8D
:10A160000446002851D095F8443080F80280C3F3AB
:10A170000502C3F3811343EA8203C3F3031242F0DF
:10A1800060021B010270437080F8038080F8048035
:10A1900080F8058080F8068095F83D30C3713BB9A2
:10A1A0003A786B69FF2A28D113B393F8B830E3717A
:10A1B0003A4604F1180307F1100152F8040B43F872
:10A1C000040B8A42F9D1083406F1100356F8042B27
:10A1D00044F8042B9E42F9D1282385F83A30002315
:10A1E000EB8769462846FFF7C1FC02B0BDE8F08165
:10A1F000A869FDF705FDE071DAE713B193F8B73010
:10A20000D5E7A869FDF712FDF5E76FF06800ECE708
:10A2100073B528230025CDE9005390F83B3043F077
:10A2200001030E4680F83B3069460446FFF780FC88
:10A2300018B96FF0680002B070BDA2682B46E2B991
:10A24000283B5BBA838094F84330FF2B08BF33462A
:10A25000837169462046FFF789FC0028EBDB94F800
:10A260004330FF2B0DD148F2DD63112E23870FD130
:10A270000021204601F049FADDE7118A52680B44BB
:10A28000DDE7E18F2046FFF7FCFA0028EBD0D0E7AE
:10A290003A2E04D100212046FFF701FDCBE7002034
:10A2A000C9E72DE9F04F282391B00025CDE90653E9
:10A2B00008AB0A9308230B938369029383680446CF
:10A2C000002B40F0AF8006A92046FFF731FC824604
:10A2D000002800F0F780B0F8048098FA98F81FFA88
:10A2E00088F808F128039D420093C0F2EB8003DD5B
:10A2F00019462046FFF759FBDAF8086006BBDAF882
:10A300000C20EAB9DAF81020D2B9DAF81420BAB978
:10A31000DAF8181040F2FF22914240F0D380DAF8C8
:10A320001C20002A40F0CE80DAF82020B2F1807F95
:10A3300040F0C880DAF82420D2B2FF2A40F0C28070
:10A340009AF80820FF2A00F0BD800AF118050021C4
:10A350002846FFF7ECFE002840F0B48094F83C203B
:10A36000170763D59AF800209AF80110120142EA03
:10A370001112D1B2C2F3850242EA811284F844205C
:10A380009AF8062084F843200022E287282284F8E5
:10A390003A20A268D268D27984F83D2094F83B2014
:10A3A000022161F3C50284F83B209AF81820FF2AA5
:10A3B00000F08A8002982946FDF773F9002840F0E2
:10A3C000B1800CAA0AF1280328686968164603C6FA
:10A3D00008359D423246F7D1A06904AB03AA0CA907
:10A3E00001F03AFD002800F09180A369E361039B2E
:10A3F00043B15B68A3612BB11B681B7C84F82430DC
:10A4000084F82E3094F83B30049923F0040384F848
:10A410003B30204601F05BFD002853DB002011B0EB
:10A42000BDE8F08F1A8A5B68154449E7DAF818200E
:10A4300052B9DAF81C203AB9DAF8202022B9DAF851
:10A440002420B2F1807F3DD056B9DAF80C203AB919
:10A45000DAF8102022B9DAF81420B2F1807F31D076
:10A4600001212846FFF763FE60BBDFF71BFBBAF84C
:10A470001A104288914218D1DAF81C1042689142B1
:10A4800013D1DAF82010826891420ED1DAF8241044
:10A49000C268914209D105212846FFF748FE88B9D4
:10A4A00008212846FFF743FE60B900210AF10800A1
:10A4B000DEF7B0FB00283FF455AF90F92920002AC1
:10A4C0003FF450AF0220AAE701212846FFF72FFEF4
:10A4D00060BB02212846FFF72AFE68B1BAF81A20AD
:10A4E00052B9DAF81C203AB9DAF8202022B9DAF8A1
:10A4F0002420B2F1807F19D002A92846DEF7FCFBA8
:10A500000028DFD0027F900710D4DBE705900CA96C
:10A5100005A8DEF73BFC0028D4D00599204601F0C1
:10A520003EFC79E79AF81820FF2ACDD007992046FB
:10A53000FFF7A7F90028C5DB9AF806702C2F36D054
:10A540002FD8B7B3A7F12B014E424E41B6004FF0C2
:10A5500006094FF000083A2FA4F8409000F0C98097
:10A56000112F00F0C680062F00F0C3803B2FA9D02A
:10A570002046FFF72BFA0122814604A92046FFF767
:10A5800096F9054600289DD19DF810202C2A26D04A
:10A5900011D832B32B2A26D0112A00F0CF80002503
:10A5A00015E0A7F13C02564256417600CFE7082657
:10A5B000CDE70126CBE73C2A40F0B880B30714D59D
:10A5C00040252E4205D12C2A10D00FD80AB1062AD8
:10A5D0000CD02046FFF7FAF90122431E84E008253B
:10A5E000EFE70125EDE70425EBE702250FB13C2F4E
:10A5F000EFD100228DF830200CA901222046BDF8B1
:10A6000000B0FFF754F900287FF45CAF20469DF8B6
:10A610003070FFF7DBF90238013780B2FF00ABEB97
:10A62000000B5F453FF74EAF4FF0020B2046FFF7A0
:10A63000CDF90122019005A92046FFF738F900283D
:10A640007FF440AF9DF8142012BB9DF814203AB35C
:10A65000012A9DF83010A7EB0B0030D00238814260
:10A660003FF630AF02F0C002802A3BD0C02A34D07F
:10A67000002A7FF427AF2046FFF703F900287FF474
:10A6800021AF9DF8302002325A441FFA82FB0BE0C2
:10A6900001220CA92046FFF70AF90028D5D011E7BE
:10A6A0000BF1010B1FFA8BFB5F45BFD847441FFA24
:10A6B00087F82E439DF810705FFA89F94BE702384E
:10A6C00081423FF6FFAE8A1C5A4420461FFA82FBA5
:10A6D000FFF7D7F80028E7D0F4E69AF81830FF2BF8
:10A6E0003FF4F0AE019B022204212046FFF7B3FBAA
:10A6F000E8E6112FA4F83E80CDF830A007D03A2F1D
:10A700007FF4E0AE51462046FFF7C2FC87E60AA977
:10A71000204601F037F8059000283FF4D3AE05AB92
:10A720003A460CA92046E0F7FDF878E6A2F13B0195
:10A7300001297FF65BAF3A2A7FF44BAF002555E73E
:10A7400030B585B00D460A9C08B9DEF709F9DEF789
:10A750002DFF55BB48F2FE03009301956378062B4D
:10A7600028D0082B43D0022B10D12378012B0DD1F8
:10A7700000230293FF238DF80B30FE23ADF80C303D
:10A78000A3788DF80E30E3788DF80F30099A6C4677
:10A79000234603CB516004A98B4210601C4602F192
:10A7A0000802F5D1002005B030BD2B6800936B681E
:10A7B0000193D3E723798DF80A30FF238DF80B300E
:10A7C000FE238DF80C30B4F80530ADF80D30E37988
:10A7D0008DF80F3023786288ADF80820032BD5D18F
:10A7E0009DF8083083F002038DF80830CEE7D4F8E6
:10A7F0000200D4F8061002AB03C3F1E708B5E1F795
:10A800000BF8BDE80840E1F73FB80268034642B9DB
:10A81000406840B99A683AB9D868B0FA80F04009FF
:10A8200070470020704710467047704701F11003D1
:10A8300051F8042B40F8042B9942F9D1704708B520
:10A8400004F072FD4FF47A72A0FB020302FB0131A7
:10A85000C00B40EA4140C90B08BD73B50D46144614
:10A860008DF8043001A9D308022206468DF8053080
:10A87000FFF743F910B1002002B070BDA91C6A783F
:10A880003046FFF73AF901460028F4D16B78E21A16
:10A89000023A3046FFF700F8B0FA80F04009EBE7E3
:10A8A00010B5044604F0C5FB421E63EB03032046CB
:10A8B000BDE81040FCF790BB70B5082353701546F7
:10A8C00090F825209A4228BF1A460C466A70A91CA7
:10A8D0000646FEF7ECFF68B96B78E1000239C91A49
:10A8E00011F0FF0108D03046FEF7CBFFB0FA80F040
:10A8F000400970BD0020FCE70120FAE740B1036881
:10A90000BFF35B8FD868BFF35B8F084100F0010095
:10A91000704728B1082A03D8427002300FF0B2B84D
:10A92000704770470022002310B5C0E91023044689
:10A93000236803B910BD4FF0FF324FF0FF332046BC
:10A94000ECF7FAF8FEF77FFEF2E738B504468068C8
:10A95000FFF7E8FFA36800210020C3E90C01A3680A
:10A96000002520469D63FFF7C2FB29462046BDE82F
:10A970003840E0F76FB970B505460E46E0F794FA37
:10A9800031462846E0F75AFA044618B9E0F796FA35
:10A99000204670BD31462846E0F7FCFF2046FFF711
:10A9A000D4FFE0F78BFA0120F3E738B504460D46F3
:10A9B000E0F77AFA29462046E0F740FA0446E0F745
:10A9C0007DFA204638BD2DE9F043904685B0994682
:10A9D00000221423CDE902230D460646002861D04B
:10A9E00003685F7C093740F6CD42002307F0F80783
:10A9F000CDE9002307F114013A230222DFF798FD85
:10AA0000044600284BD0FF23424680F83D302946BB
:10AA1000FFF799FB024640B16FF068052046FEF74C
:10AA200012FE284605B0BDE8F08388212046FFF7D6
:10AA30005FF980460028EFD102A92046FFF778F899
:10AA400005460028E8D01322414601300FF041F8B6
:10AA500028469DF8303000F8043B4946FFF7E6FEF3
:10AA600002A92046FFF782F805460028D4D13168B4
:10AA700002233A4610312046FFF7EFFE0028CBD0E4
:10AA80002046FEF7A3FE3A212046FFF7C1FB2046F1
:10AA9000FFF706FF0028C4DA6FF01505BEE76FF078
:10AAA0000B05BEE74378FFDE024608461AB152683E
:10AAB0000AB1D2F8D4220023E0F7F4B82DE9F04F20
:10AAC0001E4697B014230025CDE9045303AB06932B
:10AAD00002230793D2F800908B680C464BB9A0690B
:10AAE0000B21FFF70BFF804638B1022017B0BDE8FD
:10AAF000F08F1A8A5B681544F0E7D4E903B304A920
:10AB000020460193FFF714F807460028EDD0011DF9
:10AB10000EA8FFF78BFEADB209F1180112A8FFF7DE
:10AB200085FE412DE1D999F80730FF2BDDD19DF845
:10AB30003830FF2BD9D03B785B0603D59DF84830E1
:10AB4000FF2BD2D07678002ECFD105992046FEF784
:10AB500098FE0028C9DB14232C3D84F84230ADB2A6
:10AB600006A92046FEF7E4FF28B143781BB194F80C
:10AB70004210A94213D3A0690EA9FCF7BBFD30B364
:10AB800090F92930002BB0D1BDF8382048F2FE03EF
:10AB90009A42AAD0A0690EA9FDF7E7F8A5E70278C6
:10ABA000022A06D1E28F94F83A6006320A4416442B
:10ABB000B6B201EBC303DBB28B4284F8423094D9C6
:10ABC00007992046FEF75DFE0028C9DA8DE70121CE
:10ABD000CDE90800ADF82800A069FFF78FFE814697
:10ABE000E0F762F9A0690EA9E0F728F90546002808
:10ABF00074D0002E5DD16B78FF2B77D06878E0F7AA
:10AC000049F88246002869D056B14278811C0DF17E
:10AC100022000EF076FFB0F1000818BF4FF00108D7
:10AC2000AA6892F84820002A77D116B9B9F1000F26
:10AC300054D0B8F1000F09D05046E0F721F99AF846
:10AC400001200DF122015046FFF763FE3B785806C4
:10AC500040F1908001212846E0F764F8AA680023BB
:10AC600082F84C30AA6800200021C2E90C01AA68D1
:10AC70009363A0692946FFF717FFAA683B7892F80B
:10AC80004D10DB0963F3000182F84D10AB681B68BF
:10AC900023B3A8684FF0FF324FF0FF33EBF74CFFC0
:10ACA0000646FFF7FDFD002869DAA868FFF73AFEBF
:10ACB00014E094F825308DF821302046FEF786FD0B
:10ACC00031462046FEF7DDFD40B99DF821200DF10B
:10ACD00022012046FEF7EBFD00288CD0E0F7EEF8CD
:10ACE000019BC4F80CB023610120FFE616B9B9F14D
:10ACF000000FF3D09DF821200DF122010BA8FFF7E2
:10AD000008FEA1690BAA2846DFF748FF00283FF498
:10AD100075AF2846FFF719FEE0E73978890609D4B0
:10AD2000B8F1000F13D0012AD8D102212846DFF74D
:10AD3000F9FFD3E7B8F1000F09D05046E0F7A0F8CB
:10AD40009AF801200DF122015046FFF7E2FD3B7811
:10AD50005B060CD501212846DFF7E4FFAB68002035
:10AD60000021C3E90C01AB6800229A6381E7B8F1C6
:10AD7000000F82D002212846DFF7D4FF7DE730465E
:10AD8000FEF761FC82E72DE9F7431C46064688463C
:10AD90001546E0F789F822469DF8283041463046AE
:10ADA000E0F792F80446A0B315B32A463146DFF720
:10ADB000F5FE78301CD1A36893F84830052B28D0D5
:10ADC0006078DFF767FF05F1020907466A784946B0
:10ADD00002300EF096FEB8B13846E0F751F86A78C6
:10ADE00049463846FFF795FD02212046DFF79AFFD6
:10ADF000A36893F8483063B9CDE900831A46194631
:10AE00003046E0F7E9F804E0A36893F84830002BF7
:10AE1000EAD0E0F753F8204603B0BDE8F0832DE90F
:10AE2000F04799469AB014230025CDE9035302ABAD
:10AE3000059302230693D2F800A08B680C4663B9F1
:10AE4000A0698DF81D300B21D4E90387FFF756FD6B
:10AE500038B102201AB0BDE8F0871A8A5B68154441
:10AE6000EDE703A92046FEF763FE0028F1D0011D9F
:10AE70000AF108060AA8FFF7D9FC31460EA8FFF729
:10AE8000D5FCADB20AF1180112A8FFF7CFFC3F2D97
:10AE9000DFD99AF80730FF2BDBD19DF82830FF2B44
:10AEA000D7D099F80130002BD3D104992046FEF772
:10AEB000E8FC0028CDDB14232C3D84F84230ADB2F1
:10AEC0000DEB03012046FEF733FE814628B143789F
:10AED0001BB194F84230AB422DD3A0690AA9FCF70C
:10AEE00009FC814618B3051D0EA8FFF78EFC01462C
:10AEF000002800F08B80129A40F2FF239A4216D16C
:10AF0000139BA3B91499B1F1807F10D19DF854100F
:10AF1000FF290CD199F92910A1BBB9F8042048F2F6
:10AF2000FE039A4203D0A0692946FCF71EFFC4E93C
:10AF3000038701208EE706992046FEF7A2FC002831
:10AF400087DB99F80030012B0DD094F8422099F856
:10AF5000013002EBC303DBB2934284F842307FF648
:10AF600078AF05A9AEE70EA8FFF74FFC00287FF4E5
:10AF700070AF99F8011007AA2046FFF79DFC002842
:10AF8000E3D166E7ADF84820ADF84A30ADF84C3073
:10AF9000ADF84E30ADF85030ADF85230ADF8543019
:10AFA0004FF48073ADF85630A06912A9FCF768FE23
:10AFB0000DF1580C034600F1100E186859686246EE
:10AFC00003C2083373459446F7D10DF1580C33464C
:10AFD000624603CA59601AA98A421860944603F16E
:10AFE0000803F5D14FF0200A0DF148090EAE9DF887
:10AFF0001D306BBBCDF800A0A0692B464A463146F8
:10B00000FFF7E1FC00287FF424AF90E70EA8FCF7DF
:10B0100046FB00288BD1129A40F2FF239A4209D1B5
:10B02000139B3BB9149BB3F1807F03D19DF854303F
:10B03000FF2B07D0A06912A9FCF75CFB00283FF4A6
:10B0400076AF051D0DF138090AAE4FF0600ACEE764
:10B0500000230093A06907AA0EA9FFF794FE002819
:10B06000C8D1F6E607B5012301930431002300910E
:10B070001A461946DFF7B0FF03B05DF804FBF0B5E0
:10B080008FB00023282204A9CDE90432044603939B
:10B09000FEF74EFD0746002873D000F1180106A800
:10B0A000FFF7C4FB94F82F30002B55D19DF81830D2
:10B0B000FF2B51D0A0690121FFF720FC00284BD1C4
:10B0C000A0690B21FFF71AFC002845D106A903A8A7
:10B0D000DDF75CFE002841D0039BA3612BB11B6808
:10B0E0001B7C84F8243084F82E3006AD039B73B9A2
:10B0F000294603A8DDF74AFE00284CD0039BA36134
:10B100002BB11B681B7C84F8243084F82E30DFF7C9
:10B11000CBFE03982946DFF791FE0646002846D06D
:10B120004078FF2843D0DFF7B5FD4278811C04F159
:10B130002E00FFF7EEFBB36893F84830022B09D1DD
:10B1400030460321DFF7EEFD41F28832002330461E
:10B15000DFF7A8FDDFF7B2FE002013E0BDF81820EE
:10B1600048F2FE039A42C0D006A9E0F7C7FB0646A4
:10B1700050B1E0F71FFC05460028B7D13046E0F794
:10B1800003FC02200FB0F0BD06A9DDF7C9FE60B1D7
:10B1900000F10805AAE72946FFF707FC10B143684C
:10B1A0000393ACE7A3690393B1E706ADAFE70AAE3B
:10B1B000DFF784FE07F108013046FFF737FB002375
:10B1C00094F83B20CDE9005312F0040FA0690CBFA6
:10B1D00032461A462146DFF7FFFE0120D2E7F0B5DE
:10B1E00087B040F2FF230746ADF808300026ADF8DF
:10B1F0000A60ADF80C60ADF80E60ADF81060ADF807
:10B200001260ADF814604FF40073ADF8163002A967
:10B21000FCF736FD0546FFF7F8FA30B9002F52D09B
:10B220003B685C7C093404F0F80640F6CD4200230C
:10B23000311DCDE9002301F0FC013A2302223846FA
:10B24000DFF776F9044600283AD0FF2302AA80F8F7
:10B250003D302946FEF777FF024638B16FF06805AA
:10B260002046FEF7F0F9284607B0F0BD85212046BC
:10B27000FEF73EFD01460028F0D104222046FEF7ED
:10B280000BFB05460028E9D176B92046FEF79EFA69
:10B290003A212046FEF7BCFF2046FFF701FB0028BD
:10B2A000E1DA6FF01505DBE70FB13F6810370123D6
:10B2B000324639462046FFF7D0FA0028E5D1CDE7DF
:10B2C0006FF00B05CFE77B78FFDEFFF788BF07B590
:10B2D00049BAADF8061002220DF10601FEF70DFC89
:10B2E00003B05DF804FB70B588B003AB0C46019366
:10B2F00001A91423054616460293FEF719FC18B956
:10B300006FF0680008B070BD002343708370C37095
:10B3100006702146031D04F1100251F8040B43F896
:10B32000040B9142F9D101A92846FEF71FFC002821
:10B33000E8D0E5E770B50546FEF748FA3A21284619
:10B34000FEF766FF03F075FE0026421E46F1FF334E
:10B350002846FBF741FE041E04DA2846FEF773F97F
:10B36000204670BD3446FBE738B10368BFF35B8FFE
:10B37000D868BFF35B8FC0F30030704770B586B0FC
:10B3800040F2FF2304460D46ADF808300023ADF827
:10B390000A30ADF80C30ADF80E30ADF81030ADF825
:10B3A0001230ADF814304FF4B053ADF8163001261A
:10B3B00080F83D6002A98069FCF762FC02AA0146A0
:10B3C0002046FEF7C0FE18B16FF0680006B070BDF1
:10B3D0003A2332460DF1070120468DF80730FEF77B
:10B3E0008CFB0028F0D18DF8070032460DF10701E3
:10B3F0002046FEF782FB0028E6D140F202512046AB
:10B40000FFF765FF01460028DED12046FFF75FFF0A
:10B4100001460028D8D12046FFF759FF02460028F0
:10B42000D2D108238F21E3872046FEF761FC014635
:10B430000028C9D12046FFF74AFF0028C4D1294679
:10B440002046FFF744FF0028BED184F84300BDE743
:10B450002DE9F04F1F4685B000261823CDE9026381
:10B46000D2F800A08D680C46002D68D12046D4E9A2
:10B470000398FEF789FA17285FD902A92046FEF73C
:10B4800057FB834600286AD003992046FEF7F9F956
:10B49000002864DBBBF816305BBAABF81630E28FDD
:10B4A000443202EB031292B2B6B2B24245D8B2F5C0
:10B4B000A06F42D89AF80730012B3ED17B78002B41
:10B4C0003BD1DEF7EFFA102201460BF104000EF03B
:10B4D00018FB064688BBA069476807EB4513013592
:10B4E00093F89C31D90744BFC3F34003F618082DE5
:10B4F000F3D1142140F2676200237143CDE90023A8
:10B500000C313A230222DFF713F8824638B3B1B286
:10B51000FFF734FF0546F8B907F5C27607EB451388
:10B5200093F89C31DA070ED40135082D06F1200678
:10B53000F4D15046FFF7FEFE70B9012010E02B8ACF
:10B540006D681E4490E79B07EED5022231465046B7
:10B55000FFF7C9FE0028E7D05046FEF774F8022036
:10B56000C4E9039805B0BDE8F08F73B50023164613
:10B5700040F26762CDE900230C463A2302223021D3
:10B58000DEF7D6FF0546C8B10121FFF7F7FE28B167
:10B590006FF068042846FEF756F80CE03246214664
:10B5A0002846FFF7A0FE0028F2D12846FFF7C2FE8A
:10B5B00004460028EED1204602B070BD6FF00B04A7
:10B5C000F9E737B50D46019001A92846FCF795F932
:10B5D0000446D8B10198FFF7C7FE60B90198FCF79F
:10B5E00073FF58B101982146FCF79BF9019801229D
:10B5F0002146DDF7C7F9002003B030BD01980422D1
:10B600002946FFF7B2FF0028ECD0F5E76FF0010004
:10B61000F2E7F8B504460F46FCF71EF9064628B3D4
:10B62000037F9B0720D42046FFF79EFEE0B920460B
:10B63000FCF74AFF78B9042239462046FFF795FF08
:10B64000054640B110F1730F03D039462046FCF790
:10B6500053F82846F8BD31462046FCF762F901222E
:10B6600031462046DDF78EF90025F2E76FF00B0535
:10B67000EFE770B588B00E46019001A93046FCF79F
:10B680003CF9044608B30FCC03AD0FC501982368FD
:10B690002B603146FCF730F860B10198FFF764FE8B
:10B6A00040B90198FCF710FF38B10198002203A9B6
:10B6B000DDF768F9002008B070BD0198032231461B
:10B6C000FFF753FF0028F0D0F5E76FF00100F2E735
:10B6D0007FB508230E460DEB030104461546CDF851
:10B6E00008D00393FEF724FA60B10023068045805A
:10B6F000037143718371C37102A92046FEF736FAC4
:10B7000004B070BD6FF06800FAE730B587B002ABE7
:10B71000049304A9082304460593FEF709FA054695
:10B7200068B3A368002233BBE08F94F83A10AB7182
:10B730000144521A52BAAA80EB710DF1060211218E
:10B740002046ADF80630FDF721F8002811DBBDF8E2
:10B7500006304FF6FF72002B08BF1346EB8094F8BB
:10B760003C3043F0040384F83C3004A92046FEF743
:10B77000FDF907B030BD198A5B680A44D3E76FF062
:10B780006800F6E773B5002305460E46ADF80630AF
:10B79000FEF7CEF9044640B331462846FEF7E6F9F7
:10B7A00018BB95F83B30C3F3C203022B1DD1AB6825
:10B7B000E98FDB689B885BBA9BB2994215D8A28857
:10B7C00052BA92B25B1A072A9BB20ED993420CD39B
:10B7D000E38853B10DF1060211212846FCF7D6FF8C
:10B7E000002802DBBDF8063003B10024204602B079
:10B7F00070BD0388013B9BB2012B94BF0430002035
:10B80000704711B914220EF064B901F1140351F814
:10B81000042B40F8042B9942F9D17047EBF7CAB8D2
:10B82000EBF73AB90368002203B970478B420FD196
:10B830000B683AB942680360914200D1436000232B
:10B840000B60704713604368994208BF4260F6E797
:10B850001A461B68E8E738B5836D994205460C46E1
:10B860002BD3C26D442101FB02339C4225D294F8B4
:10B8700041301A0721D5036E1BB15B680BB120461E
:10B88000984794F841305B070BD404F1080105F1A7
:10B890001C00FFF7C7FFEB691BB905F1280003F097
:10B8A0007EFB214605F11400FFF7BCFF4422002176
:10B8B00020460EF00EF9002038BD6FF00100FBE7C6
:10B8C0002DE9F8430746A0F1280803F02DFD4FF4B9
:10B8D0007A72A0FB020302FB0133C00B40EA43462D
:10B8E0004FF0FF324FF0FF334046FFF797FF57F816
:10B8F0000C4C25461CB155F8084904B1083C4FF0E2
:10B90000FF39C5B9B9F1FF3F10D040F2E730294601
:10B910004FF400444FF47A720023E9FB0401C4F7AA
:10B920003FFC02460B463846EBF718FC4046BDE8A4
:10B93000F843FFF775BF314605F10800FCF75CFEE0
:10B9400050B929464046FFF786FF4CB1A36803B1C2
:10B95000083B25461C46D4E7814528BF8146F4E7CD
:10B960002346F6E710B502880B88934217D1A3B19E
:10B97000012B10D0022B12D11022FFF73AFF044600
:10B980000846FFF736FF014620460EF0BAF8B0FA37
:10B9900080F0400910BD0422EFE70120FAE7002003
:10B9A000F8E72DE9F041531C044691F841300E466A
:10B9B000174601F1080500F11C0809D143F0040302
:10B9C00081F8413040462946BDE8F041FFF72ABFE3
:10B9D00023F0040381F8413003F0A6FC4FF47A739E
:10B9E000A0FB030203FB0122C00B40EA424239469E
:10B9F0002846FCF7C9FD29464046FFF713FF002300
:10BA0000B360236A4BB9C4E9075504F1280000224A
:10BA1000BDE8F0410023EBF7A1BB1D602562F4E710
:10BA200038B505464FF0FF334FF0FF320C46FFF7B5
:10BA3000F5FEAB6D9C420ED3EA6D442101FB02334F
:10BA40009C4208D294F84140C4F3C0042846FFF752
:10BA5000E7FE204638BD0024F8E72DE9F04F87B017
:10BA6000044601924FF0FF334FF0FF3200278B4620
:10BA7000FFF7D4FEE36D0293BA463D46029BBB42FC
:10BA800012D155B1294604F11400FFF7CBFE6369CA
:10BA90002B60A369656103B9A5612046FFF7C0FE6D
:10BAA000284607B0BDE8F08FA66D442303FB076668
:10BAB00096F841301B073AD5BBF1000F02D07368EE
:10BAC0005B4534D196F84080D04530D3019B1A882D
:10BAD000338B9A422BD10198FFF78BFE06F11803A6
:10BAE000814620B31846FFF784FE0146F8B1B8F14D
:10BAF000070F4FEAD80208F0070309D90390484618
:10BB0000CDE904230DF0FDFFDDE90312059B70B9BB
:10BB10007BB119F802008A5CC3F108035040FF2290
:10BB200002FA03F31840002804BFC2463546013725
:10BB3000A4E7C2463546FAE72DE9F04F8DB014462A
:10BB40001F464FF0FF324FF0FF33054689469DF800
:10BB50006060FFF763FE214602A8FFF752FE1699C8
:10BB600007A8FFF74EFEBDF80830012B0BD0022BC3
:10BB700069D003B937B32846FFF752FE00242046A8
:10BB80000DB0BDE8F08F0422042A0CBF20238023CF
:10BB90009F42F0D807F0070102A8FC08FFF729FE32
:10BBA00049B1A24207D9C1F10801FF238B40015DD1
:10BBB0000B4003550134944204D2121B002120444F
:10BBC0000DF087FFEB6D00934422002300998B4218
:10BBD0003BD1EA6D002344219A4240F08C80AC694D
:10BBE000002CC8D021462846FFF735FE06F0030694
:10BBF00044220021204646F008060DF06AFF02A903
:10BC000004F11800C4F8049084F8407084F841608E
:10BC1000FFF7F7FD07A904F12C00FFF7F2FD179AD3
:10BC200021462846FFF7BDFE6B692360AB696C6156
:10BC300003B9AC612B6E002B44D01B68002B41D0A4
:10BC4000204698473EE010229EE7D5F858B002FB08
:10BC500003FA0BEB0A0494F8418018F0080F12D095
:10BC6000B9F1000F02D0616889450CD194F84010F9
:10BC7000B94208D102A904F118000193FFF772FE3E
:10BC8000019B442208B90133A0E707A904F12C0065
:10BC9000FFF768FED0B194F84130179A66F30103BC
:10BCA00084F8413021462846FFF77BFE214605F106
:10BCB0001400FFF7B7FD6B694BF80A30AB696C6194
:10BCC00003B9AC612846FFF7ABFD58E7022E3FF4FD
:10BCD00052AF032E3FF64FAF08F10108731C08F076
:10BCE000030803F0030398453FF645AF2146284675
:10BCF000FFF7B1FD6DE7AC6D01FB034494F8410023
:10BD000000077FF573AF013366E738B54FF0FF32B8
:10BD100004464FF0FF330D46FFF780FD29462046CD
:10BD2000FFF799FD05462046FFF77AFD284638BD06
:10BD30002DE9F0474FF0FF3391464FF0FF320446B4
:10BD40008846FFF76BFD002637464FF0440AE36D47
:10BD5000B34209D82046FFF763FD002F14BF3846D1
:10BD60006FF00100BDE8F087A56D0AFB065595F858
:10BD700041301B0711D5B8F1000F02D06B68434565
:10BD80000BD1494605F12C00FFF7ECFD28B12946FF
:10BD90002046FFF760FD00B901370136D7E770B5DF
:10BDA00083690446C0E906130D4629B10B681B7C64
:10BDB00080F8243080F82E3094F83B3023F00403D0
:10BDC00084F83B302846DFF78DFD78B104F126007A
:10BDD000B5B129684A7C12310DF054FE2B681B7CEA
:10BDE00084F824302B685B7C84F8253003F021F93B
:10BDF000421E63EB03032046BDE87040FBF7ECB83E
:10BE00006B78FFDEF0B5002385B0044603606D4615
:10BE10000B4601F110076A46186859682E4603C69A
:10BE20000833BB423546F7D10FCA251D85E80F0000
:10BE300002232046238005B0F0BD704751B14B78F6
:10BE4000082B07D80B7803704A7842700231023011
:10BE50000DF018BE70477047F8B507460C461646F9
:10BE60001D46FEF7A2FD20B1002333602C600120A7
:10BE70000BE021463846DFF741FD306030B1DFF797
:10BE800099FD2860003818BF0120F8BD2146DCF775
:10BE90007DFF08B10020F8E72146DDF741F80028D2
:10BEA000F8D008302860E2E78368DA684AB1D379CD
:10BEB000012B09D9013BDBB2D37180F83D30002062
:10BEC00070476FF0150070476FF0730070472DE9F1
:10BED000F041044618B96FF01500BDE8F081002963
:10BEE000F9D08669002EF6D00020FEF75EFD0546EB
:10BEF00030B93046DFF7F6FC18B16FF00100ECE71F
:10BF00004668E36953B394F83B3023F0040384F8A4
:10BF10003B3085BBA6612EB133681B7C84F824308E
:10BF200084F82E303046DFF7DDFC38B1A16904F12A
:10BF3000240009B109681031FFF780FF25B12946B7
:10BF400004F12E00FFF77AFF03F073F8421E63EB53
:10BF500003032046BDE8F041FBF73EB894F83B7080
:10BF6000C7F3800745B9002FD4D02046FFF79CFFC8
:10BF70000028CFD0B1E700273046DFF7B3FCD8B1B7
:10BF8000A069DFF7AFFC18B1E069DFF7ABFC08B9D7
:10BF90000025E8E76878DEF77DFE054670B194F885
:10BFA0002530002B97D04278811C04F126000DF03B
:10BFB000A8FD0028D7D18EE70546D4E76FF0020030
:10BFC0008BE730B56FF0404314464A1E9A42A1B049
:10BFD0000ED201EA0305221D04F10803694645EA71
:10BFE0008070DFF737FD08B96368236021B030BD8A
:10BFF0006FF08600FAE710B44468240A02D110BC3E
:10C00000ECF746BA6FF0860010BC704710B4446875
:10C01000240A02D110BCECF7DBB96FF0860010BC2B
:10C0200070472DE9F0418AB00446109E08903546CD
:10C030000F4605F8013B284690468DF82430DFF77F
:10C04000DFFEA8B907AB05939023CDE902830D3637
:10C0500008AB00930496019705232A4621464FF426
:10C060008070DFF723FE18B9079B119A0D33136018
:10C070000AB0BDE8F08130B50C2989B014461CD94E
:10C0800012F8015B8DF81C500D9D05950C9D0690D6
:10C09000CDE9033504F10D030D39029306AB01918F
:10C0A0000093014605234FF40070DFF7FFFD10B940
:10C0B0000E9B22781A6009B030BD6FF09700FAE746
:10C0C00038B5049C154622688A4228BF0A4618469D
:10C0D0006168A847A060002038BDC8F705B930B531
:10C0E00085B014460D466946DFF7BEFE2A46214656
:10C0F0006846C7F7F1FF10F10C0F09D030B110F10D
:10C100001C0F14BF6FF091006FF08D0005B030BDB3
:10C110006FF08D00FAE71FB56946DFF7A5FE6846A8
:10C12000F7F705FF002818BF6FF0910005B05DF824
:10C1300004FB38B50446807AC8F7F8FF6169054604
:10C1400049B1637ADB0704D4836A1B6820469B6885
:10C1500098470023636121462846BDE8384002F035
:10C16000B4BD30B50906847F054614D414F04000F0
:10C1700016D0A98BC3F30A00C1F30A01884220D864
:10C1800002F00300022809D003280AD0012811D0A8
:10C1900004F0010004E014F02000E9E7C4F380009B
:10C1A00030BD14F00200FBD013F4C05F0BD0C4F319
:10C1B0000010F5E714F0080207D013F4C05FEFD0C9
:10C1C000F5E70020ECE70120EAE71046E8E7BFF3D7
:10C1D0005B8FD0F8A000BFF35B8F00F001007047C9
:10C1E000BFF35B8FD0F8A000BFF35B8FC0F34000BC
:10C1F000704701F00F030906026948BF103352F877
:10C200002300704790F82000C0F30010704790F8AA
:10C21000203061F3041380F82030704708B50269BC
:10C220001046FFF7D4FF68B991F8240000F00F031F
:10C23000000648BF103342F82310084602F0F2FC13
:10C24000002008BD6FF00C00FBE700220023EAF796
:10C2500073BC02F06CBD02F025BD407EC0F3C0008F
:10C260007047437E23F00803437670471FB5046987
:10C270008DF80410CDE90220D4F8983001A9984730
:10C2800004B010BD1FB50469034606208DF80400F4
:10C290002046CDE90213FFF79AFF40B1C1F81E20F6
:10C2A000D4F8982001A91846904704B010BD4FF06B
:10C2B000FF30FAE738B505460C462046FFF7C5FFC4
:10C2C000014600B938BD6FF070022846FFF7DAFF6B
:10C2D000F3E72DE9F84306690746D6F80090D6F84B
:10C2E00040800D464FF0FF324FF0FF3306F18400DF
:10C2F000EAF760FB4046FFF7A8FF014618BB484637
:10C30000FFF7A3FF044620BB99F8203023F0100369
:10C3100089F8203098F8203023F0100388F8203076
:10C3200024BB012286F8B020EDB12B68C6F8A830F6
:10C330006B68C6F8AC3086F8B12038698430BDE847
:10C34000F843EAF7A9BB6FF067023846FFF79AFF98
:10C35000D0E7637EDB07D7D46FF06702214638460B
:10C36000FFF790FFCBE786F8B150E6E72DB1082242
:10C37000294604F10C00F7F7CEFF0022214638468B
:10C38000FFF780FFD9E72DE9F8430546D0F808907C
:10C39000884614461F46FFF72CFF0646002835D076
:10C3A000D9F83C302846984741463B8822463046DB
:10C3B000FFF7D7FE804690B18BB92B6993F8803098
:10C3C000DB0758BF402204F0030446BF4FF48062ED
:10C3D0004FF400711146022C0DD0032C11D02846C9
:10C3E000D9F840309847B8F1000F14BF00206FF023
:10C3F0008500BDE8F883B38B8B4228BF0B463B809A
:10C40000EDE7B38B934228BF1346F8E76FF01200B5
:10C41000EFE72DE9F3411F464B06D0F808800446AC
:10C420000D4616461BD0D8F83C3098472069FFF7D8
:10C43000D7FE88B19DF82030009329463B4632460E
:10C440002046DFF791FD0546D8F840302046984752
:10C45000284602B0BDE8F0814FF0FF35F4E76FF0F9
:10C460001505F5E770B54B06866804460D4612D0F3
:10C47000F36B98472069FFF7AAFE48B1294620468A
:10C48000DFF7BEFD0546336C20469847284670BD51
:10C490004FF0FF35F7E76FF01505F7E770B58668E1
:10C4A0000546F36B0C4698472869FFF799FEC0B123
:10C4B00021462846FFF79DFE0146A8B190F820309E
:10C4C000DB0711D590F8253003F00303012B0ED0C4
:10C4D000F3682846984704462846336C9847204618
:10C4E00070BD4FF0FF34F7E76FF01204F4E76FF020
:10C4F0008504F1E7F8B587680646FB6B0C4698475C
:10C500003069FFF76DFE00B321463046FFF771FE3C
:10C510000546E8B190F82030DB0719D590F82530B2
:10C5200003F00303012B16D001463B6930469847C0
:10C53000044628B995F8203060F3410385F820308F
:10C5400030463B6C98472046F8BD4FF0FF34F7E784
:10C550006FF01204F4E76FF08504F1E72DE9F04184
:10C5600086680769F36B05460C4698472869FFF70C
:10C5700037FEA0B394F8188028464146FFF739FEED
:10C58000014678B390F82030DA072BD518F07F0FEA
:10C5900020D197F8B030EBB1637EDB0717D597F861
:10C5A000B13033B1082207F1A80104F10C00F7F70C
:10C5B000B2FE002287F8B02021462846FFF762FE2F
:10C5C00004462846336C98472046BDE8F0816FF05A
:10C5D0006702F1E77368224628469847F0E74FF074
:10C5E000FF34EEE76FF01204EBE770B5866805469E
:10C5F0000C46F36B984721462846FFF7FAFD48B1F1
:10C6000002F095FBB0FA80F464092846336C984731
:10C61000204670BD0124F8E708B503691B680021B6
:10C62000DA8CDFF74DFD28B1437E23F0070343F09A
:10C630000103437608BD08B539B903691B68DB8C73
:10C64000013A1A44B2FBF3F25A43DFF739FD28B13D
:10C65000437E23F0070343F00203437608BD08B589
:10C6600061B903691B68DA8CDFF72AFD28B1437EC4
:10C6700023F0070343F00403437608BD0022F3E7E9
:10C6800070B586680D46F36B044698472846C8F790
:10C69000F9FD2046336C9847002070BD70B5866860
:10C6A0000546F36B98472869FFF79AFD044620B1C9
:10C6B00033683BB12846984704462846336C984770
:10C6C000204670BD0124F8E7F8B587680669FB6B62
:10C6D000044698472069FFF77AFDD8B12069FFF733
:10C6E0007FFDD0B9FB6A20469847054668B9BFF37D
:10C6F0005B8F06F1A00353E8001F41F0020143E8FD
:10C700000012002AF7D1BFF35B8F20463B6C98479D
:10C710002846F8BD4FF0FF35F7E76FF07705F4E7EF
:10C72000F8B587680669FB6B044698472069FFF7F0
:10C7300057FDB0B13B6B20469847BFF35B8F054672
:10C7400006F1A00353E8001F21F0020143E80012A4
:10C75000002AF7D1BFF35B8F20463B6C98472846F1
:10C76000F8BD6FF07705F7E72DE9F0410546D0F801
:10C770000880066914460F4631B32AB3D8F83C3016
:10C7800098472869FFF723FDD8B9C6E926742846DB
:10C79000D8F834309847044660B9BFF35B8FA036B1
:10C7A00056E8003F43F0010346E80032002AF7D183
:10C7B000BFF35B8FD8F84030284698472046BDE845
:10C7C000F0816FF07704F5E76FF01504F6E7F8B540
:10C7D00087680669FB6B044698472069FFF700FDF0
:10C7E000D0B92069FFF7F3FCC8B1BB6B204698476E
:10C7F000BFF35B8F054606F1A00353E8001F21F04D
:10C80000010143E80012002AF7D1BFF35B8F2046F5
:10C810003B6C98472846F8BD6FF00F05F7E76FF0BF
:10C820007705F4E74FF08053D3F83021082A05D17B
:10C83000D3F83401003818BF01207047002070473A
:10C84000C343C3F3C01300F00F0000EB03107047A5
:10C85000F7F731BA01238B40BFF35B8F50E8002F0D
:10C860001A4340E800210029F8D1BFF35B8F7047DD
:10C8700000698430EAF710B9006984304FF0FF3264
:10C880004FF0FF33EAF796B810B5807A0C46C8F738
:10C890004DFC836A21465868BDE8104002F0A8B8F4
:10C8A00073B5807A16461D460C46C8F73FFC2168D2
:10C8B000836ACDE90065033121F003025868042141
:10C8C000E9F75AFF00B9206002B070BDEAF768B915
:10C8D0000369C9B20C2202FB0133986C00F0070017
:10C8E000704770B50346C9B20069EFF31186202482
:10C8F00084F31288BFF36F8F0C2505FB0104A46C31
:10C9000014F0C00401D0A24211D105FB01000122A4
:10C910008264002086F31188BFF36F8F30B95B68A3
:10C920000C2202FB01335B689847002070BD4FF07A
:10C93000FF30EFE78022FFF7D4BFF8B5069F046908
:10C940000546C9B2EFF3118C202080F31288BFF3A3
:10C950006F8F0C2606FB0146B06C00F0070EBEF18F
:10C96000010F10D1B76400268CF31188BFF36F8FCD
:10C970003EB90C2041430C44C4E910236B685B585A
:10C9800098473046F8BD00F0C00087420CBF6FF0FA
:10C9900077064FF0FF36E7E713B580240094FFF7E2
:10C9A000CCFF02B010BD0069CBB200EB43100021F8
:10C9B00010471046EAF7F4B801F021BAE7F752BD84
:10C9C000F7B51C461646002382682360A3605369AE
:10C9D0000D4601AA69469847019B5A1E01921BB950
:10C9E0006FF0150003B0F0BD0098A2684768216899
:10C9F000676085B9B31AD0F800C0634528BF6346A5
:10CA00001A4403FB07112160A26002689A4206D80B
:10CA100008300090E0E76B1AB3FBF7F3EBE7002078
:10CA2000E0E713460022FFF7CBBF2DE9F04783680C
:10CA300086B05B698846914601A902AA98470024FE
:10CA4000A2462546029BAB4202D806B0BDE8F0875D
:10CA5000019F07EBC50700267B6804933A68B24242
:10CA60000AEB060302D801359A46EBE703940593D7
:10CA7000494603A8C0470028E7D0049B01361C4460
:10CA8000ECE710B50C4601F08DFC0023C4E900036F
:10CA9000184610BD38B505460C4601F083FC002D44
:10CAA00007DBA84205D9401B84428CBF002001202F
:10CAB00038BD0020FCE770B50D46284619461646DD
:10CAC0001C46FFF7E7FF30B921462846E1F722FB75
:10CAD0006FF0150070BD24B12246294630460CF097
:10CAE000D1FF0020F6E7F0B403460C46DA88006870
:10CAF0001979224306698768346842F3000303F416
:10CB00004023534001258D4023F48012DB074CBFA6
:10CB10002C43AC4334603B68F0BC18474368243373
:10CB20000B6001231360704743681B6A0020C1E952
:10CB300000307047EAF734B84FF0FF324FF0FF3360
:10CB4000EAF76AB803460A4600681979012303FA2E
:10CB500001F103691B68194218BF82F00102836862
:10CB60000AB1DB6818471B69FCE738B50546406821
:10CB700090F84A305A060C4603D511B93430FFF705
:10CB8000E1FF686890F84A305B0606D52CB1BDE835
:10CB9000384001213430FFF7D5BF38BDF0B58FB034
:10CBA0008C46DDE914150DF101078DF800C04FF03A
:10CBB000010CCDE907C1CDE90BC14468D0F810E004
:10CBC000CDF818D00020D107CDF80100CDE90950EB
:10CBD00002F0800638710D9513D59EF81C201BBA03
:10CBE000D20704935DBFBDF81130ADF801309DF858
:10CBF0001330CDF8013056BFBB70052304230793D3
:10CC00000B9306AB02939EB1002D14BF02230123A8
:10CC100003930AAB049321460223059351F8040BB6
:10CC200046B183681C68002302AAA0470FB0F0BD7C
:10CC30000123EDE783681C6804ABF5E71FB501230A
:10CC400001930DF10F03009300231A460521FFF70E
:10CC5000A5FF08B99DF80F0005B05DF804FB2DE9AC
:10CC6000FF41064615461C4601270DF10F0800231B
:10CC7000CDE900871A4605213046FFF78FFF40B9FE
:10CC80009DF80F30DB0704D52846214602F0D9FA7B
:10CC9000EDE704B0BDE8F0812DE9F3471F46436896
:10CCA0000D1E1B6A0646904656DBEA199A4253D877
:10CCB0000069FFF741FF00213046FFF756FF4FF0B4
:10CCC00000090FB93C463CE0B7F5807FBA4628BF63
:10CCD0004FF4807A0AEB0503002D03F1FF332A4657
:10CCE0004FEA1323B8BF05F1FF02B3EB222F08D0A0
:10CCF0006B42DBB25FFA85FA58BFC3F1000ACAF58E
:10CD0000807ACDE900990023802206213046FFF782
:10CD100045FF0446A8B9CDE9008A2B4681220221AD
:10CD20003046FFF73BFF044658B901220023304646
:10CD3000FFF795FFA7EB0A07D044554404460028A7
:10CD4000BFD030460121FFF710FF3069FFF7F2FE38
:10CD5000204602B0BDE8F0876FF01504F8E7F7B59C
:10CD60001E4643680D1E1B6A0446174614DBAA19AB
:10CD70009A4211D80069FFF7DFFE2B46CDE9007615
:10CD8000012203212046FFF709FF05462069FFF72E
:10CD9000D1FE284603B0F0BD6FF01505F9E7F7B5F1
:10CDA000446894F84A309A07054647D5076902F067
:10CDB000BBFA4FF47A76A0FB063206FB0122DB0BAE
:10CDC00043EA4243BA699B1A15D4B4F84420B4F834
:10CDD00046609B1AB3420EDAF61A4FF4004740F24F
:10CDE000E73000214FF47A720023E6FB0701C3F716
:10CDF000D7F902F026FA94F84A3013F004031DD153
:10CE0000CDE900338022AB212846FFF7C7FEB0B939
:10CE100094F84A309B0711D5B4F8484040F2E73106
:10CE20000D4601464FF40040E4FB00514FF47A7286
:10CE300000232846C3F7B4F902F003FA002003B038
:10CE4000F0BD43685B68D3F810350B600020704775
:10CE500043685B6802EA010021EA0201C3F80805A1
:10CE6000C3F80C150020704743685B680020C3F8C6
:10CE70000815704743685B680020C3F80C157047BD
:10CE800043685B68D3F8042521EA02001140C3F827
:10CE90000805C3F80C150020704730B503695868C1
:10CEA00000B30024884219D108688CB99C68586086
:10CEB000A14200D19860002008602AB15A680A6037
:10CEC0009A68596002B9996000200FE02846E9E7A6
:10CED00020609868814208BF9C60ECE705680446C2
:10CEE000002DF3D1002AE9D16FF0150030BDE7F72E
:10CEF000C9BB6FF05700704713B54FF08052082937
:10CF0000136E526E28BF082112BA00921BBA0C464B
:10CF10000A46694601930CF0B5FD204602B010BDEB
:10CF20003220704708B500F08AFB4FF47A73A0FBFB
:10CF3000030203FB012108BD08B5A1F10B030F2B70
:10CF400006D90A298CBF6FF015006FF0850008BD67
:10CF5000C8B200F0F8FA0020F9E708B50022012075
:10CF60001146F7F7EFF8BDE808400120C7F7C0BD4C
:10CF7000E5F796BD37B50446E8B103681B681D693F
:10CF8000F4232B71CE236B714FF080523623AB719B
:10CF9000136E526EC5F80720CDE90023EB7208220C
:10CFA0000123291DFAF74EFB20462C6003B0BDE893
:10CFB0003040DBF75BBB0369FFDE07B5C9B132B9AF
:10CFC000186800F0D6FA002003B05DF804FB012ACF
:10CFD00006D11B88ADF8043001A800F0CCFAF2E7C6
:10CFE000022A06D11B88ADF8043001A800F0BFFA70
:10CFF000E9E76FF08500E7E710B5046900F0D9FABA
:10D0000010B96FF00F0010BD4FF0FF334FF0FF323B
:10D0100004F2BC50E9F700FE94F8D435002BF0D0B0
:10D020000020F0E708B500F0A8FA20B9E1F7FAFF10
:10D030006FF0040008BD0020FCE730B543681360C2
:10D04000057A446804EBC504A34202D36FF00100E3
:10D0500030BD5C798C4203F10803F0D10020F7E782
:10D060004379014623B151F8060B83681B681847C2
:10D070006FF08500704743681B68D3F88004C3F8DD
:10D080008004704742681368D3F8100150B1D26928
:10D09000002012780A70C3F81001D3F81021012281
:10D0A0001A6070474FF0FF307047002A0FDD42686A
:10D0B0001368D3F8100158B10020C3F81001D269E9
:10D0C000D3F8100112780A70012018607047002010
:10D0D000704710B543681C680369EFF31180202284
:10D0E00082F31288BFF36F8F1A68D17B39B99173BD
:10D0F0001B680122DA734FF48003C4F8043380F311
:10D100001188BFF36F8F10BD03691A68D17B21B1FD
:10D11000012191731B680022DA737047026911685C
:10D120000346C87B40B15B681B68D3F8580118B14F
:10D1300000230B6113689889704743681B68D3F814
:10D140001001003818BF0120704743681B68D3F8EE
:10D150000423D2065CBF1022C3F80423704743683F
:10D160001B68D3F80423D20644BF1022C3F8082357
:10D17000704743681B684FF40072C3F8042370477C
:10D1800043681B684FF40072C3F80823704738B532
:10D1900043681D68D5F804335B02044605D4D5F80E
:10D1A000040310F0100006D138BDFFF7B7FF0028C8
:10D1B000F5D00120F8E72046BDE83840FFF7BDBFB5
:10D1C0000369186801601B685A607047026803466B
:10D1D000D2F8580140B95B68DB0706D4D2F82001C9
:10D1E000003818BF012070470120704710B4436811
:10D1F00002691B68D3F80413C90517D5D3F82011A9
:10D20000A1B1EFF31181202484F31288BFF36F8F53
:10D21000D3F8204134B10024C3F82041D3F8204191
:10D220000124DC6081F31188BFF36F8F1168D3F89C
:10D23000584171B17CB100240C611168C97B19B9E6
:10D240004FF48001C3F8081311688C7B1CB10023D4
:10D250008B7310BC7047D3F8241121B10021C3F89F
:10D260002411D3F8243112681368002BF1D05168CF
:10D2700010BC184713B501AA0446FFF7DEFE0028CC
:10D2800005DB019B226819791868E2F737F802B0CC
:10D2900010BD2DE9F041066933689C89BFF35B8FAF
:10D2A00094420546A8BF14461033012753E8002FC7
:10D2B000002A03D143E800700028F7D1BFF35B8F49
:10D2C0000CBF3B4600232BD13368224698680CF0F4
:10D2D000D9FBEFF31188202383F31288BFF36F8FFC
:10D2E00069680846FFF772FF326840B9106104466A
:10D2F00088F31188BFF36F8F2046BDE8F0810B687B
:10D300009268C3F844250022C3F84845C3F8202199
:10D31000D3F82011C3F85821D3F858219F60E7E7CC
:10D320001C46E9E7F6F7C7BC002201212320F6F7E7
:10D3300009BF10B50B6813B91360184605E0036800
:10D340005C681CB114600368186810BD0833036082
:10D350000B68013B0B60EDE703460A46006819794C
:10D36000012303FA01F103691B68194218BF82F017
:10D37000010283680AB1DB6818471B69FCE710B536
:10D38000036804464BB11A7D3AB1186901F0B5FA49
:10D39000206800210830FFF7DFFFA36933B963601D
:10D3A00004F11000BDE81040E9F7FABB10BD10B55C
:10D3B0000069C36A8B4207D190F89C403CB92C307D
:10D3C000FFF7DDFF204610BD6FF01500FBE76FF0A3
:10D3D0000F00F8E730B504460069D0F88850D0F85F
:10D3E000903085B05DB95BBB2469E36604F15400FD
:10D3F000E9F7D6FB002384F89C3005B030BD0BB3B1
:10D40000AB421A4628BF2A46D0F88410C0F89820AC
:10D41000009119B1002D14BF114600210191D0F8DF
:10D420008C10029181B1002B08BF00220392694643
:10D43000002201F0B5F80028DFD06FF00403D3E735
:10D440001A46E1E72A46DFE70A46EFE7F0B587B07C
:10D4500001238DF8023002238DF804306B440393CE
:10D460000E4601AB0DF1030100270546029104931E
:10D470000597E7F7FBF8041E0BDB03AA31462846A5
:10D4800000F0D9FD041E07DA9DF803102846E7F7DF
:10D49000E7F8204607B0F0BD3C46FAE7F8B50C4681
:10D4A000054600F07DFF002221460646284600F092
:10D4B00024FF03212046E2F789FD00F023F8074608
:10D4C0002B689B5953B100262146284600F066FF81
:10D4D00020460121E2F77AFD3046F8BD00F012F84F
:10D4E000C01B0628ECD96FF07306EDE700F150037E
:10D4F0009B009BB203F1804303F5883300221A603E
:10D500001B68704708B5E2F7D5FD08BD704707B541
:10D510000029ACBF002301230093B8BF00210023E2
:10D52000F6F718FE03B05DF804FBC7F7E1BAC7F7DA
:10D53000EDBA7047002383F31188BFF36F8F042384
:10D54000184602DF704738B50446E4F7CFFB0546BE
:10D550002046E4F7D1FBA54204D0BDE838400020C6
:10D5600000F046B938BDE4F7D5BB00F043B9E4F7A5
:10D57000DBBBE4F7E5BBE4F7F1BB012000F02AB91F
:10D5800008B5002000F026F980F00100C0B208BD07
:10D5900007B56FF0010300930022012311461846DE
:10D5A00000F01AF903B05DF804FB0146002000F01A
:10D5B00019B9002000F018B910B590F88030044671
:10D5C0000BB1FFF7B7FF204600F010F918B9BDE81E
:10D5D0001040FFF7AFBF10BDE4F75CBBE4F768BBDA
:10D5E000E4F77CBBE6F706BA10B4DBB214469DF84C
:10D5F00004200193234610BCE6F7ECB8E6F798B98F
:10D60000E6F7DEB9E6F7E0B807B5002300931A465F
:10D61000E6F7E0F803B05DF804FB0022E6F788B90E
:10D620000021E6F7CDB908B500F0FCFA00F00703D9
:10D63000400000F05000184340F0080008BDE6F735
:10D64000F1BC7047E1F710BEE1F718BEE1F720BE6C
:10D65000E1F732BEE3F736B8E1F7A6BDE1F7D8BD92
:10D66000E1F7F2BD08B5E3F753F8BDE80840E6F787
:10D67000BBBC08B500F08AF820B1E3F7D9F810B9BF
:10D68000E4F72EFA002008BDBFF35F8F50E8003F9B
:10D69000013340E80032002AF8D1BFF35F8F7047B2
:10D6A000407800F00703052B14BFC0F340100020A2
:10D6B000704708B5E4F7F6FA18B9BDE80840E3F793
:10D6C00093B80220E3F790F80021BDE8084008462F
:10D6D000E3F7BCB910B50446E5F7C0F8082C19D833
:10D6E000DFE804F01C1805180B0B181014000021BB
:10D6F000BDE810400846E3F7A9B9BDE81040002096
:10D70000E3F748B9BDE81040E3F7E4B9BDE81040DD
:10D71000E3F7C8B8BDE81040FFF70CBF10BD00200C
:10D72000E3F762B810B50446FFF7C3FFE4F76CFAFD
:10D73000204600F04AF8BDE81040E4F7FBB9FFF7D7
:10D74000F9BE38B50546FFF794FF044668B10122DB
:10D7500011462846E3F764FA044620B10820E3F7AF
:10D7600043F8E3F79FF8E4F7BBF9204638BDE5F747
:10D7700079BF00207047E5F783BFE5F7A1BF704789
:10D78000E5F740BF7047E5F78FBF70470020E4F72B
:10D790000BBA08B50120E4F707FA18B9BDE808404C
:10D7A000FFF7C8BE08BD00F071BA7047FFF752BF5F
:10D7B00008B5FFF751FF012008BDFFF74FBFFFF786
:10D7C0004FBFFFF743BFFFF743BFFFF73BBFFFF775
:10D7D0003BBF7047E4F704B8E4F71AB8E4F742B87F
:10D7E000E4F7BAB8E4F7F2B8FFF7ABBFE4F712B961
:10D7F000E4F736B9E4F758B908B5E2F711FF10F1CC
:10D800001D0F11DB10F1090F10DB0A2810DD1E2897
:10D8100010DD322810DD462811DD5528CCBF6FF011
:10D8200003006FF0020008BD0320FCE70220FAE7C6
:10D830000120F8E70020F6E74FF0FF30F3E76FF044
:10D840000100F0E710B50446FFF7D6FF2044C0B250
:10D8500010BD10B50446FFF7CFFF201AC0B210BDAF
:10D8600010B50446FFF7C8FF201A00B210BDFFF73D
:10D87000F0BF08B5FFF7F4FF5C3840B208BD5C307C
:10D88000C0B270477047704708B5E5F717FBFFF760
:10D89000F9FFFFF7F8FF08BD08B504200121E5F7FF
:10D8A0008FFBBDE808400C20E5F724BCE4F706BC7C
:10D8B000E4F768BBE4F73EBB08B500F003F808BD29
:10D8C00070477047062070478000002200F0FC007F
:10D8D000E5F70EBB8000002100F0FC00E5F770BB0F
:10D8E00000BF00BF00BF00BF00BF00BF704737B51B
:10D8F000ADF80410C9B20446154641B19DF90510B2
:10D900002A46204603B0BDE8304000F0A9B9E4F74C
:10D91000FBF90146F4E738B50546E4F7E7F90446B4
:10D92000E4F7F2F92A4601462046BDE8384000F007
:10D9300097B92DE9F3410E46F107044636D5036841
:10D9400093F801809D781F7803790BB9FFF7F2FDFA
:10D95000053F7A2F00F29F8008F00707052F05F09A
:10D96000300563D022D8042F03D1012002B0BDE8D6
:10D97000F081B5F1300218BF0122002AF5D0102D38
:10D9800003D0202D56D0002DEFD123689B781A07A5
:10D990000CD413F00C0FE8D1E4F798F908B9002F74
:10D9A00077D1236893F90230002BDEDAB30763D511
:10D9B0002379012B01D8FFF7BDFDA6792368E5790E
:10D9C00093F80180FF2E14BFF6180026FF2D14BF18
:10D9D000ED18002508F00708F6B1E4F7A1F90222D6
:10D9E000014630460CF08DF8B0B14FF6FF770222B9
:10D9F00001A93046ADF804700CF083F860B1B8F1BD
:10DA0000000F46D1E4F78CF902226946ADF80070A8
:10DA10000CF077F800283CD1A5B3647C022C10D020
:10DA2000082C2BD074B3FFF785FD9EE7B5FA85F27D
:10DA30005209A2E718F0040F97D1E37CFF2BB5D170
:10DA400093E7E4F787F92246014628460CF059F897
:10DA500090B14FF6FF73224601A92846ADF8043075
:10DA60000CF04FF840B1E4F781F9014688B1224645
:10DA700028460CF046F860B9002077E7E4F75CF937
:10DA80000146F4E7E4F722F90028F5D1B8F1000FD8
:10DA9000F2D003206AE7092068E703785A0607D125
:10DAA0004278DB0943EA42037E3BDBB2012B04D917
:10DAB000884234BF00200120704701207047837ADC
:10DAC000FF2B12D00268D35C012003F007039840BB
:10DAD00010F0220F0BD110F0440F0AD100F0880093
:10DAE000003818BF01200001704700207047042053
:10DAF000704708207047022804D0C31E584258417E
:10DB0000C00070470420704710B40C461146A0B105
:10DB1000802C12D8186000224FF0FF30C3F811009B
:10DB20005C71C3F80600C3F80A00D8811874586104
:10DB300010BC1A711846E5F73DBB002010BC7047B9
:10DB40000B46802B114605D842799A4238BF437163
:10DB5000E5F730BB00207047012070477047FFF7A2
:10DB60002CBEFFF72CBE10B5034690F8210098B1EB
:10DB70000C785A7EA24210D172B1486860B103F1AC
:10DB80001001531E022B9ABF9200033A00220BF0A1
:10DB9000B8FFB0FA80F0400910BD0020FCE708B5DE
:10DBA000E6F7B0F9BDE8084000F028B808B500F085
:10DBB00026F8BDE80840E5F7A9BF10B503685B7813
:10DBC00003F00702052A044601D09B0601D4FFF7A3
:10DBD000B1FC23689B7803F03003102B02D0202B7C
:10DBE00005D04BB92046BDE81040E6F79BB920466A
:10DBF000BDE81040E5F7A8BF002010BD7047704792
:10DC000000207047022070470020704700207047B6
:10DC100070477047704770477047704700207047E3
:10DC20007047704700207047002070477047002001
:10DC300070474FF0FF3070474FF0FF3070474FF0A4
:10DC4000FF3070474FF0FF30704770474FF0FF30A4
:10DC500070474FF0FF30704700207047002070473A
:10DC600013B508461446E6F77BF9002340F3072076
:10DC70002070637002B010BD07B5E6F771F9C0B24D
:10DC800003B05DF804FB00230370704770477047D2
:10DC90004FF0FF30704770470020704770470020FA
:10DCA000704700207047406B036A18477047704701
:10DCB000704770477047704770474FF08053D3F8F4
:10DCC0003021082A03BFD3F83401B0FA80F04009AC
:10DCD0000020704703460020184700F00EBE10B524
:10DCE00002461168B1B1BFF35B8FB1FA81F3C3F1A2
:10DCF0001F000123834021EA030352E8004F8C42B6
:10DD000004D142E8003CBCF1000FF6D1BFF35B8FB9
:10DD1000E7D110BD6FF00B00FBE710B50368CB40F7
:10DD2000DB0714D401238B400268BFF35B8F43EA07
:10DD3000020150E8004F944204D140E8001CBCF1BD
:10DD4000000FF6D1BFF35B8FEED1002010BD6FF056
:10DD50001500FBE770B50C4600210546084616463F
:10DD6000E6F7A4FA48B93378DB0003F1804303F502
:10DD7000F833C3F81055C3F8144570BD10B101282D
:10DD800002D07047E6F76EBBE6F71EBB18B101285C
:10DD900003D100F019B800F032B8704708B5E6F7C3
:10DDA0002FFBBDE80840E6F79DBB4FF08053D3F84A
:10DDB0003021082A06D1D3F8340102288CBF002074
:10DDC0000120704700207047E6F7C4BA38B54FF01D
:10DDD00080440223C4F808330123E3600023C4F81D
:10DDE0000431D4F8043142F21075D4F81834DB034E
:10DDF00004D50120FFF771FF013DF6D138BDFFF7D3
:10DE0000E5BFF7B5019001A8DDE9084716461D46B4
:10DE1000E6F7A0FB019BB6F1000C18BF4FF0010C18
:10DE200000EB83000B1E18BF0123002D43EA4C03B7
:10DE30000CBF4FF0000C4FF00C0C002C43EA0C030D
:10DE40000CBF4FF0000C4FF4E06C002F43EA0C03C2
:10DE5000D0F800270CBF4FF0000C4FF4403C43EAD1
:10DE60000C0322EA030301B109780EB1367876007B
:10DE700019430DB12D78AD0031430CB12478240243
:10DE800029430FB13F783F040C433C43C0F800479F
:10DE900003B0F0BD1FB50DF10F03019300238DF802
:10DEA0000F1000931A461946FFF7ABFF05B05DF857
:10DEB00004FB10B504460846E6F75CFB04EB40049F
:10DEC000207DC0F3401010BD10B504460846E6F7AB
:10DED00051FB04EB4004207DC0F3400010BD10B5A1
:10DEE00004460846E6F746FB04EB4004A08A400BD4
:10DEF00010BD70B5044608461646E6F73BFB0830F1
:10DF00000D4634F81030DA0509D5C3F3432304EB8A
:10DF1000C302314654F83330526828469847A36804
:10DF20002BB1E26831462846BDE87040184770BD05
:10DF300010B504460846E6F71DFB04EB4000838A53
:10DF4000DA051DD5C3F3432123F4F853838204F18A
:10DF5000120204F1720032F8023F13F4807F03D002
:10DF6000C3F3432399420BD08242F4D104EBC103A3
:10DF700000225A6004F17800BDE81040FFF7CDBEE2
:10DF800010BD10B50446FFF794FF38B12046FFF7E7
:10DF9000A6FF800000F5807080B210BD4FF4BE7007
:10DFA000FBE7F0B5034600F5807400200546012725
:10DFB000844695420AD1D3F87C2132B10022C3F8BD
:10DFC0007C21D3F87C3140F00040F0BD25F0404684
:10DFD00007FA06F6314209D0D4F800E0BEF1000F8E
:10DFE00004D0C4F800C0D4F800E030430135043454
:10DFF000DFE738B504460D46FFF75BFFA8B12046C2
:10E00000FFF762FF88B92046FFF769FF2268012306
:10E010008340C2F80833236803EB8000D0F8103542
:10E0200023F00303C0F8103538BD28460021BDE8B1
:10E030003840FFF72FBF2DE9F043174685B004465F
:10E040000846E6F797FAD7F800800E460546B8F17D
:10E05000000F1ED02046FFF737FF18B12046FFF70C
:10E0600028FF20BB0023CDE900338DF80E308DF85A
:10E070000F300DF10F0243460DF10E013046FFF750
:10E08000C0FE04EB4502938A23F0020343F0010330
:10E0900093827B689BB33146204693F80080D3F887
:10E0A0000490FFF711FF28B1B9F1000F1FD06FF0F6
:10E0B000150027E004EB4500838A23F4604323F036
:10E0C00020038382B9F1000F11D0B8F1030FEED80D
:10E0D0007B6821685B6893F800C04FEA8C031944A1
:10E0E000B8F1000F11D1C1F81085C1F8108504EB0B
:10E0F0004502938A23F01C0343EA88039382BB689A
:10E1000043BB002005B0BDE8F083D1F8102522F014
:10E110000302C1F8102522681344D3F8102522F415
:10E120004F3222F44072C3F810253202D3F8101592
:10E1300002F47C5242EA08420A43C3F8102504EB79
:10E140004C03A3F87C60838A43EA4C3343F02003FA
:10E150008382CCE7D3E9007831462046FFF7E8FE1A
:10E16000002FCED063689F4206D004F17800FFF7FD
:10E17000B6FD002804DAC5E7A3689845F5D100206C
:10E1800004EBC003C3E9017804EB4505C0B2AB8AD8
:10E1900043EA402343F48073AB82B2E72DE9F043B6
:10E1A000054685B0084616461F46E6F7E3F90C46D5
:10E1B000804626B32846FFF787FE18B92846FFF7A2
:10E1C00078FE18BB05EB4809B9F8143003F01C03BE
:10E1D00013B17378012B19D001238DF80F30002370
:10E1E000CDE90063721CB31C0DF10F012046FFF74F
:10E1F00008FEB9F8143043F00303A9F81430002FD7
:10E200003FD021462846FFF75FFE20B96FF015008A
:10E2100005B0BDE8F0833E782B6803EB860300224F
:10E22000C3F81025C3F8102505EB48024FEA860C09
:10E23000938A23F4604323F020039382787800B319
:10E240002968BF7861440004D1F8103523F499138C
:10E2500023F4F853C1F81035230200F4403003F4DE
:10E260007C5303433805D1F8105500F48010034364
:10E270002B43C1F81035938A43EA463343F0200319
:10E2800093820020C4E7C0E90312704770B50446CA
:10E290001546FFF70EFE48B10846E6F76BF904EBAA
:10E2A00040040020A38A5B0B2B7070BD6FF015003B
:10E2B000FBE738B590F88C4005469CB960222146B2
:10E2C00014300BF006FC2868C0F87C41D0F87C3193
:10E2D00040F30730C6F70CFC012385F88C30AB67A0
:10E2E000204638BD6FF07700FBE790F88C000038CF
:10E2F00018BF01207047E6F777B92DE9F3410446CE
:10E300001746FFF7D6FD0D462668F0B12046FFF709
:10E31000DBFD8046C8B92046FFF7E1FD820002F52B
:10E32000807346F80380F35823681344D3F810250C
:10E3300042F00102C3F8102527B12268012383406F
:10E34000C2F8043302B0BDE8F081D6F80433002BE4
:10E35000A4BF4FF00043C6F804332846E6F70AF995
:10E3600004EB4004A38AC3F38203042B12D0052BD1
:10E3700012D001A80195E6F7EDF8019BD0F8101531
:10E38000D94001F001010231284602B0BDE8F04158
:10E39000FFF780BD0321F7E70221F5E7FFF729BE6C
:10E3A000FFF7EFBD4FF080531A695869504370472B
:10E3B0004FF08053186970474FF080535869704789
:10E3C00000F180431A68002A1FBF00221A601B68F0
:10E3D000012008BF002070474FF080434FF4607267
:10E3E000C3F8042370474FF080434FF46072C3F8C2
:10E3F0000823704708B5E6F7A9FABDE80840FFF71B
:10E40000CDBC10B5A1F58074A4080123A340184029
:10E410000AD001F1804101F5E041086820B10020F7
:10E42000086009680AB9012010BD1168194311601C
:10E43000F9E708B500210120E6F71AFB0028F9D01A
:10E4400008BD08B500212020E6F712FB0028F9D00E
:10E4500008BD08B50246E6F7DDFA20B9BDE8084078
:10E460001046E6F7DFBB6FF00F0008BD07B501905F
:10E4700001A8E6F769FF019A01239340C0F8083527
:10E4800003B05DF804FB07B5019001A8E6F75CFF57
:10E49000019A01239340C0F80C3503B05DF804FBEA
:10E4A00037B5D0F818358A69DBB28DF807300B6ABA
:10E4B00093423EBF4A699DF80740D4540B6A91F8D5
:10E4C00024405A1C0A6202333CB10C69A3428C6995
:10E4D00038BF0B619C4288BF8B610C699C4206D996
:10E4E000CA68D35CC0F81C35012003B030BD8D690B
:10E4F0009D4201D9CB7FF5E7AC4238BF2C46A24202
:10E500002CBF00200120F0E770B590F82060044691
:10E51000BEB9C0E9012351B1CB7B80F82930CB785B
:10E5200080F822304B7980F82330E6F733FF2268F9
:10E5300001230020C2F8003584F8210084F820303F
:10E5400070BD6FF07700FBE738B5D0E900530446A3
:10E5500033B145F30730C6F7D9FA0423C5F80833B9
:10E560000023C5F8003594F82930ABB9D5F8080573
:10E57000E6F796FFD5F81005421C01D0E6F790FFAC
:10E58000D5F80C05431C01D0E6F78AFF94F8220069
:10E59000FF2801D0E6F784FF002384F8203038BD3F
:10E5A000F8B590F8213004460E461746002B55D199
:10E5B000436813B1012380F8213096E80F0004F17D
:10E5C000100585E80F0094F822000023FF2884F846
:10E5D000283001D0FFF757FF2FB1002384F82130F6
:10E5E0006FF08500F8BD256867620423C5F808331D
:10E5F000C5F80871D5F8083173688BB133681B789A
:10E60000C5F81C357368012B0DD933685B78C5F8E4
:10E610001C3566686EB10423C5F804330020E1E7B9
:10E6200094F82330ECE7F368012BF2D994F8233007
:10E63000EDE7211DD5F80831002BFBD0C5F80861A6
:10E640002846D5F80831FFF72BFF0028F2D194F8BF
:10E650002200FF28E2D0FFF709FFDFE76FF00F008D
:10E66000C0E770B50146044651F8040B0025C0F818
:10E670000851D0F80831FFF713FF78B994F8220059
:10E68000FF2801D0FFF7F2FE204684F8215000F861
:10E690000C5FD4E90131BDE87040184770BD00201F
:10E6A000E6F75EBF73B50E4614460546E8B1E2B123
:10E6B0001046C1F7A1FD2246204482420AD13246CB
:10E6C000002128460BF005FA2E44B54210D1002057
:10E6D00002B070BD12F8013BA3F130010A29ECD958
:10E6E00023F02003413B052BE7D96FF01500EFE73E
:10E6F0002046102201A9F3F735FC019C05F8010B17
:10E7000001340194E1E770477047704708B5E7F7B7
:10E710000BFAFFF7F8FFBDE80840FFF7F6BF10B5AA
:10E720000446E7F7D9FA2046FFF7EEFF2046BDE89A
:10E730001040E7F749B86FF06300704710F1870F9A
:10E7400006D030B110F18A0F0CBF032001207047B2
:10E7500007207047034638B1006828B1988888427E
:10E7600034BF002001207047704708B5EAF7F0FC7D
:10E77000BDE80840C5F7B8BD08B529B101F051FAA8
:10E78000BDE80840FFF7DABF072008BD08B501F073
:10E79000DDF9BDE80840FFF7D1BF10B586B01822FB
:10E7A0000446002168460BF094F96946204601F0C2
:10E7B000F2F90446684601F0F4FBB4FA84F040092B
:10E7C00006B010BD10B5C0210446FFF7C3FF30B13D
:10E7D0000A46206800210BF07CF9002010BD0720BC
:10E7E000FCE708B5C0210246FFF7B4FF30B110685E
:10E7F00001F016FBBDE80840FFF7A0BF072008BDE9
:10E8000038B505460C4659B1C021FFF7A3FF38B112
:10E810002868214601F074FBBDE83840FFF78EBF41
:10E82000072038BD37B505460C4669B1C021FFF752
:10E8300091FF48B1286801AB214601F07CFB03B091
:10E84000BDE83040FFF77ABF072003B030BD08B500
:10E8500004210246FFF77EFF18B1136800201860FC
:10E8600008BD0720FCE710B50A46044641B1042163
:10E87000FFF770FF20B1236892681A60002010BD76
:10E880000720FCE700207047EAF762BC08B501F0FA
:10E8900086FBBDE80840FFF751BF70B5049C0D46EC
:10E8A0001846D4E902138B42164603D00131A16009
:10E8B000002070BD216871B1636863B11B889D42FF
:10E8C00028BF1D462A46B047002804DC6FF0040329
:10E8D00023610120EDE7636803B11D800023F7E7A2
:10E8E000C5F702BD08B5084611460122E7F7CAFC84
:10E8F000002814BF1720002008BD08B1C6F7F2BDDC
:10E90000704710B5436904463BB90020E26853786C
:10E9100043F001035370404210BD98470028F4D0E3
:10E920000028B8BF4042E368FF28A8BFFF20187046
:10E93000ECE740B1C368587810F001001EBF1878AA
:10E94000B0FA80F040097047EFF31183202383F37E
:10E950001288BFF36F8FFEE72DE9F04F89B0DDE934
:10E960001268059243460546324606A80F4600F057
:10E97000DDFCDDE90634CDE90234EFF311844FF01C
:10E98000200989F31288BFF36F8F05F10C0A05F196
:10E99000140B059A149B39462846984730B184F3E6
:10E9A0001188BFF36F8F09B0BDE8F08F56EA0806F3
:10E9B000F5D0DDE9022306A800F0DDFCDDE90668FC
:10E9C0005246CDE9006821465846E8F711FFEFF3BB
:10E9D000118489F31288BFF36F8FDAE710B400F166
:10E9E0000C04C0E903440024047510BCF3F71FBFF6
:10E9F00038B50446EFF31185202383F31288BFF363
:10EA00006F8FC3F735FE04F10C0000F0F9FB30B155
:10EA1000294604F11400BDE83840E8F771BE85F3DB
:10EA20001188BFF36F8F38BD10B582696AB1C368B2
:10EA300042EA0301890708D14169A2FB011424B904
:10EA40005B182CBF0121002102D36FF0150005E0F7
:10EA500001619B1A42698A4201D8002010BD0269F7
:10EA60001A608269036101319B1AF3E72DE9F041D5
:10EA700005460F46EFF31188202383F31288BFF376
:10EA80006F8F0669FEB90468A0421CD0DCB1D4E9DE
:10EA9000003213605A60237CA66023F002032374C3
:10EAA000C4E9006604F11800E9F762F92046C4F8E9
:10EAB00084606761E8F71CFD414605F10800BDE888
:10EAC000F041E8F71DBE3E60EB692F61013BEB6151
:10EAD00088F31188BFF36F8FBDE8F08110B5202453
:10EAE000EFF3118384F31288BFF36F8FF5F754FBB4
:10EAF000F6E7D0E9003213605A60027C002322F06E
:10EB00000202C0E9003302748360704713B5012428
:10EB10000094E7F77FFE02B010BD90F90E308B42F3
:10EB200001D0E8F797BE0020704703460020C3E9F4
:10EB30000200C3E900337047D0E9003213605A6025
:10EB4000027C002322F00202C0E9003302748360D9
:10EB500070472DE9F04190469DF81820079E044625
:10EB60000D4602B14568224652F80C7F974217D0F5
:10EB7000B7B13846FFF7E0FF07F11800E9F7F8F8FA
:10EB80000023C7F88430C7F814803846E8F7B0FC93
:10EB900004F108003146E8F7B3FD0020BDE8F0813C
:10EBA000A3B10820E9F78CFB002838D00122C0F877
:10EBB00004800260016801F003015DB922680A4324
:10EBC0000260626820606AB960600BE0C8F80030DB
:10EBD0004046EFE72A68032A16D80160616869B9E0
:10EBE000C4E90000042104F1140000F0FAFC00283C
:10EBF000CED186F31188BFF36F8FCFE70A6802F09A
:10EC0000030202430A60DFE722F003020A430260C4
:10EC10002A6802F0030240EA02032B60E2E76FF089
:10EC20000B00E6E70023C0E90033037200F10C0398
:10EC3000C0E9033300F11403C0E90533704770B530
:10EC40000546EFF31186202383F31288BFF36F8FFD
:10EC5000034653F80C4F9C421BD074B12046FFF77B
:10EC60006BFF04F11800E9F783F80023C4F884303F
:10EC700063612046E8F73CFC0124082105F11400FB
:10EC800000F0AFFC38B934B986F31188BFF36F8F49
:10EC900070BD0024F1E7314605F10800BDE8704081
:10ECA000E8F72EBD07B50A46EFF31183202181F363
:10ECB0001288BFF36F8F019301230093002319463D
:10ECC000FFF747FF03B05DF804FB07B50A46EFF313
:10ECD0001183202181F31288BFF36F8F01930023EA
:10ECE00000931946FFF735FF03B05DF804FB13B539
:10ECF0000A46EFF31181202383F31288BFF36F8F4D
:10ED000003683BB90124019100941946FFF721FFE4
:10ED1000204606E0934206D181F31188BFF36F8F3E
:10ED2000002002B010BD1B6823F00303E9E7EFF3F6
:10ED30001183202282F31288BFF36F8F006818B10D
:10ED40000268920718BF406883F31188BFF36F8F82
:10ED50007047EFF31183202282F31288BFF36F8F85
:10ED6000406818B10268920718BF406883F31188A1
:10ED7000BFF36F8F70475AB18A4209D300F1100375
:10ED8000C0E90212C0E90000C0E904330020704766
:10ED90006FF015007047026801238B4022EA0303DD
:10EDA000036022FA01F000F0010070477047F8B5E7
:10EDB00004460E460C300321FFF7EDFF054630B147
:10EDC000103420272046E8F7D3FF0B3001D0284627
:10EDD000F8BD336883F31188BFF36F8FEFF31183AE
:10EDE00087F31288BFF36F8F3360EBE770B5C368AA
:10EDF000C3F340069B07044616D4856802210C30F5
:10EE0000FFF7C9FF80B1D5F88C206AB194421DD1BB
:10EE100022689EB9D5F89030C5F88C209C4201D16B
:10EE2000C5F8902000232360E36813F01F001EBF85
:10EE300043F00203E36040F0020070BD3260D5F899
:10EE40009020944208BFC5F89060EBE71646126820
:10EE5000DBE738B5E0B150F8944F844218D0BCB12C
:10EE6000D4E9003213605A60237C002523F00203AA
:10EE7000C4E900552374A56004F11800E8F778FF91
:10EE8000C4F8845065612046BDE83840E8F730BBDF
:10EE900038BD73B50446EFF31185202383F3128840
:10EEA000BFF36F8F0023A0F11006032104380193F4
:10EEB000FFF771FF28B1A369019301A93046E8F774
:10EEC00017F885F31188BFF36F8F02B070BD38B5A6
:10EED00004460D46102200210AF0FBFD656038BD96
:10EEE000EFF31183202282F31288BFF36F8FC06883
:10EEF00000F01F0083F31188BFF36F8F704713B5C5
:10EF000001900846EFF31184202383F31288BFF3A6
:10EF10006F8F01A9E7F7ECFF84F31188BFF36F8FC0
:10EF200002B010BD10B5FFF7EAFF041E08DDEFF3D5
:10EF30001180202383F31288BFF36F8FE8F7F6FC6C
:10EF4000204610BD70B50D46EFF31186202383F3E4
:10EF50001288BFF36F8FE8F71DF8044686F3118817
:10EF6000BFF36F8F38B14FF0FF324FF0FF3305F131
:10EF70001000E7F751FE204670BD08B5A822002119
:10EF80000AF0A7FD08BD38B5302204460D46002121
:10EF90000AF09FFD4FF480736560E36038BD37B5BC
:10EFA0000446EFF31183202282F31288BFF36F8FA0
:10EFB00001A90193FFF7FBFE2046019DFFF716FF15
:10EFC00085F31188BFF36F8F03B030BDF7B50546E9
:10EFD0000E46EFF31184202383F31288BFF36F8F63
:10EFE000C36803F01F03002B14BF012700270CD0B8
:10EFF00001A90194FFF7DBFE2846019CFFF7F6FE0E
:10F0000031462846E7F756FF034684F31188BFF3DD
:10F010006F8F3BB14FF0FF324FF0FF3306F1080026
:10F02000E7F7FAFD384603B0F0BDC0E90000002064
:10F030007047EFF30580003818BF012070476FF06C
:10F04000570070470020704738B58589EFF311816C
:10F05000202282F31288BFF36F8F037C13F0080421
:10F0600004D081F31188BFF36F8F38BD0122E8F718
:10F07000A9FAEB07F9D584F31188BFF36F8F042346
:10F08000184602DFF1E7E8F771BBD0E90032136000
:10F090005A600023C0E90033704708B5FFF7F5FF59
:10F0A000037C23F0020303740023836008BD10B5C2
:10F0B000EFF31184202383F31288BFF36F8FE8F7F7
:10F0C00017FA84F31188BFF36F8F10BD38B504466B
:10F0D0000D46E8F74DFA237C43F002032374D5B1C3
:10F0E000A5602B689D4209D16B68C4E900531C6080
:10F0F0006C6010E06A689A42F6D01B68002BF3D06F
:10F1000093F90E1094F90E209142F3DD5A68C4E988
:10F11000003214605C6038BD08B5EFF31181202225
:10F1200082F31288BFF36F8F83680BB1FFF7B5FFCF
:10F1300081F31188BFF36F8F08BD08B5037C13F00E
:10F14000280F01460CD183680BB1FFF7A6FF0B7C9B
:10F1500023F004030B740846BDE80840E8F7C8B97B
:10F1600008BD38B50446EFF31185202383F31288D8
:10F17000BFF36F8FE8F73EFE18B9A4F11800FFF750
:10F18000DCFF85F31188BFF36F8F38BD08B50346E8
:10F19000EFF31181202282F31288BFF36F8F006892
:10F1A000834207D008B1FFF778FF81F31188BFF3DE
:10F1B0006F8F08BD0020F8E770B50546EFF31184A6
:10F1C000202383F31288BFF36F8F83680BB1FFF79F
:10F1D00064FF183520262846E8F7CAFD0B3004D016
:10F1E00084F31188BFF36F8F70BD84F31188BFF370
:10F1F0006F8FEFF3118486F31288BFF36F8FEAE706
:10F2000070B50546EFF31186202383F31288BFF310
:10F210006F8F04680020A54204D186F31188BFF3E4
:10F220006F8F70BD002CF8D02046FFF736FF04F139
:10F230001800E8F79DFD2046E8F75AF92C680120F0
:10F24000E9E738B50C460546E8F7AAFBB4F1FF3FFD
:10F2500008BFB5F1FF3F1FBF47F6FF7300224FF411
:10F260007A71E0FB01321ABFD80B40EA42404FF0FE
:10F27000FF3038BD2DE9F04706460F4691469A46C5
:10F28000EFF31188202383F31288BFF36F8F006898
:10F29000864206D028B17368984214BF05680025DD
:10F2A00068B90024B9F1000F02D051462046C84782
:10F2B00088F31188BFF36F8F2046BDE8F087514671
:10F2C000B84704460028EDD135B17368AB4200D091
:10F2D0002C6828462546E3E72C46FAE708B5E8F708
:10F2E000E5FBBDE80840E8F711BC70B5EFF3118607
:10F2F000202282F31288BFF36F8F03686BB1E8F7A7
:10F300008FFC04460D46E8F783FC201A65F10001E6
:10F3100086F31188BFF36F8F70BD18461946F7E763
:10F3200008B5E8F7F1FD08BDE8F7EEBDB3F1FF3F22
:10F3300008BFB2F1FF3F70B506461D46144614D013
:10F340001A4316D0002B08DBE8F7DEFD041941EB69
:10F350000501C6E90041304670BD6FF001031C1B7A
:10F360004FF0FF3363EB0501F3E74FF0FF34214625
:10F37000EFE70024FBE7B3F1FF3F08BFB2F1FF3F27
:10F38000F8B5074616461C4610D054EA020311D0C1
:10F39000E8F7BAFDB0420A46A14103460AD2F31A81
:10F3A00064EB0204C7E900343846F8BD4FF0FF3380
:10F3B0001C46F7E70023FBE730B50023C0E908123D
:10F3C000002400F118020025C0E90622C0E900333C
:10F3D000C0E902450363436330BD0346EFF3118286
:10F3E000202181F31288BFF36F8F0021006B196316
:10F3F00082F31188BFF36F8F704730B5D0E90034C6
:10F40000984208D03CB1A568DDB112F9522C15F92B
:10F41000525CAA4207DDC1E90004216041600FE0AF
:10F42000A342F8D01B68002BF5D09D684DB115F9AB
:10F43000525C9542F4DD5A68C1E9003211605960AE
:10F4400030BD00239B7BFFDE2DE9F84F00250F46E2
:10F450001446984601462E464FF0200AA946BD4262
:10F4600002DB3046BDE8F88FEFF3118B8AF3128888
:10F47000BFF36F8F4B7B03F03F03082B09D853B1C9
:10F48000013B072B07D8DFE803F0281C06220606FD
:10F49000062E102B2DD0B8F1000F3BD12378002B76
:10F4A00038D04B7B03F03F03082B3AD8002B3AD0DF
:10F4B000013B072B37D8DFE803F04339363F3636B8
:10F4C00036460B699B68002BE5D0022317E00B69D9
:10F4D0001B68002BDFD0042311E00B699B68002B15
:10F4E000D9D001230BE00B695B6A002BD3D010232A
:10F4F00005E00B69DA895B899A42CCD02023CA687F
:10F50000C1F80890C2F38630034363F39432CA60B3
:10F5100084F800908BF31188BFF36F8F013514319D
:10F520009DE7102B13D08C600136F3E70869224663
:10F530001030FFF762FFF6E7086922461430F8E75B
:10F5400008692246F5E7086922462830F1E708698C
:10F5500022463030EDE72DE9F843846805460E4633
:10F56000D4B16378012B22D114F8503C9A0711D5FD
:10F57000A4F160073846FFF71FFE082E14BF0023D2
:10F580006FF00303636214F8503CDB0602D1384687
:10F59000FFF78DFD002323700023AB60EB68C3F3FE
:10F5A0008632164366F39433EB60BDE8F883022B92
:10F5B000F0D12378002BEDD054F8048CB8F1000F73
:10F5C000E8D027464FF0000907F8149904F1140019
:10F5D000E8F7CEFBC4F82C9039464046FFF78FFC85
:10F5E000D8E738B5EFF31185202383F31288BFF3F2
:10F5F0006F8F0468A04211D0D4E9003213605A60C2
:10F600000023C4E900332046FFF7A5FF85F31188E6
:10F61000BFF36F8F201E18BF012038BD0024F5E70F
:10F620002DE9F3470446DDE90A9815460E4659B31D
:10F6300002F0010AE8F722FA0746EFF311812023CE
:10F6400083F31288BFF36F8FA80744BF0023A36022
:10F65000A36803EA0600BAF1000F0CD086420CD171
:10F660006A0744BF8343A36081F31188BFF36F8FA0
:10F6700002B0BDE8F0870028F2D159EA080305D1AD
:10F6800081F31188BFF36F8F0020F1E7C7E9196597
:10F690002246CDE9009804F10C00E8F7A9F800280B
:10F6A000F2D1786EE4E710B50446D0E919020B6890
:10F6B00012F0010F03EA000301D0984210D17BB190
:10F6C0006366520742BF4A681A434A6004F1180051
:10F6D000E8F74EFB0023C4F884302046FFF72DFDE9
:10F6E000002010BD0A46E8F7A3BD0A460021E8F74E
:10F6F0009FBD5200FFF794BF043270B504460ED28E
:10F70000EFF31185202686F31288BFF36F8F41F047
:10F710000401984785F31188BFF36F8F08B9002063
:10F7200070BD40F8044BFBE710B5014670B151F8CD
:10F73000040DEFF31184202383F31288BFF36F8F3E
:10F74000C2F796FF84F31188BFF36F8F10BD73B5B6
:10F7500015461C4600260DF107030DF106028DF833
:10F760000760E8F7F7FE58B99DF8070004B120706C
:10F770009DF80620294602B0BDE87040E9F77EBE3C
:10F78000304602B070BD10B40124019B019410BC3E
:10F79000E8F712BF08B50379934206D10830E9F7BC
:10F7A000F7FEBDE8084000F0DAB86FF0860008BD4B
:10F7B00008B5036803F0FE43B3F1806F04D108304D
:10F7C000E9F77AFE002008BD6FF08800FBE72DE91D
:10F7D000F04796B004469A460E46904600214422D1
:10F7E00005A8DDE92257DDF87C900AF072F9214680
:10F7F000CDF800A04346324605A8FFF7C4FF0446F3
:10F8000068B9B9F1000F0ED103ABCDE90073DDE9A2
:10F8100020122B4605A8E8F743FF044660B105A86F
:10F82000FFF7C6FF1DE01E994A4605A8FFF7B2FF85
:10F8300004460028E8D0F2E7039A05B1154404AB6A
:10F84000BA1A294605A8E8F7C5FF04460028E6D1FC
:10F85000DDE903321344249A05A81360FFF7A8FFDB
:10F860000446204616B0BDE8F08710B5044608B13E
:10F87000E9F79AF92046BDE81040E9F785B900F4A8
:10F88000E040B0F5805F04D0A0F5005358425841E5
:10F8900070470120704738B5037904460D4653B9C7
:10F8A00063692B60237E012B4FF000000AD0286093
:10F8B0006FF0960005E0D0E9081200F0C9FB0028BF
:10F8C000EED038BD02232376FBE73AB1002918BFFA
:10F8D0000023D21A212118440AF0FBB870472DE901
:10F8E000F341D0F804804769044640460E4600F0D4
:10F8F00080FB054660BB5FFA88F31BB93FB16FF030
:10F90000860525E0013F6FF040439F42F7D2A06893
:10F9100020F47F4020F003000028F0D162884FF6E9
:10F92000F8739A4218D8277907B901A83146E9F740
:10F930009FFC054660B90FCCD6F800C066460FC6DE
:10F9400094E8030086E8030017B9019BCCF8143053
:10F95000284602B0BDE8F0816FF08505F8E700F6B3
:10F96000FF7240F67E739A421DD9434213F07F0323
:10F9700006D03D2BC3F1000028D16FF093007047F3
:10F9800010F1920F22DA10F5A14F0AD018DC10F511
:10F99000C74F3DD023DB10F5C54F14D010F5C14F34
:10F9A0001DD16FF085007047683040F25513C34099
:10F9B00013F0010F0CBF6FF083006FF086007047EB
:10F9C00010F5994F0BD16FF08600704710F13C0F86
:10F9D00010DA10F15F0F05DA10F1680FE4DA6FF05A
:10F9E0008300704710F1400F14BF6FF083006FF079
:10F9F000930070470028D6D0F1DC10F1220FD0D050
:10FA000010F1200F14BF6FF083006FF08500704776
:10FA10006FF09600704741F2052398421AD8B0F56E
:10FA2000905F09D241F2010398420CD0B0F5885F93
:10FA300009D06FF085007047A0F5905080B229235F
:10FA4000C340DB07F5D511F0070F14BF6FF0860038
:10FA500000207047B0F5105FEBD121F04003802B00
:10FA600006D0B1F5807F14BF6FF08600002070478C
:10FA70000020704770B5046A05460E463CB9012067
:10FA8000E9F77CF8286228B16E62204670BD6FF0FD
:10FA90008A00FBE76FF08C00F8E7F8B50F461146D7
:10FAA00006461546FFF7E6FF044620B9306A2A46A7
:10FAB000394609F0E7FF2046F8BDF8B504460F4681
:10FAC00000881E46154692B1FFF7D9FE78B1089B13
:10FAD000D10019602088FFF79EFF044628B93946F7
:10FAE000304609F0CFFF079B1D602046F8BD6FF040
:10FAF0008504FAE710B50446006A10B1616AFFF7A1
:10FB0000B4FE0020C4E9080010BD38B50446FFF774
:10FB1000F1FF237E012B0FD0023B012B0FD8E369AD
:10FB2000012B14BF6FF096050025282200212046E6
:10FB300009F0CFFF284638BDE369002BF1E76FF0ED
:10FB40009605F2E708B1FFF7E0BF704713B504462A
:10FB5000C0B101A9E9F7CCFB044698B9019B1A7E14
:10FB6000022A12D103221A761A79FF2A10D01AB16A
:10FB7000586900F051FA0446019800F023FA002871
:10FB800018BF0446204602B010BD6FF09604F3E79C
:10FB90006FF08404F0E773B5054608460C4600F0A4
:10FBA00000FA00231A4601A92846E9F743F950B99B
:10FBB000019E35460FCD0FC495E8030084E803008D
:10FBC000304600F014FA02B070BD70B514460288D9
:10FBD000049E10461D46FFF752FE68B922F44050BD
:10FBE00044F20103984207D002F44F42B2F5824F2B
:10FBF00002D0B2F5844F0ED1B4420FD82246284627
:10FC000009F040FF321B0021281909F062FF059B13
:10FC100000201C6070BD6FF08500FBE76FF089006D
:10FC2000F8E72DE9FF4188461F4616460AB3002330
:10FC30003B60012203A9E9F7FDF8044690B9039D52
:10FC40006B681B0AD5E9081210D1CDE9006743465D
:10FC50002846FFF7BAFF0446284600F0C8F9002CF2
:10FC600008BF0446204604B0BDE8F0816FF086046A
:10FC7000F2E76FF08904F5E72DE9F0411E4686B002
:10FC8000002305460F46049333609046002A53D064
:10FC9000B2F1005F53D204A9FFF721FE044668B910
:10FCA0000498436A73B104986A6843880593120AFA
:10FCB000036A50F8241F0FD06FF086040498FFF7F2
:10FCC00041FF2FE06B681B0AF6D14146FFF7D2FED9
:10FCD00004460028E7D0F1E705AACDE9010200912A
:10FCE000424639462846FFF7E8FE04460028E5D19B
:10FCF0000499059B4A88CAB94B804FF6F872934223
:10FD000017D82B88049813B102889A42D4D16B88F3
:10FD100013B142889A42CFD13146FFF7BCFD044669
:10FD20000028CBD1204606B0BDE8F0819A42C3D16D
:10FD3000E3E76FF08504C1E76FF08604F2E76FF048
:10FD40008504EFE710B50446006830B1012805D1FD
:10FD5000201DE9F797FD0023236010BD6FF0880098
:10FD6000F9E738B50C460168054691B904F0FE4341
:10FD7000B3F1007F13D1031D6C22184609F0A9FED0
:10FD80002146E9F791FD044628B901232B6020465E
:10FD900038BD6FF088042846FFF7D4FFF7E76FF00F
:10FDA0008604F8E738B50546006878B112B9002432
:10FDB000204638BD012809D1281DE9F7A1FD0446D8
:10FDC0000028F4D02846FFF7BDFFF1E76FF0880464
:10FDD000F8E738B500241C600546006868B10128C2
:10FDE00008D1281DE9F79EFD04462846FFF7AAFF23
:10FDF000204638BD6FF08804F7E76FF08804F7E716
:10FE000030B4039C0025256000F0FE44B4F1007F6F
:10FE100002D130BC01F0EAB86FF0860030BC704708
:10FE200010B50446006858B101280AD104F1080051
:10FE3000E9F722FE00232360A3886FF30803A38061
:10FE400010BD6FF08600F5E72DE9F0430C4685B054
:10FE5000016898460023054617460393002940D1C0
:10FE600000F10809B822484609F033FEB8F1000F46
:10FE700020463B460CBF4FF400624FF4806203A95A
:10FE8000E8F7D8FF044670BB039C2A1D218838463A
:10FE9000E9F73AF8064658BB6B7968F300036B71D3
:10FEA0006168D4E90823090AB8F1000F12D009BB30
:10FEB00000972146484601F0C6F8044698B9012348
:10FEC0002B60039800F093F8002E18BF304605B061
:10FED000BDE8F08371B900972146484601F0B5F8B6
:10FEE000EBE76FF088042846FFF79AFF2646E8E71D
:10FEF0000446F8E76FF08604F5E70123FFF7A4BF97
:10FF000038B50546006898B112B90024204638BDBE
:10FF100001280AD105F10800E9F7C2FE04460028CD
:10FF2000F3D02846FFF77CFFF0E76FF08604F8E790
:10FF30006FF08804EAE72DE9F041054600680F46B6
:10FF40001646984610B36A79D2071FD52A79EAB1C6
:10FF5000B2421ED801281FD105F1080001F077F840
:10FF6000044618B10023C8F800602B7137B1D8F8E7
:10FF70000030324621463846FFF7A7FC2846FFF7F7
:10FF80004FFF002C18BF2046BDE8F0816FF08804B9
:10FF9000E8E76FF08904E5E76FF08604E2E7E8F749
:10FFA0002DBF1822002109F094BD037E022B06D13B
:10FFB000C3695A1C03D00133C361002070476FF03E
:10FFC00096007047034668B1017E8A1E012A0BD84D
:10FFD0000329C26903D1012A01D1FFF796BD1AB1E5
:10FFE000013ADA61002070476FF096007047FFF722
:10FFF000E9BFC0B2FF280CBF6FF086000020704739
:020000024000BC
:100000001FB5014601AA0220FBF7DBFF8C3018BFA9
:10001000012005B05DF804FB1FB50146044601AAA6
:100020000220FBF7CEFF8C3002D1002004B010BDBF
:1000300021460220DBF708FE10B16FF09800F5E7CB
:1000400001AA21460220FBF7BCFF8C30EDD0F4E77B
:100050002DE9F041074686B01446884600293FD076
:10006000002A3DD0B2F5005F3DD202F124063146B0
:100070000120E8F783FD0546C0B303463A46214612
:100080004046E9F799F97F693846FFF7B9FF01283B
:1000900020D00023009332462B4639460220DBF75E
:1000A000FBFCD0B903AA39460220FBF78AFF0446BD
:1000B00020B9049B9E4205D06FF098043946022077
:1000C000DBF7C2FD31462846FFF7CFFB204606B0DE
:1000D000BDE8F0816FF08A04F4E76FF09804F1E76F
:1000E0006FF08604F2E76FF08D04EFE76FF08C0499
:1000F000ECE7FFF7BABB2DE9F047466986B0054645
:100100008A469146314603AA0220FBF75AFF04466D
:1001100018BBDDF8108001204146E8F72FFD0746A7
:10012000002837D003AA314602200294FBF749FF8A
:10013000044670B902ABCDE900730246434631462E
:100140000220DBF717FD029B9845044609D06FF0AB
:10015000980441463846FFF788FB204606B0BDE8C4
:10016000F0870028F5D100954B4652464146384667
:10017000E9F740F904460028EBD1DAF8001031B174
:10018000D9F80030002B08BF6FF09104E1E76FF061
:100190009104DEE76FF08C04DFE730B5416F01F0CA
:1001A0000303032B85B0044606D1826A3AB9436B38
:1001B000023B012B1AD80262002005B030BD056B4E
:1001C0002378681E0343606A003818BF0120023A92
:1001D00043EA8013520843EAC2032370236A0020D3
:1001E000C2B2954200F1010006D853B141F01001AE
:1001F00061676FF08600E0E7C2F10F02A3541B0AAB
:10020000EEE703AB009310222346214604F13800A9
:10021000E9F70EFA0028D0D0636F43F0100363674C
:10022000CBE72DE9F04788B00DF1100A05460C46E2
:1002300017460021102250469846DDF8409009F0FC
:1002400048FC00230393102203AB0093A9185346E4
:1002500005F13800E9F7ECF9064658B16B6F43F049
:1002600010036B6750461021E8F79EFC304608B03B
:10027000BDE8F0870AEB04010446221D974209D22B
:10028000A742EFD918F804300A5D534009F804304A
:100290000134F5E758F804300859434049F8043070
:1002A0001446EAE77822002109F013BC2DE9F04159
:1002B000044617460846012219461E46E9F7DEF8AD
:1002C0000546A8B1037903F01F03102B10D1383471
:1002D0002046E9F7F1F829462046E9F709F948B937
:1002E0003246394620460123BDE8F041E9F720B9FE
:1002F0006FF08600BDE8F08110B5044640B138309B
:10030000E9F7DAF820467821BDE81040E8F74CBC60
:1003100010BD2DE9F0411D46073B062B044616464D
:1003200028D800F11103C5F10F07A0464163076308
:100330000F2218460021013F09F0CBFB08F8107F7F
:100340002A46314609F09EFB681C226B002140447E
:1003500009F0BFFB0123E377E0182A46314609F094
:1003600091FB636F43F0010363672046BDE8F041F2
:10037000FFF713BF6FF08600BDE8F081022B30B4A9
:1003800012D0102B10D813F001050DD1B1F57F4F0D
:100390000AD2C0E90A35436FC0E9082143F00203DD
:1003A000436730BCFFF7F9BE6FF0860030BC704782
:1003B0002DE9FF47436F13F0100604460F4615461C
:1003C0004BD1002A41D0180747D45907626A40D45C
:1003D000954242D8217881EA12212170617843F058
:1003E00004034A406270636704F138080DF10C0998
:1003F000E16A023101F00F01C1F11003AB4228BFE5
:100400002B4604EB010C002202F1040E9E450CEB7E
:10041000020025D993422CD8E26AED1A1A441F44EF
:100420000B44102BE26202D0636A9A422BD1CDF8C2
:1004300000902346102221464046E9F7F9F810B310
:10044000636F43F0100363670646304604B0BDE8AF
:10045000F087E36A2B449342C6D96FF08606F4E72F
:10046000B8585CF802A080EA0A004CF80200724614
:10047000CAE717F802E090F800C08CEA0E0C00F80A
:1004800001CB0132C6E7002DB2D1E26A636A9A421B
:10049000DBD1636FE56243F008036367D5E72DE9BD
:1004A000F04F9A46436FDB068BB0044689461646EA
:1004B00000F1C980836A2BB1C36A1344026A934274
:1004C00000F2C180149B9E4200F2BD80159B1E600D
:1004D00004F1380303930EB933468FE0E36A03F067
:1004E0000F07C7F11005B54228BF35462B44E3621C
:1004F000636B23F00203012B44D0636B33F00208DB
:100500002DD10DF1180B4B46CDF800B02A463946D7
:100510002046FFF786FE034600286FD1E3195846B0
:10052000A3F1040C08F10402954271D243444545FD
:1005300078D82A465946504609F0A4FA7B19102B60
:1005400003D0E26A236A9A4279D105AB00930398FB
:10055000234610222146E9F76BF8034660BB2F447F
:10056000102F68D1206B0021CBB2984267D9C3F11C
:100570000F03234401311A7C0132D2B21A74002ACB
:10058000F2D05CE0E1190023181D854201EB030263
:1005900017D29D421ED87B19102B03D0E26A236A22
:1005A0009A421FD105AB009303982346102221469F
:1005B000E9F73EF80346A8B1626F42F010026267A5
:1005C0001CE059F8032051F803C082EA0C02CA501B
:1005D0000346D9E719F803001178414002F8011BDE
:1005E0000133D6E74B46CDF800A02A4639462046CF
:1005F000FFF717FE034600283FF47FAF102106A83F
:100600000393E8F7D1FA039B18460BB0BDE8F08FCF
:100610005CF8021050F804EB81EA0E014CF802106D
:1006200090467FE71A781BF808104A4003F8012B20
:1006300008F101087BE7E26A236A9A4292D0761BAE
:10064000A944AA4447E76FF08603DDE7F7B5436F97
:100650001746DA0604460E463AD403F00302032A8C
:1006600039D1426A0AB11B0735D5236A13B1E26A50
:10067000934230D1A36ABB422DD10022216B104698
:10068000D3B28B4202F101021DD300942346102203
:1006900000212046FFF7C5FD054688B926B13A4638
:1006A0002146304609F0EEF90026102231466667F1
:1006B000204609F00EFA10223146A01809F009FA76
:1006C000284603B0F0BDC3F10F0323441874D7E7E5
:1006D0006FF09605F4E76FF08605F1E72DE9F04F2E
:1006E00085B015461A460E9BDDE90FB7DDE9119A74
:1006F000DDE913860446FFF70CFEF0B933462A46BF
:1007000039462046FFF73AFEB8B93A4659462046E0
:10071000FFF74EFE88B903ABCDE900532A46534696
:1007200049462046FFF7BBFE38B9324641462046CF
:1007300005B0BDE8F04FFFF789BF05B0BDE8F08F09
:1007400010B588B00F9C06940E9C05940D9C0494E3
:100750000C9C03940B9C02940A9CCDE90034134634
:100760000A460121FFF7BAFF08B010BDF0B58DB001
:100770000C46149903911399159D02911299179F94
:10078000069708AECDE90031CDE9045613460021A5
:100790002246FFF7A3FF58B916983A46314600F0B3
:1007A000F6FC28B128462146E8F7FEF96FF09400E0
:1007B0000DB0F0BD3C22002109F08BB910B5044604
:1007C00000F007FC2046BDE81040E8F7DDB910B5A1
:1007D0004FF4C4710120E8F7D1F9044608B100F0E4
:1007E000A9F8204610BD13460A46022100F0A7B81A
:1007F00010B50446FFF780FD2046BDE81040E8F73D
:10080000C3B910B578210120E8F7B8F9044608B15A
:10081000FFF748FD204610BD13460A460221FFF7A8
:1008200045BD10B5044600F0D1FC2046BDE810409F
:10083000E8F7AAB910B54FF48C710120E8F79EF9DA
:10084000044608B100F0BDFC204610BDE9F7DABB54
:10085000E9F70EBBE9F75ABC2DE9F04F85B01E460B
:100860000023039303AB00938B460B46914600F5A0
:10087000B0711022DDE90EA70446E8F7D9FE8046E4
:1008800038B110215846E8F78FF9404605B0BDE869
:10089000F08F94F88031EBB1CB4400252A1D9642AD
:1008A00032D2AE4238D894F88031012BEDD104F524
:1008B000B87404EB09020021081D864202EB010313
:1008C00032D28E42E1D9785C1A78424003F8012B8B
:1008D0000131F6E704F5B8724A440546291D8E42F7
:1008E00002EB050309D2AE42D6D91AF805101A78E0
:1008F0004A4003F8012B0135F5E75AF80530505905
:10090000434053510D46E9E75BF805305AF80510AE
:100910004B407B511546C1E71BF805301AF80520FE
:1009200053407B550135BCE77B58545863405350C6
:100930000146C1E74FF4C472002109F0CAB82DE99D
:10094000F0431E4623F04003802B044689B008463E
:10095000904608D0B6F5807F05D06FF08605284612
:1009600009B0BDE8F08301223146E8F787FD05466E
:100970000028F2D0077907F01F07102FEDD120468D
:10098000E8F79AFD29462046E8F7B2FD054600281B
:10099000E5D10123324641462046E8F7C9FD054628
:1009A0000028DCD101463A4604A809F092F803ABCE
:1009B000009304AB3A46194620460395E8F738FE03
:1009C00005460028CBD1DDE90423C4E93023DDE965
:1009D0000623C4E9322300220023C4E91023C4E91A
:1009E0001223042184F881014FF0020C03200F46EA
:1009F00011FB0C724FEA021804EB021201F1040E13
:100A0000D2F80C90936899FA89F91BBA4FEA590900
:100A10004FEA0E1649EAC37904EB0E1E5B0899FAF9
:100A200089F91BBACEF80830CEF80C9092F80790EE
:100A300043EAC9138EF8083054F80830D2F804801D
:100A400098FA88F81BBA4FEA580848EAC3785B0856
:100A50001BBAA35198FA88F8CEF80480D27B12F022
:100A6000010F0CBF00226FF01E0253400138A35546
:100A70004FEA6101BCD10422082104EB0113013AC1
:100A8000186C5E6C00BA36BAC3E91060986CDE6C04
:100A900000BA36BAC3E912604FEA6101EDD14FF0F6
:100AA000030C0220031D1F0104EB031104F150028B
:100AB000403F01260FE007EB0208002351F803E056
:100AC00052F803908EEA090E48F803E00433102B25
:100AD000F4D1013610328642EDDBBCF1010C4FEA55
:100AE0004000DFD13BE72DE9F04788B04FF0000828
:100AF00004468A461746CDF80C801D46002B6FD061
:100B000000F5B07610224146304604F5B87908F079
:100B1000E0FF10224146484608F0DBFF0022002398
:100B20000C2DC4E95023C4E9522384F880A115D1C7
:100B30003B68C4F860317B687360BB68B3600123B5
:100B400084F86F3103AB0093102204F5A87331468B
:100B50002046E8F76DFD08B0BDE8F0876B0FEA00AE
:100B600012BA1BBACDE90488CDE9063204F5AE7A93
:100B7000102DA8464FF0000328BF4FF010081A1D93
:100B800090451CD203F25F122244984521D8324688
:100B900031462046E8F7D2FDB5EB08054744E7D1DA
:100BA00004AB116853F8040B414042F8041B4A455A
:100BB000F7D1324631462046E8F7C0FDC2E7BB1800
:100BC0005AF8021053F8043C4B404AF802301346DE
:100BD000D5E7F85C12F8011F414011700133D4E7EA
:100BE0006FF08600B7E72DE9F04114460E46D0E9D4
:100BF0005221151951F100054FF0000328BF0123C0
:100C0000002B75D16D0F73D112F00F071DD0C7F1F6
:100C10001005A54200F5B87228BF254602EB070C67
:100C200003F1040E75450CEB03012DD29D4234D81F
:100C30002F44102F02D11146E8F780FDD0E9522150
:100C4000AA1841F10001641B2E44A21841F10001D1
:100C5000C0E95221254600F5B87237190F2D26D864
:100C600014F00F010DD024F00F0333440022151DA2
:100C70008D422ED904F00C0404F26F1210448C4201
:100C80002FD30020BDE8F081F1585CF8038081EAA1
:100C900008014CF803107346C2E716F803E091F818
:100CA00000C08CEA0E0C01F801CB0133BEE7002333
:100CB000A7EB050E5EF8031052F803C081EA0C01A1
:100CC000D1500433102BF5D11146E8F737FD103D14
:100CD000C4E702F5B8769A5887597A4082512A4675
:100CE000C5E71A5D10F8015F6A4002700134C6E77B
:100CF0006FF08600C6E72DE9F04F87B01446054631
:100D00000F461022002102A8984608F0E2FE109B30
:100D1000A342C0F09380119B1C60002C38D0474543
:100D200004D2A8EB0703A342C0F08B80D5E9506B37
:100D300031195BF100024FF0000328BF0123002BA3
:100D40007FD16FF01F038B424FF00F03934178D395
:100D500056EA0B0320D1D5F848311B0705D005F51D
:100D6000B87211462846E8F7E9FCA6194BF10003D2
:100D7000C5E95063A04427440F2CA8EB0401A7EB5E
:100D8000040230D8002C47D1102102A8E7F70CFF4D
:100D9000002007B0BDE8F08F16F00F0AE5D0CAF1C9
:100DA0001009A14528BFA146CDE900784B4652461F
:100DB00002A92846FFF750FD0028EAD109EB0A02F4
:100DC000102A05D105F5B87211462846E8F7B6FC99
:100DD000D5E9506319EB060643F1000BA4EB0904B7
:100DE0004F44C844C1E7D5F86C311BBA01331BBA74
:100DF000C5F86C312846CDE900211023002202A954
:100E0000FFF72AFD0028C4D105F5B872114628461F
:100E1000E8F794FC103CAFE7D5F86C311BBA01330E
:100E20001BBAC5F86C312846CDE9002123460022C3
:100E300002A9FFF711FD0028A6D0AAE76FF08900EC
:100E4000A7E76FF08600A4E72DE9F04F002287B0F6
:100E50001A60D0E95031D0E952264FEAC109F600B4
:100E60001943DDE91078044649EA53794FEAC30A89
:100E700046EA52764FEAC20B08D1120706D000F5B7
:100E8000B87211460193E8F759FC019BA8F10405DB
:100E90000C2D4DD81B0705D004F5B872114620461D
:100EA000E8F74CFC424604F5A871384608F0EAFD24
:100EB0004AEA0B0349EA0602134303D1002007B0B4
:100EC000BDE8F08F9BFA8BF3039399FA89F336BA56
:100ED000049304F5B8729AFA8AF30296059302A86D
:100EE000134604F5C076196850F804CB81EA0C016A
:100EF00043F8041BB342F6D111462046E8F71EFC26
:100F00000023E118F858D1F8701141401846083014
:100F10008045F95003F10403F3D225F003030433B1
:100F20009845CBD9F95CD05C4140F9540133F7E7DF
:100F30006FF08600C3E77FB515461A46089B044646
:100F4000FFF7D1FD38B9DDE909122046FFF74BFE66
:100F500018B16FF0860004B070BD03AECDE9005645
:100F60000C9B0B992A462046FFF7C5FE0028F2D1BC
:100F70000D9B01930E9B009302460146334620468B
:100F8000FFF762FF0028E6D0E3E7F0B58DB00C462E
:100F9000169903911399159F02911299179D049523
:100FA00008AECDE90031CDE9057613460021224691
:100FB000FFF7C1FF58B914983A46314600F0E7F8F8
:100FC00028B128462146E7F7EFFD6FF094000DB0F9
:100FD000F0BD10B5044640B1E8F76EFA20464FF474
:100FE000C471BDE81040E7F7DFBD10BD2DE9F04347
:100FF0009DB0DDE9248904460E46174600216C2287
:1010000001A81D4608F065FD2146C9F8008001A829
:10101000E8F74AFC044668B93A46314601A8E8F7C1
:101020006FFC044630B94B464246294601A8E8F712
:1010300079FC044601A8E8F725FC002C18BF2046DF
:101040001DB0BDE8F083E8F741BDE8F73FBD38B516
:101050001C460368154623B1E8F798FC00B92560E3
:1010600038BD6FF08800FBE76822002108F031BD31
:1010700010B16821E7F798BD70472DE9F0410546AA
:101080000E46144612B3036C03F03F079B1803642B
:1010900022BF436C013343647FB1C7F1400842452E
:1010A0000FD34246384408F0EDFC29462846E8F7BD
:1010B00017FE27444644A7F140043F2C09D82CB121
:1010C000002722463146E81908F0DCFC0020BDE884
:1010D000F081374606EB0408394628464037E8F7E2
:1010E000FFFDA8EB07033F2BF6D8A4F1400323F044
:1010F0003F0340331E44E41ADFE738B5036C03F0C6
:101100003F035A1C0D46382A4FF08001C154044653
:1011100010442FD8C2F13802002108F0DAFCD4E9DB
:1011200010315A0F42EAC102DB0012BA1BBAA263A5
:10113000E36321462046E8F7D3FDA36C1BBA2B607E
:10114000E36C1BBA6B60236D1BBAAB60636D1BBA9B
:10115000EB60A36D1BBA2B61E36D1BBA6B61236E51
:101160001BBAAB61636E1BBA2046EB61FFF780FFD1
:10117000002038BDC2F14002002108F0AAFC21463F
:101180002046E8F7ADFD382200212046C5E70023C0
:1011900070B51C461E1DB24205D293420BD3A0B2BD
:1011A00040EA144070BDC5182D680B441B686B40A5
:1011B0001C433346EEE7C55CCE5C75402C430133DF
:1011C000EBE74FF48C72002108F083BC18B14FF4A8
:1011D0008C71E7F7E9BC704770B50C230024CD583B
:1011E00022462EBA42EA460212BAC250043B1A1DE7
:1011F000C5F3C014F3D10B78DB095A421343DB1754
:10120000C27B03F087035340C373002070BD38B521
:10121000054618B96FF08604204638BD0468002CD6
:10122000F8D00029F6D00123E8F782F90446002817
:10123000F2D12B68002BEDD09B79023B022BE9D831
:1012400024210120E7F79AFC20B1A8631021E7F7D9
:10125000ABFCE1E76FF08C04DEE72DE9F04F0F46C1
:1012600085B016468046002879D00368002B76D0DA
:10127000002974D0846B002C71D01D79206A05F090
:101280001F05F8B12A1AB2421CD21030204408F0CF
:10129000F9FB04F110020023191DA9422CD92344A3
:1012A0001A1B954231D803AB00932A4623462146A8
:1012B0004046E8F7BDF9E0B9236A2062EA1A3344F0
:1012C00017445E1B05F1FF394FF0010A0DF10C0BBD
:1012D000B144B9FBF5F9CA4538D34EB1206A103094
:1012E00032463946204408F0CDFB236A334423625A
:1012F000002005B0BDE8F08F52F8100C1368434091
:1013000042F8103C04320B46C6E71A7C19784A4072
:1013100003F8012BC4E7FA58E0584240E2500B466C
:10132000191D8D4204EB0302F5D2AB4210D3CDF868
:1013300000B023462A4621464046E8F779F90028BE
:10134000D7D1761B2F440AF1010AC4E70023E7E74F
:10135000F85C1178414002F8011B0133E5E76FF0BA
:101360008600C6E72DE9F04F93B0064603910028AA
:1013700000F0CB800368002B00F0C780856B002D48
:1013800000F0C380002900F0C08006AF102138466D
:101390000DF128081C790DF13809E7F705FC10213B
:1013A0004046E7F701FC10214846E7F7FDFB3268AD
:1013B00004F01F0492B392F804A00AF01F0A0DF182
:1013C000140BCDF800B04B46524649463046E8F77C
:1013D0002FF950B9BAF1100F07D149463846FFF737
:1013E000FBFE39464046FFF7F7FE10214846E7F777
:1013F000DBFB2B6AA34205F1100A11D33846CC4619
:101400000022111DA14265D9A2421ED21AF8021073
:10141000B85C414009F802100132F5E79246CEE788
:101420004846CC46002293423ED91AF802100CF8E6
:10143000011B01329442F6D8C4460022111DA1427C
:1014400037D909EB0201A2423BD348460022A5F15D
:10145000040C111DA14246D9A918A2424CD3304612
:10146000CDF800B02B4622462946E8F7E1F80646BB
:1014700020B903982246294608F004FB102138467B
:10148000E7F792FB10214046E7F78EFB002310217F
:1014900050462B62E7F788FB10212846E7F784FBCC
:1014A000304613B0BDE8F08F0CBF01210021C90107
:1014B000BDE702685CF8043B5A4040F8042B0A463A
:1014C000BCE7087818F802C080EA0C0001F8010BAC
:1014D0000132B8E76A1850F8043BD2685A404CF819
:1014E000042B0A468DE75CF8012050F8043B5A4073
:1014F0004CF801200A46ACE719F802C0087880EAE7
:101500000C0001F8010B0132A7E76FF08606C7E770
:1015100000F591405430EBF723BF00F59140543073
:1015200003F0A2BE00F584407830EAF775BDE9F714
:10153000F9BA00F5804090F89C097047243000F01B
:1015400081BC00F5824008B5383019B1F0F7D2F807
:10155000002008BDF0F7F8F8FAE700F5804090F8B1
:10156000E001704700F58040D0F83801704700F581
:101570008040D0F83C01704700F58040C0E91C1263
:10158000704700F5804080F86C10704713B54B79B8
:1015900013F0180F0ED000F5804001916C3001A9B6
:1015A000EBF7AEFA0446019808B1E9F76DF9204669
:1015B00002B010BD0724FAE710B504460846E9F763
:1015C00033F9024604F580400021BDE810406C303C
:1015D000EAF72ABF38B500F58043044693F8393559
:1015E00093B900F586406C30E9F776FC054648B9BA
:1015F00004F584407830EAF78DFB04F5854024300B
:10160000EAF788FB284638BD0D25FBE738B500F51D
:101610008043044693F8395585B900F586406C300F
:10162000E9F7D0FB04F584407830EAF773FB04F562
:1016300085402430EAF76EFB284638BD0D25FBE7D0
:10164000E9F722B940897047037961F345130371C3
:10165000704700F066BA00F0D7B910B50446FFF73E
:1016600068FF20B1201DBDE8104000F0A1BC10BDF6
:1016700010B50446FFF75DFF18B16068003818BF69
:10168000012010BD00F58A4000223830EEF790BFEF
:1016900038B500F58043044693F8395585B900F50F
:1016A00085405C30EAF756FE04F584407830EAF76E
:1016B00031FB04F585402430EAF72CFB284638BD81
:1016C0000D25FBE738B500F58043044693F83955FE
:1016D00085B900F585407C30ECF786F904F5844047
:1016E0007830EAF717FB04F585402430EAF712FB5F
:1016F000284638BD0D25FBE700F58E4010307047B9
:1017000038B500F58042054692F83925A2B9A9B14D
:101710000B789BB100F585405C3002F0F9FB044684
:1017200005F584407830EAF7F5FA05F58540243070
:10173000EAF7F0FA204638BD0D24FBE70724F9E765
:1017400000F5804090F839057047EFF7F5BB08B514
:1017500000F58A403830EDF7F9F9006808BD00F56A
:101760008A4010B538300C4621B1BDE81040002148
:10177000EDF7F8BF0121EEF789F9204610BD0023EF
:1017800000F5814210B50832436000F108031946A4
:101790008033934204D100F5804300229A6010BD4B
:1017A000446843F8804C4160F1E710B500F5804291
:1017B00001B910BD43680C680B6041601389013B9F
:1017C00013812146F4E770B504460E4665683DB9BD
:1017D00031462046E9F722F80028F7D0284670BDA8
:1017E0002B68636004F580442389628901339BB2CE
:1017F0009342238138BF1346638100232B60EDE7BA
:101800000170427070474368036003B1DB69436055
:10181000704738B5C3890D46194489B28B420446D6
:1018200001D9032038BDE9F707F80028F9D1A389C9
:101830006581AB4228BF2B46A381F3E74389194456
:1018400089B2994201D3FFF7E4BF0320704783892F
:10185000194481F31001438989B2994228BF19467E
:101860008181704743898B4228BF0B468381704733
:101870008389408983429ABFC01A80B20020704792
:10188000837903F00F03012B04D1C079431A584226
:1018900058417047002070470329034609D8027950
:1018A000C2F38000520706D45A7961F342025A719A
:1018B0007047072070470D2070472DE9F04188469A
:1018C0005978064617461D46FFF77DFF044618B9AE
:1018D00000242046BDE8F0818022002108F0F9F8BC
:1018E0006379E78168F3471363712A780023C4E9B9
:1018F0000734A388520002F0860223F4C45323F075
:10190000060342F408621A43A28069782046FFF772
:10191000C3FF014620B121463046FFF746FFD7E717
:101920002046FFF776FF0028D3D0F4E7C0E909127C
:10193000704710B4446A2CB1002242622346826A86
:1019400010BC184710BC7047C3890B44C38143893E
:101950005B1A438183898B4286BF5B1A9BB200234B
:101960008381704743898B4294BFDB1A5B1A99B21B
:10197000FFF74FBF70B54489A1422FD215880D449F
:10198000AEB2B14201D8A54201DB641A1480C48909
:101990009860214489B24F29054610D83030C1F1F2
:1019A00050040844A4B218609C801188A14238BF3A
:1019B0009980138838BF0C461B1B138070BD5039AB
:1019C00089B22D689D607B2906D80435C1F17C045D
:1019D0000D44A4B21D60E7E77C39F1E70024E3E79A
:1019E0000B880BB99380704793681B68936004332E
:1019F00013607C2393800B887C2B28BF7C239380EF
:101A00000A88D31A0B807047F0B587B01546ADF839
:101A100006300DF1060203AB0746FFF7ABFF2C467D
:101A2000BDF810601EB9601B80B207B0F0BD03990D
:101A30003246204608F026F803AA0DF10601384682
:101A40003444FFF7CDFFEBE74B880988FFF7DCBF95
:101A500038B54589CC18AC4203DCFFF7D5FF002030
:101A600038BD0620FCE710B44C889C4203D309889B
:101A700010BCFFF7EDBF062010BC704770B51346D1
:101A800016460A4681890546FFF7E2FF044618B963
:101A900031B22846FFF7DBFE204670BDF0B587B0B7
:101AA0001546ADF806309CB20DF1060203AB0746B1
:101AB000FFF760FFBDF8106026B9B4FA84F0400962
:101AC00007B0F0BD0C9B03983246294607F0C8F8D2
:101AD0000028F2D0A41B03AA0DF1060138463544B4
:101AE000A4B2FFF77DFFE5E770B586B01446ADF808
:101AF00006300DF1060203AB0646FFF73BFFBDF8CB
:101B000010500DB906B070BD2A462146039807F063
:101B1000C7FF03AA0DF1060130462C44FFF760FF12
:101B2000EDE72DE9F0410F461146B0F80A80054671
:101B30001646FFF783FE044628B933463A46414627
:101B40002846FFF7D1FF2046BDE8F0812DE9F0419E
:101B500086B00D46ADF8063099B2134416469AB2D7
:101B60009642074626D86A899A4225DBB0F80A8051
:101B7000FFF764FE044608BB03AB0DF106023146D5
:101B80002846FFF7F7FEBDF810601EB9204606B0E4
:101B9000BDE8F081039A414638463346FFF7A4FF7B
:101BA000B04403AA0DF1060128461FFA88F8FFF792
:101BB00017FFE8E70724E9E70624E7E70324E5E75A
:101BC0002DE9F04182420C4688B00646154619467A
:101BD00001D1A34218D36B460EAA2846FFF7CAFECE
:101BE000BDF8047017B908B0BDE8F081009A21462D
:101BF00030463B46FFF778FF3C446A460EA928462C
:101C0000A4B2FFF7EDFEEBE7BDF838703C44394471
:101C1000A5B28CB2002FE6D0202FB84628BF4FF0D7
:101C20002008A4EB0804A4B2A5EB080543466A46C5
:101C30002146ADB23046FFF7E7FEA7EB0807434663
:101C40006A4629463046BFB2FFF74EFFE2E737B596
:101C5000154600910246294600230446FFF7B0FFCF
:101C60002946204603B0BDE83040FFF76DBEF7B50A
:101C70000F46002105461646E8F714FE044630B923
:101C80000146009733462A462846FFF799FF20462B
:101C900003B0F0BDC289E8F741BE4189FFF7FABF42
:101CA00038B50B8843828B7803720D46044691F950
:101CB00003102C3003F083FC297904F12E0003F08B
:101CC000B1FC6A79237962F3410323716B796279FC
:101CD000C3F3400363F30002627138BD0B7923F054
:101CE00004030B71036823B9C1E907330160416044
:101CF000704712B1012A06D07047C1E90732036864
:101D00001962016070470023CB6143680B62D9619F
:101D1000EDE70368994204BFCB69036043689942C9
:101D200004BF0B6A43600B6A0BB1CA69DA61CB6905
:101D30000BB10A6A1A620B79002262F38203C1E9CD
:101D400007210B71704710B5FFF7E3FFBDE81040A6
:101D50000846E8F799BD10B50446216801B910BDE1
:101D60002046FFF7F0FFF8E70B68036003B1DB697B
:101D7000436070470068704700EB8103032901D975
:101D80000020704753F8040F0028FAD10131C9B27E
:101D9000F4E70021FFF7F0BF38B50B794D7943F038
:101DA0000403C5F341050A460B7129460446FFF7B3
:101DB000E3FF106248B92368D3612260D36903B19D
:101DC0001A6204EB8504626038BDC369D361C261E5
:101DD000F4E710B54B79C3F3410300EB8302546879
:101DE0008C4209D10C6A546034B16479C4F3410463
:101DF0009C421CBF0023536003688B4204BFCB6925
:101E00000360CB690BB10A6A1A620B6A0BB1CA692B
:101E1000DA610B79002262F38203C1E907210B71B9
:101E200010BD10B5FFF7D5FFBDE810400846E8F734
:101E30002BBD10B50446216801B910BD2046FFF73F
:101E4000F0FFF8E7F0B590F8204000F1100505EB41
:101E5000C4062B469E4203D1022C09D103200EE07A
:101E60001F68B94202D15F68BA4209D00833F1E76E
:101E7000631C80F8203045F8341000207260F0BDFB
:101E80001820FCE703680B43036043680B4343607F
:101E90000830E8F7E1BD4368194201D1FFF7F2BF0E
:101EA000704710B540B10023441E98B2814203D957
:101EB0000133E25C002AF8D110BD03461A781846B7
:101EC00001330AB9104601E08A42F7D17047A0F108
:101ED0004103192B9CBF2030C0B2704738B5034670
:101EE00010469AB1012A19D101391A4611F8015F39
:101EF000134612F8010B8DB1FFF7E9FF044628469F
:101F0000FFF7E5FF8442F1D000200FE001391A46C7
:101F100011F8014F134612F8015B2CB91B78002B06
:101F200014BF0120022001E0AC42F1D038BD08B559
:101F30000022FFF7D3FF831E5842584108BD70B5F9
:101F400006460D460024AC4201D3012009E0305D75
:101F5000020604F1010405D407F0C3FD0028F2D005
:101F6000002070BD4306FBD5810613D5C20613D5EC
:101F70000307F5D4032308E0AC42F1D0325D02F050
:101F8000C002802A04F10104EAD1013BDBB2FF2B3D
:101F9000F2D1D8E70123F8E70223F6E710B50446AB
:101FA000BEF72AF901462046BDE81040FFF7C7BF3B
:101FB00038B500250468056004B938BD60688442FE
:101FC0001CBF436863600368456008BF00249847EE
:101FD000F2E710B50446E3F701FC206000F1004091
:101FE00001386060204610BD03685A1A11EA2201C8
:101FF00038BF194643685A1A13EA220338BF0B4602
:102000004360704743684968981A8A1A92EA000F39
:1020100058BF581AC00F704738B50C461146A26811
:102020009442034606D00568AC420BD10260E8F743
:102030001DFDA46038BD94420DD011469268002A5F
:10204000F9D1F6E72A460021F9E78B68002BF0D09A
:102050009B688B60EDE70029F7D1002DE9D0AA68D5
:102060001A60E6E72DE9F047936805460C461646E8
:1020700098473246814621462846FFF7CDFFD5F8DE
:1020800000A04FF0000857462FB14A463946204677
:10209000FFF7B8FF58B1B8F1000F0BD1C4F808A092
:1020A0002C6031462846BDE8F047E8F7DFBCB8466B
:1020B000BF68E9E7D8F80830A360C8F80840BDE871
:1020C000F0871144E8F7F8BC38B50D460446E3F74D
:1020D00085FB2A4601462046BDE83840FFF7F1BFA0
:1020E000D1E9003103F10043013B8B4201D0E8F715
:1020F000E3BCE8F7D7BC8368984203D04368CB1AA7
:10210000002B01DAE8F7D8BC704770B506680446C2
:102110000D467EB18B6898477368C01A002809DBAA
:1021200020462A463146FFF777FF33683046BDE840
:102130007040184729462046BDE87040E8F796BC35
:1021400010B50446E3F74AFBD4E90031E2689A424D
:10215000A0EB030002D10028A8BF013110BD08B5D3
:10216000FFF7EEFF4FF47A720023BEF719F808BDAF
:102170000368C1688B4202BF43680133436001F1C9
:1021800080410830E8F798BC70B500250446C0E9E6
:1021900001550C3007F040FB04F10D00EFF742FD54
:1021A000214604F11000E8F7A1FC214604F12400C7
:1021B000E8F704FC214604F14800EFF7CBFD214687
:1021C00004F15C00FFF7DBFA04F5804021466C3037
:1021D000EAF708F904F582402146383005F0D3FBD0
:1021E00004F5834021466430EFF7DCFA04F58440BF
:1021F00021467830E9F706FF04F585402146243072
:10220000E9F720FF04F5854004F5804621465C305F
:10221000EAF7D2F804F58540214686F8FA527C3078
:10222000EBF716FC04F586402146683003F06FFAA0
:1022300004F5864021466C30E8F7E0FD04F589405E
:102240002146383004F0FEF804F5894021463C3040
:10225000EBF77CFE04F58A4021463830EDF7CEFFDF
:1022600004F58F4021461030EBF7FAF804F58F4063
:102270002146383002F07BFF04F58F4021463C3088
:1022800005F0AAF904F591402146453005F0FBFB25
:1022900004F591402146483005F071FA04F591406B
:1022A00021465430EBF78CF804F591402146683014
:1022B000EAF7A8FF04F5924021460430EFF78CF9C5
:1022C00004F5924021462830EBF75EF904F5924080
:1022D00021465830EAF7E0FF86F89C59EFF7BCFC3E
:1022E000C6F8A009204670BD00F5804310B5012254
:1022F000044600F5854083F89C297C3003F031F9D1
:1023000004F586406C30E8F757FD04F15800EFF70C
:10231000A9FC04F58A403830BDE81040EDF740BE16
:10232000837EC22003F00F03D84000F00100704705
:1023300010B504460C30E8F7B5FBE37A23F0FC0354
:10234000E372238B03F08003238310BD024608B59C
:10235000E8F740FC137E990702D5642828BF642063
:102360005B0704D5B0F57A7F28BF4FF47A70537EAF
:102370000F2B02D9BC2828BFBC20936833F07C42C5
:1023800004D0C3F31903984228BF1846002808BF99
:102390000A2008BD38B501294568044602D1FFF777
:1023A000D5FF6060E3F71AFA63696268014604F1D9
:1023B0000C0098420CD095420CD0246813195B1A7B
:1023C0000A2B4CBF0A222146BDE83840FFF779BEF0
:1023D0002160F9E738BD027ED10705D442F0010241
:1023E00002760121FFF7D6BF7047017ECA070FD5DD
:1023F000C1F3C302013202F00F0262F3C601042AE4
:10240000017601D8E8F7FABB027E22F07802027664
:102410007047037E13F0010F08D023F07803037692
:102420000B681B88DB0601D5E8F7E8BB7047037E25
:10243000DB0702D50121FFF7ADBF7047037E10B463
:10244000C3F340048C4208D061F341030376DB07F9
:1024500003D510BC0121FFF79DBF10BC7047C37AA4
:10246000032B0FD903F0FC01FC290BD0FC33C37202
:10247000DBB2032B06D8437E23F0F0034376012121
:10248000FFF788BF7047C37A427E10B403F0FC04A4
:10249000FC2C1CBF0433C372002908BF08210F297C
:1024A00028BF0F211309C9B28B4238BF0B46114612
:1024B00063F30711037E4176DB0705D50F2A03D8A6
:1024C00010BC0121FFF766BF10BC70470088704741
:1024D000037861F3000300F8283B09B1E9F7ECB990
:1024E000E9F700BA0378DB0704D500F110011430D6
:1024F00007F093B90B20704710B5044690B0E3691C
:1025000008466BB121B9216A10B0BDE810401847E8
:1025100001A800F0B1FF18B9D4E9073101A8984724
:1025200010B010BD07B5C3694BB17F2907D0027C3D
:102530008DF805108DF80420016A01A8984703B0B2
:102540005DF804FB0378590758BFC3F3C003417813
:1025500058BF83F00103024654BFDBB2002331B9F8
:1025600028300BB101F04CB8D17AE9F7CFB97047F8
:102570000278910606D522F020020270827AC27299
:10258000FFF7E0BF704710B50378C3F380028A42BB
:1025900004462CD061F38203037059B92178C1F34A
:1025A000C00104F12800E9F779F92046BDE81040A0
:1025B000FFF7C8BF43885A0606D5A030E8F772FA7D
:1025C000638823F0400363806378062B09D104F10C
:1025D000A000E8F767FA0023637004F19800E8F7B9
:1025E0003BFA2378C3F380015B07D7D5D9E710BD49
:1025F0001F2908B50CD8C268CA40D20708D502788E
:10260000C17242F020020270FFF79CFF002008BD5B
:102610000720FCE729B1012303FA01F1438819439C
:102620004180437813B99830E8F716BA704730B450
:10263000C5684382FF230374002A14BF13462B4648
:102640002B40436130BCFFF7E5BF70B50478E40769
:102650001AD54478012C19D0468816F0020F15D1EE
:10266000022C13D0C6F3800476070FD4002AC3616E
:10267000049B036214BF13464FF496730A4601216C
:10268000FFF7D5FF204670BD0D20FCE70520FAE7D7
:1026900070B50478E40716D54478012C15D0468827
:1026A00016F0020F11D1022C0FD0C6F3800476076A
:1026B0000BD4C361049B036213460A460221FFF751
:1026C000B6FF204670BD0D20FCE70520FAE7027832
:1026D000D20708D54278042A05D04388DB0602D405
:1026E0000421FFF797BF704708B50178CA0712D5D4
:1026F0004278052A0DD0428812F0200F09D1C2F38A
:10270000001282F0010262F3410101700521FFF71E
:1027100081FF002008BD0D20FCE730B500248BB000
:10272000D0F894508DF810402146062207A88DF865
:102730001A4007F0CEF92222214601A807F0C9F974
:102740004FF6FF71012307A8ADF812108DF81A306B
:102750008DF8104000F045FE07238DF8243001A8C5
:1027600003232946019300F0C5FA28460BB030BD7B
:1027700070B500248AB005462146062207A88DF8C8
:1027800010408DF81A4007F0A4F92222214601A832
:1027900007F09FF9D5F83200D5F83610D5F89460D7
:1027A00002AB03C3022329898DF8103007A800F07B
:1027B00014FE314601A88DF81A40019400F09AFAEF
:1027C000304600F0AAFC4FF0FF3303700F23437034
:1027D0008470C47030460AB070BD21B9D0F8E430BE
:1027E0000133C0F8E430837A93420CD1B0F83A2137
:1027F000B2F5007F3EBF013292B2A0F83A2100F557
:102800009C7002F0CABE7047C38D8B4209D003781A
:102810005B0708D54FF6FF73994214BF16200020BE
:102820007047002070471620704738B50446FFF700
:1028300059FE04F1280540B928460121E9F72EF890
:102840002046BDE83840E8F795BD21782846C1F319
:102850008001E9F723F821892846E9F707F80021E4
:1028600020466170FFF748FE2046BDE8384000F082
:1028700000B838B543780446002B65D1027812F0D1
:10288000010305D14380BDE83840A030E8F70AB91C
:1028900043885D0617D5062262706178002934D01E
:1028A00001228A4023EA020304F1A005638028463E
:1028B000E8F7F8F86378062B46D8DFE803F0262B14
:1028C000303535353A00980701D50122E4E759073C
:1028D00001D50222E0E71D0701D50322DCE79806B7
:1028E000C3F300110BD571B192070CD4228802F00A
:1028F000FD0242F4806242F002022280CDE700290C
:10290000CBD00422C8E70522C6E72046BDE8384000
:10291000FFF718BE2046BDE83840FFF786BF2046C7
:10292000BDE8384000F011B82046BDE83840E8F76F
:1029300021BDE17A04F12800E8F7E8FF2846642188
:10294000BDE83840FFF7C0BB38BD38B50446FFF7D7
:10295000C9FD40B1E3690020607043BB2046BDE87B
:102960003840FFF786BF638A04F1280583B9217CCC
:102970002846E8F7CBFF2846E9F702F8014620464B
:10298000FFF7D0FD2046FFF7ADFD0028EFD0E1E7CF
:1029900023785B0703D4217C2846E8F7B7FF628AD7
:1029A000217C2846E9F71EF80028D3D138BD216ADA
:1029B0009847D3E710B50446FFF7B4FD2046BDE8BD
:1029C0001040FFF7C2BF13B5044608460DF10701DA
:1029D00000F068FB9DF80730042B12D0072B17D1AD
:1029E000D4F808310133C4F808312378DA0705D563
:1029F000DB0603D503212046FFF70CFE012002B0C1
:102A000010BDD4F800310133C4F800310020F6E7DE
:102A1000D4F80C310133C4F80C31F7E710B5283085
:102A20000C46E8F7B3FF2146BDE8104002F025BE92
:102A30000088704703681970090A5970704708B513
:102A400003460068FFF7F4FF39B140F01001184663
:102A500089B2BDE80840FFF7EDBF20F01001F6E7AE
:102A600008B50068FFF7E4FF10F4807F0CBF032077
:102A7000022008BD00F44052B2F5005F034622D1A7
:102A800020F44E5020F03F0048F2400290421ED009
:102A900010D8B0F5446F1AD007D8B0F5046F18BF3E
:102AA000002814BF012000207047B0F5004018BF77
:102AB0000120704703F44C434CF64042B3F5404FBD
:102AC00018BF9042EDE700F44063181EEFE70020C6
:102AD000704708B501460068FFF7AAFFFFF7CAFF75
:102AE00020B1BDE808400846FFF7BABFFF2008BD87
:102AF00038B505460C46FFF7ECFFFF281FBF2B68D3
:102B00001B5A2380002008BF062038BD0368997037
:102B1000704708B50246FFF7A3FF01461068FFF7AC
:102B200087FFFFF7A7FF01EB4000C0B208BD38B533
:102B300005460C46FFF7EDFF2B6801461846FFF7E8
:102B400077FFC0F38120022805D0032807D0002397
:102B50002372002038BD5B5A23800123F8E7194413
:102B60000122204600F01DFC0223F1E700F440534F
:102B7000B3F5005F04D100F44C43B3F54C4F08D0DB
:102B8000B0F5804F05D3C0F3801080F00100C0B2D3
:102B900070470020704710B502460068FFF748FFF5
:102BA0000446FFF7E3FFA8B11046FFF759FF0146BF
:102BB0002046FFF75FFFC4F3812401EB4001022CA4
:102BC000C8B202D0032C03D010BD0230C0B2FBE764
:102BD0000830FBE7FF20F7E738B505460C46FFF75E
:102BE000DAFFFF281FBF2B681B5A2380002008BF75
:102BF000062038BD10B503460068FFF719FF0446EC
:102C00001846FFF72DFF01462046FFF733FFC4F3B8
:102C1000812301EB4002022BD2B208D0032B09D052
:102C20002046FFF7A3FF02EB4000C0B210BD023206
:102C3000D2B2F5E70832FBE738B505460C46FFF798
:102C4000D9FF2D6801462846FFF7F2FEC0F3813018
:102C5000022804D0032808D070B1062038BD6B5A72
:102C60002380012323720020F8E701222944204613
:102C700000F097FB0223F5E72072F4E700F018005C
:102C8000102805D0A0F1180358425841C0007047E1
:102C90000420704700F007030120984010F0220F35
:102CA00009D110F0880F08D100F04400003818BF97
:102CB0000120C00070470420704710207047037A3D
:102CC000012B06D0022B0CBF03200020884080B2CD
:102CD00070470220FAE708B54307024608D0FFF71D
:102CE000CDFF12F0180F0CBF05300630C0B208BD82
:102CF000FF20FCE72DE9F743071D0446B0F80090DC
:102D000045880E4638460E21FFF7D9FF04EB01082F
:102D100049EA050202430A214046FFF7D0FF92B27A
:102D2000A37D104380B25BB1012B04D1E1894FF642
:102D3000FF72914204D0B9F1020F18BF40F0200099
:102D4000A27F003A18BF0122B5F5805F40EAC200B9
:102D500003D0B5F5005F0AD08DB9227B7AB173B18B
:102D6000228B638B9A420AD140F0400007E0227B1D
:102D7000002B61D1637F002A58D1002BF4D194F845
:102D80002130316803F0010340EA03257F226846C1
:102D900005F07FFF2946684605F0AAFFEB0503D43E
:102DA0000121684605F0E3FF2846FFF763FE18B1EE
:102DB000618B684605F09CFF4146684605F0A3FF1D
:102DC0002846FFF7D3FE18B1218B684605F090FF27
:102DD0003946684605F097FFBDF80430B380A57FFB
:102DE0008DB1E37F1D432946684605F06AFF2846FA
:102DF000FFF771FF411E89B2684605F0B8FF28460B
:102E0000FFF748FF05462388032B04D194F82010D0
:102E1000684605F056FF0235E9B2684605F0A7FF9F
:102E2000BDF80430B38003B0BDE8F083002BA6D119
:102E3000237F002BA3D197E70AB9637FF9E7022A22
:102E40008ED1022B8CD1F8E710B580F48072044645
:102E5000C2F30021FFF70EFE48B98A1CC4F3812398
:102E6000022B06D0032B15D02BB1FF2010BD0A1D5D
:102E7000F4E70232D2B22046FFF778FEA40B02EB51
:102E80004002022CD0B207D0032C08D0002C18BF6F
:102E9000FF20EBE70832EDE70230C0B2E6E708308A
:102EA000FBE708B58388032B06D90068FFF7C0FD50
:102EB000BDE80840FFF7C8BFFF2008BD08B58288FD
:102EC000022A034609D90068FFF7B2FD020704D5BC
:102ED0001846BDE80840FFF7E4BFFF2008BD38B53D
:102EE00005460C46FFF7EAFFFF281FBF2B681B5C57
:102EF00003F00703237014BF0020062038BD38B547
:102F000005460C46FFF7DAFFFF281FBF2B681B5C46
:102F100003F01803237014BF0020062038BD38B515
:102F200005460C46FFF7CAFFFF281FBF431C2A684F
:102F3000DBB200201ABFD3582360062038BD38B555
:102F40000C460546FFF7BAFF2A68431CD9B252FA6D
:102F500083F35454220A5A70220C240E9A70DC70A7
:102F60002B7F43F001032B7738BD70B506460D4625
:102F7000FFF7A4FF36680446305CFFF77FFE053498
:102F8000024629463019BDE8704006F07BBD70B599
:102F900006460D46FFF792FFFF28044609D0326827
:102FA000105CFFF76BFE22440244002053792B7023
:102FB00070BD0620FCE770B506460D46FFF77EFFA4
:102FC00032680446105CFFF759FE224402445571F2
:102FD00070BD10B50446FFF771FFFF2806D02368C7
:102FE000185CFFF757FE0230C0B210BD0220FCE7AC
:102FF00010B50446FFF755FFFF28014612D023689D
:103000001846FFF715FD02070CD5A488A1420BDA7C
:10301000585CFFF760FEFF2808D00144C9B28C421B
:10302000B8BFFF21084610BDFF21FBE70146F9E7C5
:1030300010B50446FFF7DCFFFF2803460FD02068D9
:10304000027802F00702032A08D1FFF7F1FC00F42E
:103050004050B0F5005F1CBF01339BB2D8B210BD29
:1030600038B50546FFF7E4FFFF28044618D0286866
:10307000037803F00703032B08D1FFF7D9FC00F412
:103080004050B0F5005F04BF0134E4B22846FFF7BA
:10309000A0FFAB8804449C42CCBF0620002038BD72
:1030A0000620FCE7F8B505460E46FFF7C1FFFF28EE
:1030B000044619D02F683846FFF7BAFC00F4405098
:1030C000B0F5005F18BF04F1FF34284618BFE4B222
:1030D000FFF77FFFAA88631C50FA83F3934203DC57
:1030E0003B5D33700020F8BD0620FCE707B50368A0
:1030F0001B7803F00703032B03D0002003B05DF817
:1031000004FB0DF10701FFF7CDFF0028F5D19DF875
:103110000700031F58425841F0E710B50446FFF777
:1031200087FFFF2816BF23680020C01810BD10B508
:103130000446FFF7F2FF2368C01AC0B210BD38B5CD
:103140000546FFF7F4FF04462846FFF742FF2044F8
:10315000C0F17F0080B238BD70B505468688FFF7A4
:10316000E6FF04462846FFF734FF0444301B80B2D4
:1031700070BD70B506460C46FFF7D9FF05463046D0
:10318000FFF727FF05442C44B48070BD38B50446D2
:103190000568FFF71EFFA388181A284438BD2DE9DB
:1031A000F04104469EB0002308A803930D4606F0A4
:1031B00006FB2068FFF73CFC030751D50DF10B011E
:1031C0002046FFF78CFE00284AD103A92046FFF7CE
:1031D000A6FE0646002843D10DF110089DF80B20ED
:1031E00003994346284606F0D8FAA16808A806F0D5
:1031F00040F92046FFF7EDFE05462046FFF797FF12
:1032000007462046FFF7A8FF023D0D230246394638
:10321000CDE9008308A8EBB206F037F92046FFF7A6
:1032200086FF25680246294608A806F0C1F920460F
:10323000FFF773FF05462046FFF78EFF2A46034639
:10324000294608A8009606F0E6F92046FFF79EFFFB
:10325000014608A806F088FA237F43F0100323777D
:1032600008A806F0BBFA1EB0BDE8F081F0B5044630
:10327000A3B000230CA80E461546039306F09FFA50
:103280002068FFF7D5FB10F008005CD00DF10B01B2
:103290002046FFF724FE30B108240CA806F09EFA61
:1032A000204623B0F0BD03A92046FFF738FE0028D2
:1032B000F2D104AF9DF80B2003993B46304606F04F
:1032C0006CFA29460CA806F0D4F82046FFF781FED8
:1032D000851E2046FFF72BFF06462046FFF73CFFE2
:1032E000EDB20D2302463146CDE900730CA82B4602
:1032F00006F0CBF82046FFF71AFF26680246314653
:103300000CA806F055F92046FFF707FF06462046B1
:10331000FFF722FF012203460092314632460CA8F5
:1033200006F079F908A90CA806F01EFA2046FFF766
:103330002DFF2A46014608A806F0E3FB041E18BF2D
:103340000124E400A9E70446A7E738B50D4605F5D2
:10335000804504460430E8F75BFAD5F8AC332367C0
:10336000204638BD10B54FF6FF74EEF775FC80B2FD
:10337000A042FAD010BD10B504460821FBF786FA2A
:10338000237823F0010343F00203237010BD10B52E
:103390000446082206F076FB237883F002032370AC
:1033A00010BD10B40C461AB1012A05D010BC7047EC
:1033B00010BC082206F066BB01F10802013812F8C1
:1033C000013D00F8013FA242F9D1EFE710B50446F4
:1033D000FFF7DDFF0223237210BD0123018003717B
:1033E0007047012341804371704740F2011301800F
:1033F00041808380704700687047016070470268B1
:103400008A6000230B608B80704710B5044600680B
:10341000002801DBFBF7BAF94FF00043236010BD31
:1034200038B50B6802689A4204460D4603D0FFF790
:10343000ECFF2B682360204638BD10B50446FFF72B
:10344000E4FF4FF00043236010BDF0B587B00027C4
:1034500004460E4615460597FFF7D7FF01221023B5
:10346000CDE901630097AB1D114605A8E2F76AFE9E
:10347000059B236007B0F0BDF0B585B00C463C223B
:10348000002105468DF80C1006F023FB6CB3236871
:103490001B785B0703D00626304605B0F0BD01AFB0
:1034A00039462046FFF7C8FB06460028F4D19DF8B0
:1034B0000C30022BEFD197E8030005F1320785E8C5
:1034C000030039462046FFF787FB18B139462046EE
:1034D000FFF70EFBA37985F8363094F9153085F89F
:1034E0003730A37D85F83830D6E70726D4E710B506
:1034F00010220446002106F0ECFA4FF0004323604E
:10350000204610BD38B5044600254FF6FE73294607
:10351000082245800571C38003810A3006F0D9FA7C
:10352000638A656103F0FE0343F4FE4343F0010345
:10353000638204F1280084F85D50FFF77EFF04F1F8
:103540003800FFF77AFF04F14800FFF776FFA56522
:1035500084F85C5004F16000BDE83840E7F7A2BA97
:1035600038B5036A04460D461BB1426A012128465C
:1035700098472388DA070AD42B681B889B0606D550
:1035800004F160001021BDE83840FEF79DBD38BD54
:103590008378022B1CBF022383701C30E8F716BB14
:1035A0000078C0F3401080F0010000F00100704787
:1035B0008269127F0346C2F38000520741BF188818
:1035C00000F00C00B0FA80F0400970470078C0F3BA
:1035D000800080F0010000F0010070470078C0F327
:1035E000400080F0010000F001007047837C02463B
:1035F00013F0010002BF5078C04300F00100704793
:10360000E8F722BA38B590F85C30934204460D468C
:1036100007D11C30E8F7E0FAA36D9D4224BF0135C5
:10362000A56538BD70B5036A05460C4616462BB134
:1036300021B11AB9426A3146204698472846FFF719
:10364000AFFF40B93CB1E37D9B0704D5227D2169E2
:103650002846FFF7D7FF3246214605F11C00BDE89A
:103660007040E8F799BA37B50446806903681B884B
:103670001D072ED5037FD9062BD40DF10701FFF7C7
:103680003EFC30BBA069037FDA0703D494F85C10DA
:10369000FFF791FC2046FFF783FFD0B19DF807307C
:1036A000082B16D1A36904F138029A60A069037F40
:1036B000DB0709D4A56D2946FFF741FC94F85C208F
:1036C00029462046FFF79EFFA06904F10A01FFF793
:1036D00066FD03B030BD37B505460C46FFF760FF09
:1036E00008BB0B681B881A071DD50B7FDB071AD593
:1036F0000DF102012046FFF702FCA0B99DF802304F
:10370000082B10D101A92046FFF709FC58B90DF18B
:1037100003012046FFF73BFC28B99DF803200199DF
:103720002846FFF76FFF03B030BD4FF47A73603067
:10373000B1FBF3F1FEF7C8BC10B58378C178032B59
:103740001CBF0323837083691B7E044663B1FFF7AC
:103750002FFF48B10331C9B20529204628BF0521F2
:10376000BDE81040E8F7CCB92046BDE81040E8F7C6
:10377000DBB838B58378052B05460BD00024FFF75E
:1037800072FF2846EC702C7185F85D40FFF7D4FF7E
:10379000204638BD0D20FCE72DE9F7431E460446C0
:1037A00060300D469046E7F77DF90E2E27D005D8FC
:1037B0002EB30B2E25D003B0BDE8F0830F2EFAD127
:1037C00000272B7F5B0705D5AA79394604F11C0039
:1037D000E8F7E8F929462046FFF77DFF9FB9204624
:1037E000FFF7E6FE78B1E3782A7E9A420BD90133DF
:1037F000E370204603B0BDE8F043FFF79DBF01270B
:10380000DFE70127E6E70023E37023797EB3204654
:10381000FFF7DCFE074620B16F7E9F4294BF002772
:10382000012704F11C090097324629464846E8F76B
:10383000BFF9F7B12379013323712B7F0E2E43F0AB
:1038400002032B77D5D1A37894F85D10062B1CBF0B
:103850000623A3702046E8F753F994F85D3001334E
:10386000DBB2052B28BF052384F85D30A3E737467C
:10387000D7E7A378022B1CBF0223A370424633462E
:103880002946484603B0BDE8F043E8F799B97047C8
:1038900010B50021044680F8FE10C0F80011FE2289
:1038A00006F017F9204610BD02780E2A034612D8FA
:1038B0000E2A17D8DFE802F01A2628200808162852
:1038C000161616162216280010225878904234BF79
:1038D000002001207047352A12D005D8332A13D092
:1038E000342A13D0012070474A2AFBD15A78022A81
:1038F0000ED9981C03F0F1BA00F090BA00F09CBA0F
:1039000000F0CCBA0222E0E70822DEE70422DCE77E
:103910000020704770B590F8FE30FF2B054600EB95
:10392000030622D1062070BD6378FF2BFAD0A31CBA
:103930009E42F7D3204605F0FAFA20448642F1D39E
:103940002046FFF7B1FF0028ECD0611B227889B236
:10395000284605F004FD0028E4D1204605F0E7FAEA
:103960000444B442E0D30020DDE70446F9E70A4608
:1039700090F8FE1005F0F3BC70B506460C468D18A5
:10398000AC4201D1012006E014F8011B3046FFF7DC
:10399000EEFF0028F4D170BD38B50C46054691F80D
:1039A000FE2006F06FF894F8FE3085F8FE30D4F86B
:1039B0000031C5F8003138BD70B55388FE2B05467F
:1039C000164608460ED82A463146FEF74CF80446FD
:1039D00030B9738885F8FE30E1F700FFC5F80001C3
:1039E000204670BD0724FBE738B50446084681B180
:1039F0004D7894F8FE20A91C031B51FA83F3D21AC8
:103A0000014406F04DF894F8FE30023B5B1B84F84D
:103A1000FE3038BD2DE9F843884690F8FE50044644
:103A200017461E46FFF7A3FFC5F1FE05ADB20146DE
:103A300018B1437802331D44ADB206F10209A9451D
:103A400018D82046FFF7D0FF94F8FE30E0189944CC
:103A500084F8FE9004F80380467005F072FA32464E
:103A6000394606F00FF8E1F7B9FEC4F8000100206E
:103A7000BDE8F8830320FBE710B50446FFF777FFA6
:103A800001462046BDE81040FFF7AEBF002910B543
:103A900014BF33210E211446FFF769FF38B1D0F867
:103AA00002302360D0F806306360002010BD17207C
:103AB000FCE700294FF0080314BF33210E21FFF764
:103AC000A9BF10B502704278014622F0030242708D
:103AD0000022426041F8183F04468262C0E90812A1
:103AE000083000F0AFFA04F1100000F0ABFA204605
:103AF00010BDF8B5044604F1100718300D4604F166
:103B00000806E6F7CFFF384600F09CFA304600F092
:103B100099FA95F8FE30C3B16378217843F0010338
:103B2000637032462846FFF7B1FF18B996E80300E4
:103B300087E8030023781BB929462046E8F752F8A6
:103B40002046BDE8F840E8F7A7B8F8BD13B50B4626
:103B5000002104468DF80710104662B918690DF16E
:103B60000702102105F0E2FAB8B99DF80730A3B1B9
:103B7000FF2B08BF2520637823F002036370D4E98C
:103B800009310022626203B1984741F2883104F1A1
:103B90001800FEF799FA02B010BD0620EBE7FFF718
:103BA000D5BF90F8403030B50246C418944215464F
:103BB00006D1402B09D05A1C80F84020C15404E0A3
:103BC0002D788D4202F10102F0D130BD10B503789D
:103BD000002B044614BF0520032000F50030FAF73F
:103BE000D5FD2378002B14BF06200420BDE810402B
:103BF00000F50030FAF7CABD10B586B00846114688
:103C00000593FFF7B4FE0446A0B1437893B105F0E5
:103C100098F963780022CDE901030123114600934E
:103C200005A8E2F78FFA204605F08BF962780021AB
:103C300005F04FFF06B010BD37B5084611461D46CA
:103C4000FFF795FE044698B1427872B105F079F914
:103C50006278014601AB2846FAF78EFD024620B98C
:103C60006278019BD21A18BF0122104603B030BD02
:103C70000246FAE730B5C3B0044601A8FFF708FED4
:103C800001A92046E8F7C4F801A905462046FFF738
:103C900030FF284643B030BD10B5C2B0044601A87D
:103CA000FFF7F6FD01A92046E8F7B2F818B901A917
:103CB0002046E7F797FF42B010BD08B543780246AB
:103CC00013F0010006D002F1100000F0C6F980F0F8
:103CD0000100C0B208BDE8F77FB938B50D4604460B
:103CE000E1F77CFD00232B60626B04F12C039A4208
:103CF00007D0236BC21A002ABCBF1B1A2B600020FE
:103D000038BD1720FCE7F8B506460D4616F8101B1F
:103D10000446174628463246FFF7B8FE78B104F14C
:103D20000801304600F0CCF9002812DD2946204673
:103D3000E8F7B8F92046E7F7AFFF002008E023785E
:103D4000002BECD129462046E7F74CFF0028E6D0AF
:103D5000F8BD002FEAD10028ECD041F2883104F1FF
:103D60001800FEF7B1F9E5E7E8F736B910B50C46EB
:103D70000E21FFF7FCFD38B1D0F802302360D0F8F7
:103D800006306360002010BD1720FCE710B5C2B0FC
:103D9000044601A8FFF77CFD01A92046E8F738F8A2
:103DA00018B901A92046E8F7F3F942B010BD30B5C3
:103DB000C3B0054601A80C46FFF76AFD01A92846D5
:103DC000E8F726F810B1172043B030BD214601A80E
:103DD000FFF7CCFF0028F7D0F5E700BA70474200A4
:103DE000400800F0553002F0AA32024393009208D6
:103DF00002F0333203F0CC33134318011B0903F0F4
:103E00000F3300F0F030184300BA70474A78102A98
:103E100028BF1022023101600271704741780230E0
:103E2000FEF78DB8024608465178102902F10202C9
:103E300028BF102100F0C6B84078022894BF0020A7
:103E40000120704713B50446684601F002FB627812
:103E50006388023AD2B2012A5BBA684628BF0122BF
:103E6000211DADF8003001F002FB009802B010BD3A
:103E700030B5044685B00D460C22002101A805F09E
:103E800028FEA31C6278019303A8002104F0C7FF59
:103E9000294601A8E8F7FCF905B030BD07B501A92E
:103EA000FFF7E6FFB0FA80F0400903B05DF804FBCD
:103EB0007FB50D460646144600210C2201A805F0E8
:103EC00008FE28680390214601A80296E8F7E0F969
:103ED00004B070BD37B50D4601AA3521044605F082
:103EE000CFF820B92A4601A92046FFF7E1FF03B029
:103EF00030BD13B5002204466846E8F70FFA9DF876
:103F000006306A463521204605F05BF902B010BD47
:103F100010B50446083000F02FF801462046BDE8F1
:103F20001040E8F733BA10B50446083000F006F840
:103F300001462046BDE81040E8F728BA70B50E6883
:103F4000097905463046FDF7ACFFC4B2102C0FD8F6
:103F500022462946304605F0D4FD08B92B5D4BB109
:103F600022463146284605F08DFD0020285570BDBB
:103F70000720FCE71820FAE713B51123044608468A
:103F800000918DF80430FEF709F828B16946204603
:103F9000FFF7D4FF02B010BD0720FBE701380F2860
:103FA0008CBF00200120704708B54B1E0F2B07D88F
:103FB00000F8011B1022002105F08BFD002008BD38
:103FC0000720FCE770B504461646FFF7EDFF0546EF
:103FD00028B92046314610F8012B05F053FD28463C
:103FE00070BDF8B5027805461046FFF7D7FF40B31D
:103FF0000C88D600F6B2013AB4FBF6F306FB134484
:10400000C4F3C403D2B2D31A55FA83F304F00704FD
:104010005B78012707FA04F413EA040011D04B88F7
:10402000B3FBF6F106FB1133C3F3C401521A55FA80
:1040300082F203F0070350789F403840003818BFE1
:104040000120F8BD4FF0FF33037043708370C370DD
:10405000037143718371C371704703884FF6FF7218
:10406000934208D1D0F80220013204D1C088C01A8E
:1040700018BF012070470120704700230370437070
:104080008370C3700371437183710123C3717047DF
:104090000346008840B9D3F8022032B9D888A0F589
:1040A00080735842584170470020704710B504464D
:1040B000D0F80200FFF791FE218849BA89B210BDFD
:1040C000F8B50546FFF7C9FF0C4601462046FFF745
:1040D000C4FF81421AD12846FFF7E8FF0746204671
:1040E0000E46FFF7E3FF8E4208BF874214D1EB88EC
:1040F0005BBAC3F34E0299B2E3885BBA98B2C3F3DA
:104100004E039A420ED00AD901200AE0002914BFBA
:1041100001204FF0FF3004E0B842B141F4D34FF03A
:10412000FF30F8BD01F0010300F001029A4201D016
:10413000002BECE70020F4E708B1E6F7A5BB7047D9
:10414000837C5A0701D400F020BCC3F3C30070473E
:1041500000F038001F2805D8082805D0103818BFEF
:1041600001207047022070470020704720B1831E55
:1041700058425841400170470820704730B587B019
:1041800093798DF804303C3000230D46144602A983
:1041900008328DF80530E8F73DFD02A800F06FFC0D
:1041A000811C89B204A800F0A4FCA8B102A800F008
:1041B00066FC02A902462846E6F774FBB0B9022263
:1041C00001A92846E6F76EFB80B9A388A0715BBA07
:1041D00008335BBAA38009E004A800F050FC04A9EE
:1041E00002462846E6F75EFB0028DFD007B030BD68
:1041F000F0B502F1180787B0064638460C4615465A
:1042000000F0FEFB38B12A462146304607B0BDE833
:10421000F040E8F719B9384600F0E6FB00285AD01C
:1042200028212046FDF790FBA979002955D10223CA
:1042300001AA2046FDF70CFC00284CD1AA889DF865
:10424000053052BA013392B2B2EBC30F4FEAC30743
:1042500040D301468DF8053001AA20460223FDF720
:1042600043FC082239462046FDF701FD98BB05F1C5
:10427000080202A906F13C00E8F7CCFC02A800F015
:10428000FEFB3946034602AA2046FDF72DFC02A894
:1042900000F0F5FB014604A800F02BFC68B902A869
:1042A00000F0EDFBC61904A800F0E9FBB6B2034626
:1042B00004AA31462046FDF717FCAB885BBA0833E9
:1042C0005BBAAB8028222946204607B0BDE8F04003
:1042D000E6F7E8BA062007B0F0BD2A462146304688
:1042E000FFF74CFF0028EDD0F5E710B504460C3081
:1042F000FDF752FD04F12000BDE81040E6F7ACBB2D
:1043000070B514461E460846022332462146FDF784
:10431000AAFB054670B9737862880133B2EBC30F0C
:104320004FEAC30108D3204604F0A4FD0221204631
:1043300004F095FD284670BD0625FBE730B591B029
:104340000D46044602A804F085FD282306AA02A90A
:104350002846FDF788FB282102A804F080FD9DF87F
:104360001E3073B920466B4602AA2946FFF7C8FFE4
:104370000446B8B9BDF80A302BB9032C6AD0002C1A
:1043800040D100240EE002AA294601A800F07EFBDD
:1043900000286DD19DF80430012B25D96D2B2BD130
:1043A0001CB10624204611B030BD029B039301A826
:1043B00000F065FB014603A804F05CFD01A800F0D5
:1043C0005EFB0628EDD8BDF80C302A2B02D19DF8F3
:1043D0000120AAB1BDF80840BDF80A201444A4B2D7
:1043E0000833E31A5C425C4101A800F048FB014637
:1043F00002A804F034FDBDE7002C18BF0324F3E746
:104400000224F1E7BDF808100839082289B22846CD
:10441000FDF71DFC022C11D19DF800308DF81E30E7
:10442000BDF81C305BBA083B5BBAADF81C3006AA7D
:10443000282300212846FDF757FBA2E79DF801300D
:10444000013B8DF801306A46022328212846FDF7FA
:104450004BFBE5E79DF80E1004A800F039FB04A81B
:10446000BDF80C4000F00BFB04AA03462146E1E72F
:10447000044697E72DE9F04788B006460D4605A8A3
:104480001746984604F0E2FC03AB05AA29463046DD
:10449000FFF736FF044690B98246083706F13C091B
:1044A000BDF816307BB9BAF1000F32D1BDF8141047
:1044B000BDF81630194489B22846FDF7D3F92046D5
:1044C00008B0BDE8F08705AA294604A800F0DEFA86
:1044D00040BB9DF81030012B0FD96D2B15D1BAF1CF
:1044E000000F14D106AB009305AA3B462946484667
:1044F00000F016FBB0B94FF0010A04A800F0BFFAB3
:10450000014605A804F0ABFCCAE73F2BF5D902240D
:10451000D5E7434606AA294606F13C00E8F71CFC0D
:104520000028C3D00446CAE707B5084608226946F2
:10453000FDF7A4FA48B9BDF802305BBA98B2C3F3EC
:10454000CC032BB900F00100400003B05DF804FB80
:104550000220FAE738B504463AB1012A0ED02368A2
:10456000002B0CBF0320002038BD0D680A602068B6
:104570008542F4D0FFF7E0FD2560F0E70868FDF71D
:104580008CFB0546F3E72DE9F0418CB00D4607465C
:104590000021904602A826221E4605F09AFA2622FD
:1045A000002102A805F095FA05F1080406AA05F114
:1045B000180C20686168134603C3083464451A4622
:1045C000F7D102AA05F1280C20686168134603C3DD
:1045D000083464451A46F7D1EB798DF82C306B78A6
:1045E0009DF82D201B0963F30102112E8DF82D205B
:1045F0004FF0000501D03A2E1DD19DF848200195BD
:10460000414601A8FFF7A6FF019DB0B9112E02AAED
:1046100029460BD107F1300000F013FD044628466F
:10462000FFF78AFD20460CB0BDE8F08107F12800B5
:1046300005F0F5F9F2E72C46F1E70324EFE72DE961
:10464000FF41DDF8288006460C4617461D4698F8BF
:1046500000301BB92B780BB100200FE0206802233B
:10466000818903AAFDF7F4F940B92B782C2B18D0D7
:1046700007D853B12B3B58425841400004B0BDE825
:10468000F0813B2B1CD03C2BE6D1216843463A46B7
:104690003046FFF7EFFE0028F0D19DF80C302B706C
:1046A000D5E70122019298F80020009221463A466F
:1046B0003046E7F7FDFE21683046FFF735FFEAE7B1
:1046C0000220DBE773B5044600F10C06E5680DB97E
:1046D00002B070BD29463046FDF77BFB002201A9E0
:1046E00020460195E8F70CF90198FFF725FDEDE765
:1046F00070B53C2204460E46002105F0EAF9314629
:10470000204600F0A1F9054610B10625284670BDE7
:10471000A379112B05D03A2B03D0062BF6D1142305
:1047200000E0082304F1280228213046FDF790F923
:104730000028EBD0E9E7F0B5044603C989B006AD1F
:1047400085E80300294604A817461E4601F014FD1B
:1047500010B9BDF8143093BBBDF81C307BB3069B79
:104760001B7803F0E003602B29D106F586466836F6
:1047700000953B460DF10F0221463046E9F74AFA13
:1047800030B9A379112B05D03A2B16D0062B10D0B7
:1047900009B0F0BD9DF80F3004F1280123B12A467D
:1047A000304601F093FBF3E70822284604F018FB9B
:1047B000EEE7142204F12801F7E70822FAE71720B0
:1047C000E6E78379062B01D0112B03D1408D40BA47
:1047D00080B270470020704738B50546144607324E
:1047E000D20805F04FF92C7438BD0821FAF74EB8FD
:1047F00013B50446086849686B4603C39DF800304A
:10480000002283F00203694620468DF80030FEF74F
:10481000C8FD02B010BD4FF0FF320023C27049BA8C
:104820006FF0010203704370837002714371C180A5
:1048300070470368B3F17F4F05D18088A0F1FE0374
:104840005842584170470020704708B50246FFF7AC
:10485000F0FF40B19079FB289DBFC0F3400080F08D
:104860000100C0B2002008BD08B50246FFF7E1FF15
:1048700020B19079A0F1FC035842584108BD02686C
:10488000034642B9406840B99A683AB9D868B0FA64
:1048900080F040097047002070471046704702685A
:1048A00003464AB9406848B99A6842B9D86800F1E5
:1048B0007F43584258417047002070471046704768
:1048C000038848F2FE0023F47C531B1A58425841D7
:1048D00070476FF00102002302706FF07F02427098
:1048E0008370C370037143718371C3710830FFF724
:1048F0007FBF10B5144604F08FF984428CBF0020AE
:10490000012010BD0B6803604B6843607047F8B529
:10491000D40802F00707224605460E4605F0B2F815
:1049200067B1013F80233B412A5DDBB2591E0A403B
:104930002A55315D5B420B401A432A55F8BD0A7C6B
:10494000402A04D9403AD2B20831FFF7E0BF70479D
:104950000A7CFFF7DCBF38B5044615460430FFF784
:10496000D6FFE57038BD0B6803604B6843604FF0BD
:10497000FF310023C17252BA6FF00101037243721A
:10498000837201734373C281704708B50278FF2AAE
:1049900003D1407800F00F0008BD038848F2FE0202
:1049A00023F47C53934206D0FFF779FF00280CBF15
:1049B0000E200020F0E70220EEE708B50378FF2B79
:1049C00005D1FFF7E2FF831E5842584108BD002081
:1049D000FCE7038848F2FE0223F47C53934201D0A3
:1049E000FFF7EBBF0120704708B50378FF2B05D117
:1049F000FFF7CBFFC31E5842584108BD0020FCE71B
:104A000008B50378FF2B06D1FFF7BFFF032894BF3B
:104A10000020012008BD0020FCE708B5802204F03A
:104A2000FBF8C0B208BD037803F0F003602B09D196
:104A3000808840BA80B22830B0F5A06F8CBF0020CB
:104A4000012070470020704770B50E4602460546AB
:104A5000282300213046FCF7FBFF044668B92846AE
:104A6000FFF7E1FF48B1AB8872895BBA9BB228338C
:104A7000934218BF0624204670BD0624FBE7037846
:104A800013B140780230704701207047F8B50F46E7
:104A9000164605460246012331463846FCF7E3FF39
:104AA000044610B92B7813B968702046F8BD02236C
:104AB0002A4631463846FCF7D6FF38B92846FFF774
:104AC000DEFF7388834238BF0624EEE70446ECE736
:104AD00038B507220C460021054604F0FAFF012CE8
:104AE0000DBF00230123023C2B701CBF2B706C7088
:104AF00038BD11F0070108B506D0C1F10801C9B2EF
:104B0000FFF7E6FF002008BD1820FCE710B50021E4
:104B1000044680F88C108C2204F0DBFF204610BD88
:104B20002DE9F041069F0D46164698463A46042365
:104B300031462846FCF797FF044640B9BB7803F09E
:104B4000C002402A10D005D91B0600D506242046F5
:104B5000BDE8F08108F10800FFF76BFE0028F5D0F2
:104B6000B8F80E30BB80F2E73A46314628460623B5
:104B7000BDE8F041FCF777BF0023C0E90033C0E98E
:104B80000233036100F1740200F114039A420AD166
:104B90000023C0F8883000F17803C0F8A03000F19D
:104BA0009003436770470169596103611833EDE76A
:104BB000F8B506460F4614461D46AC4200D1F8BD76
:104BC000224639463046E8F70FF92469F5E70A46E8
:104BD00041680B4623B9116142600121E8F704B92D
:104BE0009A4201D01B69F5E7704710B444680A4641
:104BF000234600210BB910BC70479A4207D01946D2
:104C00001B69F7E70B693BB11B690B6104E00029E5
:104C1000F8D10CB12369436010BC0021E8F7E4B877
:104C200010B404680A46234600210BB910BC704733
:104C30009A4207D019465B69F7E74B693BB15B695C
:104C40004B6104E00029F8D10CB163690360D37CA7
:104C500010BC23F00203D3740021E8F73DB940688B
:104C600018B9003818BF01207047037D032BF8D016
:104C70000069F5E710B504461822002104F029FF69
:104C800023696FF3110343F4403343F0400323617E
:104C900010BD10B50446FFF7EDFF638A23F4BE7321
:104CA00043F48E73638210BD10B5182204460021B0
:104CB00004F00FFF0023237510BD70B500230B60B7
:104CC00004680D4616460CB9204670BD10223146C8
:104CD000204604F016FF0028F6D02C602469F2E785
:104CE00007B50A46043001A9FFF7E7FF003818BFEF
:104CF000012003B05DF804FB37B50A46044601A95C
:104D00000430FFF7DAFF0546C8B1037D032B18D145
:104D1000019B73B963680BB11B69636020462A4627
:104D20000021E8F761F8636F2B610020656703B02D
:104D300030BD1A69002AF1D012691A61EEE7172016
:104D4000F5E72520F3E738B54168044601B938BDD9
:104D50000B7D0D69032B02D12046FFF7CDFF2946BD
:104D6000F4E770B500230B6004680D4616460CB9D5
:104D7000204670BD10223146204604F0C2FE0028B5
:104D8000F6D02C606469F2E737B50A4601A90446FB
:104D9000FFF7E7FF0546F0B104F1140398421CD376
:104DA00004F17403984218D2019B73B923680BB1C4
:104DB0005B69236020462A460021E8F78DF82369C5
:104DC0006B610020256103B030BD5A69002AF1D023
:104DD00052695A61EEE71720F5E72520F3E7F8B5A9
:104DE0000546044655F8141B00F1740601B9F8BDD8
:104DF000A9424F6904D3B14202D22046FFF7C4FF53
:104E00003946F3E707B50A4601A9FFF7AAFF0038BC
:104E100018BF012003B05DF804FB08B5428C4B8C31
:104E20009A4208D110221144104404F06AFEB0FAEC
:104E300080F0400908BD0020FCE738B5028A0B8CE1
:104E40009A4204460D4601D0002038BDFFF717FDF9
:104E500018B1638C4BB90120F7E710222946204690
:104E600004F04FFE0028F4D0EEE76A8C9A42EBD1B2
:104E700012342046FFF703FD0028ECD11022A918B8
:104E8000204604F03EFEB0FA80F04009DDE770B540
:104E90000021044616461D46382204F01AFEC4E9D5
:104EA0000965204670BD00224FF44041C0E9001260
:104EB000826070474FF2BF03984208D000F53B5024
:104EC000213080B213288CBF0020012070470120C0
:104ED000704710B584680022234603B910BD99427B
:104EE00007D01A461B6BF8E7136B3BB11B6B1363C0
:104EF00004E0002AF8D10CB1236B836000230B631C
:104F0000ECE710B5028801464FF6FF74A2421ABFC3
:104F1000013292B24FF440421046FFF7CBFF002817
:104F2000F4D10A80104610BD10B586B00446ADF825
:104F300014101022002101A804F0CBFD01A9204685
:104F4000E8F792F806B010BDF0B51C468BB00646E7
:104F50000D46174600212622684604F0BAFD238C30
:104F60002BB12A8A9A4202D007200BB0F0BD23460B
:104F70006A4604F1200C18685968144603C40833C3
:104F800063452246F7D1186820609B88A38004A857
:104F9000FFF775FC90B105F112042046FFF76FFC96
:104FA0000028E1D1234604AA05F1220C18685968AB
:104FB000144603C4083363452246F7D1BDF82230B6
:104FC00023B96B8C002BCFD0ADF822306846FFF7A9
:104FD00056FC58B12B466C4605F1100C1868596800
:104FE000224603C2083363451446F7D12B8A43B1E6
:104FF0002B8AADF820306A4639463046E8F74AF841
:10500000B3E72A4629463046E8F702F80028EFD0F1
:10501000AAE770B584680D46164604B970BD3146DE
:105020002046FFF70AFF50B1A9892846FCF78CFCFF
:10503000636AA06A32462946BDE870401847246B6F
:10504000EBE72DE9F3410E4615468046112229462D
:10505000304604F077FC0446B0B908226946304671
:10506000FCF70CFD044678B9BDF800305BBA6B84E0
:10507000BDF802305BBA2B84D8F8047047B92A46D1
:1050800031464046FFF7C5FF204602B0BDE8F0813B
:105090007B68B8682A46314698470028F4D13F68B3
:1050A000ECE7806818B9003818BF01207047038A00
:1050B0008B42F8D0006BF5E7036823B91720B0FAEC
:1050C00080F040097047994201D01B6BF5E7002042
:1050D000F5E738B5054608300C46FFF7EDFF68B137
:1050E00021462846FFF7F5FE12220021204604F053
:1050F000F0FC12220021A01804F0EBFC002038BDC7
:1051000038B504460D46FFF7D7FF10B923682B6367
:10511000256038BD00F5804393F89C3913B10F30FA
:10512000ECF7BEBE704700F5804393F89C3913B18D
:105130000F30ECF7BBBE704710B400F5804494F814
:105140009C491CB110BC0F30ECF7B6BE10BC7047C8
:1051500000F5804393F89C3913B10F30ECF7B2BEE1
:1051600070477047704708B5FFF7FCFF08BD7047F0
:1051700070B504461E461546E8F74EF800236660F3
:10518000238129462046BDE8704000F022B8002166
:10519000C0E900118160FF21C160014641F8102F74
:1051A0008161704710B504461030E5F77BFC0023A1
:1051B000A37210BD03685BB1027B1F2A02D8D340E3
:1051C000DB0705D40146FF2301F80C3F04F025BBA3
:1051D000704770B5866900F110039E4204460D4683
:1051E00003D0837A1D44857270BD4368002BFBD0C9
:1051F0000368002BF8D0FFF7DDFF2189237BA57220
:10520000E3720131002003F053FE01463046BDE851
:105210007040FCF759BF1C3004F0BDB810B504460F
:10522000FFF7C0FF04F11C00BDE81040E5F73ABCF1
:105230000121FFF7CEBF38B50C466107054601D501
:10524000E8F74AF8E20002D52846E8F767F8630471
:1052500004D52846BDE83840E8F758B838BD0830CE
:10526000E5F720BCE8F78CB802888A4202D00180BA
:10527000E8F786B87047034600201A6883F82400D0
:105280000AB159681047704770B590F82430012B67
:1052900096B005460C466ED1206801AA1A2103F08B
:1052A000EFFE0646002866D1BDF804102068FCF722
:1052B000D9FABDF80430BDF806102068194489B247
:1052C000FCF7A7FA3C22314607A804F002FC9DF83F
:1052D0005530206843F020038DF85530438AADF8EF
:1052E0004E30037A8DF852302C3000F08DF923685F
:1052F00061688DF8530093F82E308DF854301831D2
:1053000007A8FEF744F8206802236A46812103F0CB
:1053100046FF80BB9DF800302068C3F3C0021B0924
:1053200043EA02139DF8552022F01F0213438DF823
:1053300055300DF135020823022103F030FFD0B9BA
:10534000206809AB1022032103F0DCFE064690B969
:10535000206814AA122103F0FCFE18B117280AD104
:10536000ADF85060206802AB1222082103F080FEE5
:1053700018B117281DD016B070BD9DF8093033B98B
:105380002B68002BF7D0696807A89847F3E70DF161
:105390003D0102A8FEF746FD95F82630DA07EFD565
:1053A00005F11C010DF13D00FEF71BFE0028E7D1C1
:1053B000E1E795F82630DB07E2D5DCE710B50446D7
:1053C000006808B1E5F760FA0023236010BD10B54E
:1053D0000446006A48B1C1B101221144FCF7A1FBA7
:1053E00020B104F12000FFF7E9FF10BD637F013316
:1053F000DBB2FF2B6377F8D120774FF4FA7104F119
:105400002400BDE81040FCF75FBE6269531E1340E4
:10541000636123B9237F22696261013B2377237F84
:1054200004F124000BB1218BEBE74FF4FA71E8E7AC
:105430000B4601461846FFF7CABF002801DBF9F703
:10544000A5B9704743886FF30B0343F08F03438084
:10545000704710B504220446002104F03AFB4FF4D3
:10546000287323802046BDE81040FFF7EBBF10B53E
:10547000FFF7E8FF0B7804468078DB0963F3000050
:10548000A0700B78C0B2C3F3801363F34100A07027
:105490000B78C0B2C3F3401363F38200A0700B78A3
:1054A000C0B2C3F3001363F3C300A0700B78C3F35F
:1054B000800383F00103C0B263F30410A0700B7883
:1054C000C3F3400383F00103C0B263F34510A0703F
:1054D0000B78C0B2DB4363F38610012AA07012D9A7
:1054E0004B78C2B2DB0963F3C712A2704A78E37843
:1054F000C2F3801282F0010262F30003E3704A7883
:1055000062F34303E37010BD4030E5F7CBBA10B54A
:10551000044688B06A461834E8F724F92046002289
:105520006946FDF792FF204608B010BD0022828731
:10553000E8F76CB937B5054600680C46F9F72DF960
:10554000014638B1286801AB10222146F9F714F959
:1055500003B030BD1022204603B0BDE8304004F057
:10556000B8BA1FB5044610216846F9F78FF9002232
:1055700069462046E8F752F904B010BD1022002118
:1055800004F0A7BA018FB0F86420914204D34168B7
:1055900002220131E8F7B0B9704730B5058800291B
:1055A00002F1FF344FEA52034FF6FF7105FB04335B
:1055B00018BF00210B44B3FBF2F2028030BD7F29FB
:1055C00030B51FD001EAE17341783F298CBF00223A
:1055D000012202EBD10202F01F0262F3C701417007
:1055E0005B4201889BB2DB00551EC1F30A049BB2EB
:1055F00005FB043393FBF2F30A4663F30A020280CD
:10560000002030BD0720FCE74378072B08D903882A
:10561000C3F3C7005B0754BF4042C04340B270476A
:105620007F20704743780278FF2B18BF013310B5F5
:105630001CBFDBB24370082B28BF08235C1E12FB83
:105640000411B1FBF3F1017010BD10B50446022244
:10565000002104F03EFA638803F0F00343F4FE43B4
:10566000638002220021201D04F033FAA01D0222D3
:10567000BDE81040002104F02CBA0B1AD8B21B066A
:1056800003D47F2908BF0020704700207047FF2106
:10569000E8F728BA7F2938B5044614D04378C1709A
:1056A000072B8ABF8578FF2505F00305FFF787FFE5
:1056B00048B92046E8F704FA2946E8F713FAA37830
:1056C00060F30103A37038BD00224274827C22F093
:1056D000030242F0030201F58E4182741031402230
:1056E000FFF77AB830B4847C44F002048474947870
:1056F000857CC4F3001464F300058574927802F08D
:105700000F024274CA7830BC0431FFF765B87047A5
:1057100038B5037A012B0D46144603D0022B0BD06B
:10572000062038BD01881046FFF775F82046294647
:10573000FFF705F90020F4E701461046FFF758F897
:10574000F4E7F7B5154608466A46194605F1080715
:10575000DDE90846FFF7DCFF08223946684604F019
:10576000D0F928B9238843F03003238003B0F0BD7B
:105770003846FFF75EF8238848B143F020032380C2
:10578000E98949BA89B2304603F0A6FAEEE743F058
:105790001003238008223946304603F07FFAE5E7FC
:1057A000F7B5154608466A46194605F10807DDE9CA
:1057B0000846FFF7ADFF08223946684604F0A1F914
:1057C00028B9238843F00303238003B0F0BD384693
:1057D000FFF72FF8238848B143F002032380E989BB
:1057E00049BA89B2304603F077FAEEE743F0010395
:1057F000238008223946304603F050FAE5E72DE9C8
:10580000FF470E46B1F80C80174601A90222304628
:105810009A46FCF733F90446002867D19DF8043016
:10582000112B50D0292B4ED0E021384603F049FAF5
:10583000044600285AD19DF80410384603F041FA76
:105840000446002852D19DF80550ED000635FF2D85
:105850004BD89AF800300BB13C2B12D1B1892A46B3
:1058600003A803F0DCFA0023BDF80E0068BB43B1C7
:105870009DF80830012B04D802A8FFF700F92D1A73
:10588000ADB205EB00093046FBF7F2FF814532DC93
:105890009DF804308AF80030E9B2384603F011FA76
:1058A000044618BBB2892B463146384603F04AFA03
:1058B0000446D8B90FFA89F13046FBF7C8FF2046F5
:1058C00004B0BDE8F087E121B7E703AA314602A89A
:1058D000FFF7DCF8044648B902A8FFF7D0F8014604
:1058E00003A803F0BCFA0123BEE701244146304679
:1058F000FBF7B8FFE3E70624F8E72DE9F7430E4688
:105900008F891546694608223046FCF7B7F80446E9
:1059100078BBBDF80090BDF8028099FA99F91FFA9A
:1059200089F929F00F034FF2B00198FA98F88B42E9
:105930001FFA88F89AB224D128F00F03934225D198
:10594000F321284603F0BDF9044690B908F00F0191
:1059500041EA0911C9B2284603F0B3F9044640B937
:10596000BDF8061049BA89B2284603F0B5F90446D5
:1059700018B139463046FBF775FF204603B0BDE845
:10598000F08309F47F43B3F5704F13D1F221284619
:1059900003F097F904460028EBD15FFA89F1284615
:1059A00003F08FF904460028E3D14146284603F06E
:1059B00093F9D3E708F47F43B3F5704F10D1F12189
:1059C000284603F07EF904460028D2D149462846ED
:1059D00003F082F904460028CBD15FFA88F1BAE7D8
:1059E000F021284603F06DF904460028C1D10422B5
:1059F0006946284603F052F9B0E72DE9F04F9DB013
:105A00008846269E1D468B89059307463378039367
:105A100091464FF4C04A282212A94046ADF81CA076
:105A2000FCF72CF80446834630B100233370059907
:105A30004046FBF717FFA3E008AA14A93846E8F789
:105A40006DF80DAA18A93846E8F768F8AB880493F2
:105A50005146284603F040F9044610B186F800B0DC
:105A6000E5E79DF831309DF8451053EA01020DD06D
:105A700041EA03114FF4C142C9B22846ADF81C20D7
:105A800003F01FF910B134700446D0E79DF848B018
:105A90009DF849309DF84AA09DF84B204FEA8B0BAA
:105AA0000BF03C0B99004BEA931B4AEA020A03F005
:105AB0000F0353EA0A0A01F0C00171D15BEA010148
:105AC000BDF81C3060D143F4C053ADF81C309DF8D4
:105AD0004E10112904D0292902D0002940F08A80D3
:105AE000039B012B40F28680BDF81C3043F4806399
:105AF000ADF81C309DF84F10402900F08480FF293C
:105B000000F08680012940F08880BDF81C3043F405
:105B10008073ADF81C3014A8FEF7B1FE8346002850
:105B200000F08280BDF81C3043F04003ADF81C301B
:105B30009DF86030FF2B40F0AA802B4607AA18A9D9
:105B40003846E7F7FDFF00285AD19DF84E308DF812
:105B50001B304FF0010A039B9A45C0F0CB8086F8BA
:105B600000A0002C7FF463AFBDF81C3004995BBA31
:105B7000ADF81E300DF11E020223284603F002F993
:105B800020461DB0BDE8F08F43F480532846ADF8A1
:105B90001C3003F096F8002899D086F800A073E72F
:105BA000BBF1000F0FD1BDF81C2042F40062ADF82C
:105BB0001C201943284603F084F8824698B186F8E1
:105BC00000B0044633E74BEA0101284603F079F8B8
:105BD000834618B100233370044628E79DF8491026
:105BE00001F00F01E6E702220DF14A01284603F019
:105BF00055F8D0E7284603F064F800283FF47AAF60
:105C00000023337040E7BDF81C3043F4007380E795
:105C1000BDF81C3043F440737BE7284603F051F88D
:105C200000283FF478AFEBE714A8FEF749FE824660
:105C300070B107AB0093019508AB14AA49463846EA
:105C4000FFF77FFD00283FF473AF86F800B01BE735
:105C50009DF832309A07C3F3400B12D5BDF81C30C3
:105C6000019543F04003ADF81C3007AB009314AA34
:105C700008AB49463846FFF764FD00283FF458AFAB
:105C80008BE7102214A9284603F008F8DAE718A8D1
:105C9000FEF716FE824650B107AB009301950DAB9F
:105CA00018AA09F10A013846FFF77AFD4BE79DF87B
:105CB0004630C3F3400B9B0713D5BDF81C3001954C
:105CC00043F00403ADF81C3007AB009318AA0DABEA
:105CD00009F10A013846FFF763FD00283FF435AFAC
:105CE0005BE7102218A9284602F0D8FF00283FF4ED
:105CF0002CAFAAE79DF81B30112B0ED0292B12D008
:105D0000002B7FF42CAF0DF11B032A464146384689
:105D1000FFF775FDB8B1044621E72A4641463846EB
:105D2000FFF7EBFDF7E7EE21284602F0CAFF044635
:105D300010B186F800A07AE62B464A46414638461E
:105D400000F006F8E7E70AF1010A5FFA8AFA02E7CB
:105D50002DE9FF471C46FF2305460E4692468DF867
:105D60000F3000200DF10F079DF80F3013B904B06C
:105D7000BDE8F087D4E900982346009752463146A3
:105D80002846FFF73AFE0028F1D0C4E90098EBE777
:105D900001F0F003E02B19D101F00E010E291BD800
:105DA000DFE801F0081A0C1A0E1A101A1A1A1A1A39
:105DB0001A1A120000231370002070472B23FAE7F1
:105DC0002C23F8E73C23F6E72923F4E701F0F80158
:105DD000F02901D11123EEE706207047F0B585B018
:105DE00007460E4610460DF10301144603F00AF86B
:105DF00018B10625284605B0F0BD9DF80330DB0735
:105E000051D50DF10201204602F0FCFF0028F0D12F
:105E10009DF80250A2886B1C9A42EAD3236801AA1B
:105E2000595D3846FFF7B4FF0028E2D10935ED0887
:105E3000013D022201A930468DF80550FBF771FEA5
:105E40000028D6D102213046FBF701FD9DF8022043
:105E500021683046FBF765FE05460028C9D19DF84C
:105E600002103046FBF7F3FC9DF80210204602F0CA
:105E7000B0FF9DF8021002A80231FEF73AFE00289A
:105E8000B8D102A8FEF7FBFD02A902463046FBF797
:105E900048FE0028ADD102A8FEF7F1FD01B2304660
:105EA000FBF7D5FCA6E701A9204602F0ABFF0028CE
:105EB0009FD10DF10201204602F0A4FF002898D1E5
:105EC0009DF80250A388AB42B0D292E737B50023C9
:105ED0000D46104669461446ADF80230ADF8043060
:105EE00002F090FF0146F0B99DF8003003F0F8038E
:105EF000F02B18D10822284603F0EBFD9DF8003066
:105F000003F00303022B3CD0032B4AD0012B0DF1ED
:105F1000020120460AD002F078FF20B901A92046EC
:105F200002F073FFA8B1062003B030BD02F06DFF90
:105F30000028F8D10DF10101204602F063FF00288E
:105F4000F1D19DF801306FEA03536FEA1353ADF8B6
:105F50000430BDF802305BBA2B80BDF804305BBA68
:105F60006B809DF800305B07DDD40DF10601204603
:105F700002F04BFF0028D6D1BDF806305BBAEB80AB
:105F8000D2E70DF10101204602F03CFF0028CAD102
:105F90009DF801306FEA03536FEA1353ADF80230F6
:105FA000BCE70DF10101204602F02CFF0028BAD118
:105FB0009DF801204FF2B00343EA121102F00F02E4
:105FC000ADF802101343C2E773B50D466946164695
:105FD0001C46FFF77BFFB8B99CB9B488083464BA93
:105FE000A4B2082269462846ADF80440FBF799FDA3
:105FF000044618B908212846FBF729FC204602B0C0
:1060000070BDAB89E41AEAE70624F7E72DE9F04F03
:106010008FB08F8900930D469246984604A9134687
:106020000DF10D02BDF860408146E7F7F3FD20B1A8
:10603000062630460FB0BDE8F08F282204A9284676
:10604000FBF76FFD06460028F2D128212846FBF712
:10605000FEFBB3469DF80D3083B9002C45D0283C9B
:10606000E41B391D64BAA4B202230DF10E0289B2F9
:106070002846ADF80E40FBF737FDDAE7B8F80430F4
:10608000002BD5D0D8F800301B7803F0F002E02ABE
:106090001ED103F00E020E2A10D10023012140462A
:1060A0008DF80D3002F095FE009443465246294685
:1060B0004846FFF7ABFF0028CCD0B9E703F0010357
:1060C0004246294648468DF80D30FFF787FEF2E735
:1060D00003F0F803F02BABD123464246294648464D
:1060E0008DF80DB0FFF770FFE5E7B8F80440AB8915
:1060F000283C1C44B4E78388042B08D9036818782B
:1061000000F0C000A0F180035842584170470020C1
:106110007047032907D9007800F0D800A0F1C00328
:106120005842584170470020704781880068FFF747
:10613000F0BF70B50C460546114620461E46FFF7D7
:10614000E8FF08B9062070BD208840BAC0F30A00F5
:10615000288063885BBA6B80237813F0200308D013
:10616000042AEFD92379DB00AB800523338000209C
:10617000E9E7AB800423F9E737B50C468A8809685C
:106180000DF10603FFF7D5FF054620B9BDF806104F
:10619000204602F01EFE284603B030BD4B795B0955
:1061A00007D11AB103680133036070478368013374
:1061B000836070474B795B0902BF436801334360DA
:1061C00070474B795B0902BFC3680133C3607047F6
:1061D00090F840305A0706D523F0040380F8403089
:1061E0004430E4F739BC704770B50B791546DA07CF
:1061F00006460C4619D523F001030B7120460021F9
:10620000FBF730FB1DB1237923F0080323712279BA
:10621000214606F14C00C2F3C002FFF7BFFF29463A
:106220002046BDE87040FBF784BB70BD08B50B7914
:1062300013F0010309D1426A914204BF436203840F
:106240000430FBF7EEFD012008BD0020FCE738B567
:1062500004460D46FFF7C8FF29462046BDE83840F2
:10626000FFF7E4BF38B50446406A0D4668B131B166
:10627000027922F008020271606A42892284218C2C
:1062800042898A4207D9FBF7EDFA04F14400BDE8E0
:106290003840E4F7E1BB3BB101798022C1F3C00192
:1062A00003F12400FFF779F9616A20462A46FFF7D7
:1062B0009BFF616A2046FFF7B9FFE6E7F0B590F86B
:1062C0004030002787B067F3C30380F840309B0756
:1062D00004460D4616468DF8147012D58B885BB1B6
:1062E00003A92846FCF723FC03AB00973246294656
:1062F0002046E7F777FF034603AA31462046FFF71B
:10630000B1FF07B0F0BD70B5446805460CB9204632
:1063100070BD2379E669D90714D55A0612D443F023
:106320001003237163795B090ED121462846E7F7F4
:106330007BFE2379E66923F01003237130B9DBB2C9
:10634000DB07E4D43446E1E70220F2E721462846A1
:106350000222FFF749FF21462846FFF767FFF1E7D2
:1063600037B500F11805044629466846FBF7FCFCE2
:106370004C34009909B903B030BD2046FFF721FF26
:106380002846FBF7E0FC6846FBF73DFAF1E7F7B576
:106390000446DFF723FA04F118060546314668463D
:1063A000FBF7E2FC04F14C07009929B9A069003819
:1063B00018BF012003B0F0BD8B69EB1AB3F5FA6F7B
:1063C00005D33846FFF7FDFE3046FBF7BCFC6846B8
:1063D000FBF719FAE8E7704770B500260C680E6005
:1063E000237943F001030546237131462046FBF72C
:1063F00039FA6661DFF7F2F92146A061281DFBF743
:10640000CBFC05F14400BDE87040E4F725BB70B556
:10641000054604300E46FBF7BCFC014680B103790B
:10642000C3F30014DB060BD44379C3F34103B34237
:1064300006D2284605230322FFF709FF204670BD38
:106440001720FCE710B50446EBF706FC2080204639
:1064500010BD4FF4805310465380FCF74BBC28B15D
:10646000807E00F00F00C31F58425841704702461B
:10647000182308460021FBF7EBBA10B50446417813
:10648000E8F74CFA04F1A80010BD40780238022861
:106490008CBF0020012070474078033801288CBF52
:1064A00000200120704708B5002002F001FD0130F6
:1064B00008BD10B504467034E8F7D4FA022120462E
:1064C000E6F722FE30B9204644F64C51BDE81040B4
:1064D000FEF72ABD10BDCB790A790968E8F718BB29
:1064E0000B464FF47C4200F5EC711846FEF73BBAC0
:1064F00070B50C46516815461831204604F11E0649
:10650000FCF745FF3046FFF7A0F828682C30FFF76E
:106510007BF801463046FFF7BDF80023E376DFF74E
:106520005DF9A06070BD90F8423003F00F03072BB7
:106530000CBFB0F840004FF6FE70704790F8203066
:1065400030B50246C4189442154606D1202B09D016
:106550005A1C80F82020C15404E02D788D4202F1AD
:106560000102F0D130BD38B591F820500C460D44F1
:10657000AC4200D138BD14F8011BFFF7DFFFF7E78D
:1065800010B504460830E4F78DFA2046BDE8104007
:10659000FBF7E1BB30B587B00D46014668461446AF
:1065A000FFF765FF9DF81430AB420DD12046FEF792
:1065B00066F938B91022214601A803F0A2FAB0FA10
:1065C00080F0400907B030BD0020FBE770B50D46F4
:1065D0001646FBF7CFFB04460CB9204670BD324689
:1065E00029462046FFF7D6FF0028F7D1E469F3E7F4
:1065F00073B50C4616460A4607210546FFF7E6FF27
:1066000038B9CDE900003346224607212846E8F78D
:106610007BFB02B070BD64215C30E8F7BBBB427805
:10662000022A04D1C3789B0701D4FFF7F4BF704757
:10663000F7B504460E46014668461746FBF794FB3D
:10664000009D0DB903B0F0BD3A4631462846FFF72C
:10665000A1FF18B129462046FBF775FB6846FBF7FA
:10666000D2F8EDE730B587B0044603220D4602A804
:106670000021FBF7C5F804F1700002AA0021E6F73B
:1066800003FD044650B3A5F11003012B4FF0FF3377
:1066900088BF00238DF807308379C571012262F32A
:1066A000030383710DF10701FBF73BFA98B99DF8DD
:1066B000073043B915230A2203A920468DF80C3070
:1066C000FBF72FFA38B9012203A920468DF80C50A8
:1066D000FBF727FA18B12046E4F7D6F80024204645
:1066E00007B030BD0A460823032102F06ABD0B7AC9
:1066F0000A46042102F065BD10B50446E8F77CFBAC
:1067000020B92046BDE81040E8F784BB10BD022246
:10671000122102F09ABD10B50446E8F7DDFB20B95E
:106720002046BDE81040E8F7E9BB10BD70B516463D
:1067300004460D46E6F728FA334602462946204627
:10674000BDE87040E8F786BC07B501AA02F098FCE6
:10675000B0FA80F0400903B05DF804FB13B50C46B5
:106760000DF10702012102F0E1FC20B99DF807308C
:1067700043F00403237002B010BD10B50A460C4666
:10678000122102F0E6FC18B92388012B98BF0620DD
:1067900010BD37B5144601AA054602F071FC20B9B8
:1067A00001AA2946204600F0CAFB03B030BD0A46C4
:1067B0000321FFF7EEBF0A460421FFF7EABF1FB52A
:1067C0000C46002301A98DF80C30FFF7F4FF38B90F
:1067D000214601A800F0CFFB80F00100C000C0B24C
:1067E00004B010BDF8B50E4615460A460521074609
:1067F00002F0C2FC044650B92A460821384602F08D
:10680000BBFC20B1172806BF33682B600624204646
:10681000F8BD37B508230D466A460B2102F0BFFCD0
:10682000044618B92946684600F076FB204603B0B6
:1068300030BD7FB50D466A460F21064602F020FCAA
:10684000044650B96A46314601A800F02FFB0446C1
:1068500018B9294601A800F009FB204604B070BD14
:106860000A460021E8F762BC0A460121E8F75EBC4F
:1068700073B50D4601AA0D21064602F001FC04463F
:1068800060B9202101A802F0F5FA2A4601A9304694
:10689000FBF7DAF8BDF8063085F82030204602B064
:1068A00070BD00F12C0350F8042B41F8042B9842E2
:1068B000F9D103880B8083788B707047002300F830
:1068C000043BE4F7EFB88378052B06D102230B7065
:1068D0004379012B12D91720704701230B700289CD
:1068E0004379012A0CD88278042A09D0022BF2D8E5
:1068F000012A03D0022B01D000230B700020704727
:10690000022BF8D9E7E707B583798DF807300DF149
:106910000701E8F7DFFDB0FA80F0400903B05DF849
:1069200004FB2DE9F041044610460E4617461D466D
:10693000FEF7ADFE804604F1140000F0D8FF80455C
:1069400025D1A38DC6F30801C3F30803B1FA81F280
:10695000B3FA83F352095B099A4209D195F90020F1
:1069600094F94C309A420DD012DC4FF0FF3004E025
:1069700000290CBF01204FF0FF30431E5842584100
:10698000BDE8F0816A7894F84D309A4202D0ECD993
:106990000120F2E7228EBDF818309A4201D0F7D3D9
:1069A000E3E72A89B4F854309A42F0D1AA7A94F8ED
:1069B00056309A42EBD1AA7894F84E309A42E6D1FA
:1069C000EB7894F84F209A42E9D194F85830BB42C2
:1069D00004D034BF01204FF0FF30CEE70020CCE7D9
:1069E0000278012A034606D100210170D0E9012076
:1069F000596002B1104770474378FF2B1CBF013329
:106A000043707047F8B50E4617460446DEF7E6FEBB
:106A100039460546304602F057FA28446060F8BD12
:106A20000378013B012B9FBF4068081AC043C00F89
:106A300088BF00207047034608461A78013A012AA9
:106A400002D85968FBF757BB704710B504461030A1
:106A5000E4F728F800232380238110BD08B543788C
:106A6000032B04D90846E8F7BFFE102008BD00201C
:106A7000FCE77FB504460D46FFF707FDE0B1286847
:106A80000DF10602002102F064FBA8B9286802A9F2
:106A9000FFF7BFFE80B96378022B3CD12A6904F16D
:106AA00028039A4208D1B4F84020BDF806309A4233
:106AB00004D02046E8F798FE04B070BD236A029A1D
:106AC0009A4205D19DF80F2094F827309A4207D0BA
:106AD00002A92046FFF7FFFC237843F0010323704F
:106AE000DEF77CFE20632378DB0704D402A920466E
:106AF000E8F7C2F860B14FF47A7120466E68FFF78C
:106B0000D2FC10360246314604F15C00FFF770FDFE
:106B100002232B75D0E72869FFF7A1FC0028E2D1FA
:106B2000CAE710B50023044603800381E8F784FE1A
:106B30002046BDE81040E8F799BE10B5FFF75CFFAE
:106B400001230446037005224FF47A71FFF75AFFC0
:106B50002046BDE81040E8F789BE10B50023044682
:106B60000380E8F769FE237A012B06D105224FF452
:106B70007A7104F10800FFF745FF2046BDE8104098
:106B8000E8F774BE00220281E8F770BE1FB5044624
:106B900000F128016846FDF79CFE69462046E8F7AB
:106BA0005DFF04B010BD10B504461030E3F77AFF66
:106BB0000023237010BD70B50C4605462622002127
:106BC000204602F086FF022384F82430002384F854
:106BD0002530224628462623BDE870400321EBF7E6
:106BE00081B808B5082202F08CFFB0FA80F04009A5
:106BF00008BD08B50B4600F5EC711846FFF7F1FF2C
:106C000008BD10B50C4600F5EC712046FFF7E9FF12
:106C100028B104F10800BDE81040FDF716BE10BD14
:106C200010B50C4600F5EC712046FFF7DAFF28B1ED
:106C300004F10800BDE81040FDF716BE10BD0021AC
:106C4000E9F728BC30B58DB004466846FBF7C1F9BA
:106C5000082200210DEB020002F03BFF214604A8B0
:106C6000FBF782F8049D7DB9694604F10800FBF743
:106C700037FA02A906A8FBF777F80699F1B902A836
:106C8000FBF769F80DB030BD294606A8FFF7EFFB0A
:106C90000699009B5B1A002B06DA6846FBF7A4F9FD
:106CA00004A8FAF7B0FDDDE729462046FBF731F8E6
:106CB0000122294602A8FBF711F8F1E72046E9F77F
:106CC0005BFD06A8FAF79FFDD7E708B50346FFF777
:106CD000DCFB88B18A7E02F00F02072A0CD15A78B9
:106CE000022A09D103F12802914205D11846012157
:106CF000BDE80840E9F7CEBB08BD38B50C46002119
:106D000084F8201005462046FFF718FC1121FFF7F4
:106D100015FC94F8293013B10421FFF70FFC21462C
:106D20002846BDE83840E9F761BE70B504469AB020
:106D30000869FFF794FB0023064620460D468DF8B0
:106D40004C308DF855308DF82830FFF79EFB18B980
:106D500094F8F830012B21D128680DF106020021AA
:106D600002F0F7F9D0B96B680DF1560103F110028A
:106D7000203352F8040B41F8040B9A42F9D10BA8C6
:106D80000021FFF7DBFB0B21FFF7D8FB28680DF193
:106D90004D01FFF70CFD18B1172840D01AB070BD97
:106DA00004210BA8FFF7CAFB0821FFF7C7FB052149
:106DB000FFF7C4FB2A6904F128039A424BD12868E3
:106DC0000DF10502112102F0B1F960B31728E5D1E8
:106DD000BDF80620B4F840309A4228D16EB1294659
:106DE0002046E8F75FFD0028D8D1286801AA1021C5
:106DF00002F09CF9F8B11728D0D1286802A9FFF752
:106E000037FD18B31728C9D10223294620462B7510
:106E1000E9F70AFD0BA92046E9F7E8FDBEE70023E4
:106E20008DF85530C6E79DF80530012BD0D12046AE
:106E3000E8F7DAFCB2E79DF80400FEF728FC94F8C6
:106E4000483060F3830384F84830D6E702A90BA8E2
:106E5000FFF789FBD8E70BA92046FFF74EFF9DE718
:106E6000E9F75CBE01461046EAF740B838B50C4673
:106E700005460C220021204602F02BFE28788009CE
:106E8000EAF7C8FE20706B786370AB78A370EB787C
:106E9000E3702B7923716B796371AB79A371B5F8CA
:106EA00007305BBA23816B7AA37238BD10B5538863
:106EB000072B04460846114609D12246FAF7D3FDAE
:106EC00020B90523E37101232072637210BD2246AD
:106ED0000A23BDE81040FAF7C6BD03784BB9B0F8F5
:106EE000010040BA0B3880B20F288CBF002001206F
:106EF00070470020704738B50D4604460868FCF717
:106F00006CFF2B7923716B796371AB79A371EB798A
:106F10002060E371204638BD38B5054600680C4650
:106F2000FCF75BFF20602B7923716B796371AB7980
:106F3000A371EB79E37138BD0821F7F7A7BC37B52A
:106F4000044600231068019023720D4601A8082111
:106F500001F090FFBDF80630032B0AD9224601A9A3
:106F60002846FAF780FD10B9BDF80630237203B049
:106F700030BD0620FBE708B5027A082A05D102F0E9
:106F8000C0FDB0FA80F0400908BD0020FCE70021F8
:106F9000E9F7DEBF807E00F00F00012806D00C303C
:106FA00000F00F0003288CBF00200120704708B5B7
:106FB000082906D8DFE801F0070F12171B22283333
:106FC0002E00002008BD807E00F00F00072814BFAF
:106FD00000200120F6E7FBF7A3F9F3E7807E00F03D
:106FE0000F000428F3E7BDE80840FFF7D3BF807E19
:106FF00000F00F00B0FA80F04009E3E7807E10F067
:107000000F0018BF0120DDE7FBF78AF980F00100CF
:10701000C0B2D7E7807E00F00F000528D7E7012037
:10702000D0E738B50C46054601782046FFF7BFFF8C
:1070300088B16B884FF6FE72934202D0228B9A423F
:107040000AD16B683BB108222146184602F059FD6F
:10705000B0FA80F0400938BD0020FCE70022026051
:10706000704707B54FF6FE73019169468DF8002011
:10707000ADF80230E9F782FF03B05DF804FB07B515
:107080000B7A012B02D10B88002103E0022B4FF673
:10709000FE73F9D1019169468DF80020ADF80230F8
:1070A000E9F76CFF03B05DF804FBFFF7DABFFFF709
:1070B000E6BF4278012A0BD9C3780733DB10991C4D
:1070C0008A4234BF00200120102BC8BF0020704727
:1070D0000020704790F90230002BA6BFD0F80300C3
:1070E00000BA4AF6AA70704770B544780546DCB11C
:1070F00090F90260002EACBF06220222944213D304
:10710000FFF7E8FF002E4AF6AA72B4BFEB78EB79DE
:10711000801A18BF012003EB8003023404339C4221
:1071200034BF0020012070BD0020FCE790F9023040
:10713000002BB5BFC078C079022306231844C0B223
:10714000704738B50446154623680846114422792D
:1071500013445B1ADAB202F0A3FC23795B1B2371A0
:1071600038BD4A780232D2B2FFF7EBBFF8B5064617
:1071700008460D46FFF7DAFF841C2C446F78BB1CD1
:107180002B449C4206D32846FFF7D0FF3B1A5842B7
:107190005841F8BD23786778DA070CD55B08062BD1
:1071A00006D1AB7803F00F03A3F57C735BBA638061
:1071B00002373C44E2E721463046FFF7D2FF6B78C6
:1071C000023BDB1B6B70D9E72DE9F843CC78073421
:1071D00001EBD4040546884604344FF0FF366FF0C7
:1071E000010798F80100831C43449C420AD398F895
:1071F00003300733A0EBD300C0B2831E584258417E
:10720000BDE8F8832378DA072ED55B0822D0022B5D
:1072100009D10321404600F098FAA21C6378023B92
:1072200023449A4203D9637802331C44D9E7538834
:107230005BBA03F4406353B148B1837803F00F03A2
:10724000A3F580635BBA9BB222F8043BE6E74FF6F6
:10725000FF63F9E7A21C6378013B23449A42E2D81A
:10726000167057700332F6E72146284694F80190CD
:10727000FFF777FF98F80130023BA3EB090388F88A
:107280000130AEE738B5046805462A792B68134407
:107290009C4200D338BD23785A08012A06D0052A1B
:1072A0000ED003F0010383F0010003E021462846DD
:1072B000FFF78AFF48B121462846FFF752FFE4E76F
:1072C00021462846FFF752FFF4E7637802331C4457
:1072D000DBE770B5144602796379934205460E46A2
:1072E0000CD30168206802F0CDFB2B792371012EAD
:1072F00002D12046FFF7C6FF002070BD0320FCE747
:1073000013B51C461B7800928DF805306A460023A1
:107310008DF80430FFF7DDFF10B99DF804302370BD
:1073200002B010BD408840BAC0F34020704710B58D
:107330004B78CC78023307340B4401EBD401043191
:10734000C0E9001310BD37B50D460368B2B15178DE
:1073500002310A4401790B44CDE90023012168463A
:1073600000F000FA044630B1E278211D2846FDF70E
:10737000C0FA0028F2D0204603B030BD1A46E9E733
:1073800073B51646037902681344CDE900230D4610
:107390000121684600F0E6F9044650B1032100F0EF
:1073A000D4F90028F4D0837803F00F039D42EFD185
:1073B0003060204602B070BDF7B50546488840BA37
:1073C000C0F3813017460C46EAF724FC064678885D
:1073D000248840BAC0F38130EAF71CFC3A8864BACA
:1073E00052BAA4B292B203460092314622462846CF
:1073F000E9F7AAFE03B0F0BDF7B506468878800924
:1074000015460C46EAF706FC0746A878248880094A
:10741000EAF700FC2A8864BA52BAA4B292B20346D0
:107420000092394622463046E9F78EFE03B0F0BDA1
:107430002DE9F04F002685B007468A4691469846CA
:1074400035463446224649463846FFF77CFF044617
:1074500038B98DB32B885BBAA8F8003005B0BDE809
:10746000F08F214602A894F803B0FFF760FFA378DD
:107470005345E7D10DB15E45E4D2002102A800F0EA
:1074800071F903460028DDD0991C5A78013A1A4454
:107490009142F2D81DB95E460D460331F5E75E45CF
:1074A000F9D32A46384601930091FFF7A5FF01283A
:1074B000DDE90013F1D1EEE70420CFE72DE9F74332
:1074C0008046684691461F46FFF731FF002602219D
:1074D000684600F047F9044630B9D6B133885BBA44
:1074E0003B8003B0BDE8F083A51C617802392144DC
:1074F0008D42ECD82846C84708B116B92E46043547
:10750000F3E7324629464046FFF756FF0128F6D1F9
:10751000F4E70420E5E72DE9F04105460F469046E3
:107520001E460024224639462846FFF70CFF044633
:1075300008B904200CE0022100F007F90028F1D07E
:10754000A178334642462846FFF772FF10B9002063
:10755000BDE8F081324621462846E9F717FE0028AB
:10756000E0D1F4E70346006819790422014400F0F1
:10757000D3B810B50C46FFF7F5FF30B1417822467D
:107580000230BDE8104001F0EABE10BD10B514464F
:10759000FFF7EFFF48B14378012B08D901F0D8FC81
:1075A00003885BBA2380002010BD1720FCE706206B
:1075B000FAE70A460921FFF7E9BF10B50446EAF7E2
:1075C0004BFBE071EAF748FB0023A07123712046D2
:1075D000BDE81040E9F7E0BD10B500F10803036015
:1075E0004FF47E4383800023044680F80631FFF782
:1075F000E4FF204610BD2DE9F04FC3B0DDE94CA9F2
:10760000B9F80250FE2D0446884617461E4637D864
:10761000B9F800301D44BAF80A30ADB2AB422FD3EE
:10762000FE230DF1070B8DF8073002AA5B460021FF
:10763000FFF766FE226849465046FAF705FAB9F8A0
:10764000023023712046E9F7AFFC054660B19DF892
:107650000720206802A902F015FA9DF8073023716F
:10766000284643B0BDE8F08F012E84F80780A7714B
:1076700002D12046FFF706FE2046E9F78DFDEFE731
:107680000625EDE738B503785B08013B0546052B79
:107690003ED8DFE803F0033D123D18124378012B7A
:1076A00038D9C2780732D210911C8B4234BF0020E7
:1076B0000120102AC8BF002038BD4078012894BF9F
:1076C00000200120F8E740780028F5D095F9023035
:1076D000002BACBF0622022290421BD3002B00F1EC
:1076E00002040FDAEB784AF6AA704AF6AA72801AF8
:1076F00018BF012003EB800304339C4234BF0020F9
:107700000120D9E7D5F80300FCF767FBEB79ECE73C
:107710000120D1E70020CFE7F8B50E461746044612
:10772000A31C9E420ED3657802352544AE4209D390
:107730002378B7EB530F03D12046FFF7A3FF10B90F
:107740002C46EDE700242046F8BD10B4C3784478F9
:107750000733023400EBD3030A46011910BC181D8D
:10776000FFF7DABF10B50A460446D0E90001FFF77B
:10777000D3FF18B1437802330344236010BD0022C5
:10778000C0E90022826070472DE9F0418AB00D46C1
:1077900006460021174602A8202202F09AF901AA03
:1077A0001221284601F06CFC044650BB4FF08008C3
:1077B000BDF806302BB301230DF1030201A92846C1
:1077C000FAF751F9E0B9012101A801F048FB9DF851
:1077D00003100AAB03EBD10001F0070210F8203CC4
:1077E00048FA02F21A425FFA82FCE1D143EA0C0342
:1077F00000F8203C3A463046E9F764FD0028D7D02F
:10780000044620460AB0BDE8F081034608BA19BA1A
:1078100070472023037002234370531E5A425A417B
:10782000C1F30E0141EAC23149BA4180704738B50F
:1078300022230370422343700B885BBA43804B883A
:107840005BBA83808B885BBAC380CB885BBA0381C9
:107850000B895BBA43814B895BBA83818B895BBAA5
:10786000C381CB895BBA0382B1F848305BBA4382EB
:1078700004460D46D1E91001FFF7C7FF6061A16121
:10788000D5E90601FFF7C1FFE0612162D5E90801F2
:10789000FFF7BBFF6062A162D5E90A01FFF7B5FF00
:1078A000E0622163D5E90C01FFF7AFFF6063A163DC
:1078B000D5E90E01FFF7A9FFE063216438BD034657
:1078C00059B1488E9A8A90420BD191F83620012105
:1078D00091401A690A431A61704703690BB1E9F7CD
:1078E000C1BE70470B4601461846FFF7E8BF90F847
:1078F0002030C3F3810003F00303984228BF1846E9
:10790000704737B504460D461822002102F0E1F811
:1079100021462846FBF760F918B121462846FBF7B7
:10792000E7F80DF106012846FBF7E2F810B12388CD
:10793000ADF80630BDF806304FF6FF729A1A534282
:107940005341627963F3410262712B681B8813F023
:1079500008030BD00DF106012846FBF7D0FA9DF87D
:10796000063003F0F703B3FA83F35B09627963F33C
:1079700000026271AB79A37095F91530E370AB7DAD
:10798000237103B030BD10B50446FDF7F5F80023B0
:1079900084F8A830204610BD02224FF2BF0100F04B
:1079A0005CBBE9F70FBF08B54A69138C02F11001FF
:1079B000E9F768FF00280CBF1F20002008BDFFF773
:1079C000F2BFF0B58DB01446054626220E4602A839
:1079D00000211F4602F07DF8224606AB04F1100C90
:1079E000106851681C4603C4083262452346F7D12B
:1079F00002A92846E9F772FF9DF82D3067F30413BA
:107A00008DF82D30139B009302AA129B3146284615
:107A100000F008FD0DB0F0BD13B5049CCDE90034B5
:107A20000023FFF7CEFF02B010BD07B5002300937F
:107A3000FFF7F2FF03B05DF804FB13B5049CCDE93A
:107A400000340123FFF7BDFF02B010BD07B50023CE
:107A50000093FFF7F2FF03B05DF804FB20B10328A9
:107A60000CBF07200F207047172070470F2804D045
:107A700017280CBF002003207047012070470968B9
:107A80000068B8F7A7BB704702463C2352F8040BC6
:107A900041893C3989B2F9F7DBBFF0B5054685B0BD
:107AA0000F460146006900F077FE044620BB2969B5
:107AB00001A800F068FF0446F0B94FF6FF76BDF864
:107AC0000A30B3420ED1BDF80830BDF80C6023B1C6
:107AD000286943896FB1012F11D028693146F9F720
:107AE000C1FE09E001A8EAF74DF80028E7D00446F6
:107AF00002E09E42F1D10624204605B0F0BD9E4230
:107B0000EBD13946013EF9F72DFFB6B2E5E713B5E3
:107B100003220446012101A8F9F772FE01A92046BB
:107B2000E9F736FF02B010BD10B50C4611463CB166
:107B30000222204600F0C6FF28B12046E2F7A4FE4C
:107B40000024204610BD204600F0D1FF0028F8D0C8
:107B5000F3E770B50D460446E9F72AFF2B460146C8
:107B600000222046BDE87040FFF7DEBF70B50D462D
:107B70000446FFF7CCFF2B46014600222046BDE815
:107B80007040FFF7D1BF10B513460C4641B14422F7
:107B90000221204600F073FE28B12046E2F774FE71
:107BA0000024204610BD204600F0A1FF0028F8D098
:107BB000F3E738B50D460446E9F7FAFE2A460146D2
:107BC0002046BDE83840FFF7DEBF38B50D46044615
:107BD000FFF79DFF2A4601462046BDE83840FFF7E3
:107BE000D2BF436D18472DE9F04192F80080074657
:107BF0000C461646B8F1000F17D1E9F7D9FE054635
:107C0000A8B121467388424600F0F9FC044630B919
:107C1000726929463846FFF7E4FF044610B128464A
:107C2000E2F732FE2046BDE8F0810724FAE703249C
:107C3000F8E70A460321FFF7D6BF0A460221FFF7FD
:107C4000D2BF836C1BB1D1E90412C06C184718462F
:107C50007047436823B98068003818BF0120704717
:107C60000120704730B445680C4613461DB12B46C1
:107C7000006830BC184785683DB109B1D1E90414EA
:107C80002246AC46006830BC604730BC704708B53F
:107C9000028C4B8C9A4208D110221144104401F0FE
:107CA00030FFB0FA80F0400908BD0020FCE790F8F2
:107CB00039200346C2F34000920704D593F83800F8
:107CC000003818BF0120704700F1100370B501F1B2
:107CD000100200F120051C4653F8046B42F8046BB7
:107CE000AB42F9D1038C4B840A46034653F8045B3C
:107CF00042F8045BA342F9D190F8393091F825207D
:107D0000C3F3800363F3041281F8252070BD70B5BE
:107D10000646084611461C4600F0E4FD206088B186
:107D20003C22211DF9F7FDFE054660B92168301D92
:107D30000122F9F7D3FF616B06F10C00FAF7DBF9CA
:107D4000284670BD032520680028F9D0E2F79CFD85
:107D500000232360F4E710B50C46096821B1043014
:107D6000F9F7F1FF0023236010BD2DE9F7430D461D
:107D7000011D6846144600F0BBFD271D04F11C08D8
:107D8000009E26601EB9172003B0BDE8F083204690
:107D9000FFF77AFE69693846FFF779FF48B12B781B
:107DA000012B18D9023B012B0CD96846F9F72BFDA2
:107DB000E6E7237DFF2BF2D04046FCF755FD002877
:107DC000EDD1F2E73046B5F8029000F060FC48458E
:107DD000EBD10020D8E72869314600F066FD002885
:107DE000E3D0F6E770B51D460B680C4616464BB15E
:107DF000FFF7B1FF3246294604F12800BDE8704084
:107E0000FFF730BF70BD0023FFF7ECBF30B591B076
:107E10006A4605460C46FFF7A8FF68B1214628468A
:107E2000FFF70FFF30B92378012B03D821462846EE
:107E3000FFF7FFFE11B030BD2378032BFAD8DFE83F
:107E400003F0363A0B026378002BF3D10B2269461C
:107E50002846FFF7D8FFEDE76378CBB99DF83D30B2
:107E60009A070BD543F0010300988DF83D30418906
:107E70003C393C2301AA89B2F9F736FE0AA8FFF77C
:107E8000E8FE0028D6D169462846FFF764FFD1E70F
:107E90003F2BCFD90099206900F007FD0028C9D0F9
:107EA0002346002269462846FFF79CFFC2E7214689
:107EB0002846FFF7C2FE0AA8FFF7CBFE0028EFD046
:107EC0009DF81430FF2BEBD1002221460AA8FFF7C2
:107ED000C9FEAFE730B593B068460C46154600F0D2
:107EE00007FD009B2BB9204613B0BDE83040F9F7E1
:107EF00032BF02A80293FFF7C7FD0CA82A46002153
:107F0000FFF7B0FE6846F9F77EFCEAE708B50278AD
:107F1000012A0B4603D0022A0AD0012008BD41687D
:107F20001022181D01F0EDFDB0FA80F04009F5E7D0
:107F30008168DA6A914205D1C0689B6AC31A5842C7
:107F40005841EBE70020E9E710B50446F9F703FFD5
:107F500004F10800BDE81040E2F7A4BD0346006844
:107F600019795B794143B1FBF3F1013100F0A0BF16
:107F7000012302688B40013B534342790079B3FBF4
:107F8000F2F35843704710B504468179FFF7F0FFCC
:107F9000236803F5433303F5A073184410BD8179BA
:107FA0000131C9B2FFF7E4BFF8B54E691746044680
:107FB0000D461A46844606F1100E30687168634615
:107FC00003C3083676459C46F7D16B695B8C2384E6
:107FD0006E6904F1100E06F1100320361868596816
:107FE000F446ACE803000833B342E646F6D16B69C9
:107FF00094F8391093F82530C3F3001363F382012A
:1080000084F8391007CA04F1240383E80700BB7918
:1080100084F838303846FFF7A1FF94F839306063B0
:1080200023F0010384F839302B7894F83920B3FA1F
:1080300083F35B0963F3410284F83920DDF7CEFB5B
:1080400094F839309B07054603D5606B28442063BC
:10805000F8BD3846FFF7A3FFF8E770B5B0F86C300D
:108060000E4611468BB900F15C052846E5F74CF841
:10807000044640B931462846FCF756FF044610B185
:108080002846E5F737F8204670BD0024FBE7B0F836
:108090006C3013B15C30E5F725B80D207047FFF761
:1080A000F6BF0246084649892C392C2389B2F9F7D4
:1080B000CFBC0822002101F00CBD2DE9F04104469F
:1080C00094B0684604F104080E46FFF7F2FF4146FB
:1080D00002A800F00DFC1727029D45B920460B228F
:1080E0006946FFF7F7FE384614B0BDE8F08104A8F2
:1080F0000495FFF7C9FC04A93046FFF707FF48B114
:1081000029464046F9F705FE012229466846F9F757
:10811000E5FD002702A8F9F776FBDDE71FB5002390
:10812000694604468DF80030FFF7C7FF04F10C00E4
:1081300004B0BDE81040E2F7B5BC10B50446FFF747
:10814000EDFF04F11C00BDE81040FFF7FDBE38B59F
:10815000B0F86C4005463CB15C30E4F7CBFF044618
:1081600010B92846FFF7E9FF204638BD1FB50123A7
:10817000019169468DF80030FFF79FFF05B05DF86B
:1081800004FB2622002101F0A4BC70B50D468AB084
:1081900006466846FFF7F5FF286841893C3989B2F1
:1081A00000F0A0FB044660B16946281DFFF78CFD76
:1081B00030686A462146FFF714FD10B12046E2F709
:1081C00063FB0AB070BD70B596B004466846F9F717
:1081D00000FF261D02A8FFF76CFF314604A800F03F
:1081E00087FB049D5DB9694604F10C00F9F778FF3F
:1081F0001C2202A92046FFF76DFE16B070BD06A82E
:108200000695FFF741FC0099139BCB1A002B2ADB44
:1082100007A8FFF74CFD60B929463046F9F779FD0C
:108220000122294602A8F9F759FD04A8F9F7EBFA4B
:10823000D7E79DF854300698013B8DF85430149BD5
:108240005B0019441493139141893C393C2307AADC
:1082500089B2F9F749FC9DF85530DB0703D406A92C
:108260002046FFF792FF13996846F9F7BDFEDCE759
:10827000C068FFF7A8BF70B58CB04E880D4600F0FF
:108280003DFB044614B920460CB070BD204600F0FA
:10829000FEF9B0420CD102A8FFF773FF214601A8F6
:1082A000FFF7FFFE696902A8FCF7B7FD0028EAD1D5
:1082B000E469E7E770B50E461446FFF7DCFF90B1BE
:1082C00041892C3989B200F00DFB054668B10146A1
:1082D00072692046FFF785FC044610B12846E2F794
:1082E000D3FA204670BD1724FBE70324F9E72DE9F4
:1082F000F0418EB00146054601A800F0F9FA0024CD
:108300002646019F4FB9A4B2092C1BD931462846F5
:108310000EB0BDE8F041F9F716BD04A8FFF731FF34
:10832000394603A8FFF7BDFE26B1039BA3EB080364
:10833000002B02DADDF80C803E4601A8F9F763FA5B
:108340000134DEE70EB0BDE8F08130B591B00446EF
:1083500001A8F9F73EFE214603A800F0C9FA039DE3
:1083600035B901A904F10800F9F7BAFE11B030BD22
:1083700006A8FFF706FF294605A8FFF792FE059914
:10838000019B5B1A002B07DB29462046F9F7DBFC33
:1083900003A8F9F738FAE2E701A8F9F725FEF7E7AD
:1083A000C068FFF7D2BFF0B58DB004460E4602A8F4
:1083B0001746FFF7E6FE31462046FFF75CFF20BB7D
:1083C0002046FFF794FF306900F08FFA0546E0B1D0
:1083D000DDF704FA72690744019702AB02F1200746
:1083E000106851681E4603C60832BA423346F7D1B8
:1083F000106830609288B28001A92C222846F9F7D3
:1084000090FB20B12846E2F73FFA0DB0F0BD2946B7
:1084100020460122F9F762FC019904F10800F9F7FE
:108420006AFEF2E730B587B01C460A9DCDE90354D9
:1084300003AC002300940593E9F742FB07B030BD7D
:1084400007B500230093FFF7EDFF03B05DF804FBD1
:10845000F8B5074610460C46154600F0C0F850B374
:108460003846E9F7A5FA064638B3297831B101292B
:108470001DD007243046E2F707FA16E06B88224643
:10848000022100F0BCF804460028F3D129693046E7
:1084900000F0E8F904460028ECD16A693146384614
:1084A000FFF7CEFF04460028E4D12046F8BD22465F
:1084B00000F0D1F8E7E70724F7E70324F5E70B46D8
:1084C00011461A7812B91A46FFF7C2BF0720704743
:1084D0004422FFF7F4BF0A468421FFF7B9BF70B505
:1084E000836B8AB004460D46DBB92246294604F167
:1084F0001C00FFF7DFFE172820D1286901A900F032
:1085000037FB90B9236D9BB9666BCEB9236C23BB47
:108510006B691B78FF2B11D029462046FFF7DBFF44
:108520000CE0C06B98470028DFD0172806D1EFE792
:108530002A4601A9204698470028E5D00AB070BD18
:10854000306801A9F9F7F3FC28B1D5E90412736882
:10855000B0689847F2E7F668D7E7D5E90412606C8F
:10856000F7E730B587B08B890B82CDE9041204465A
:10857000002168461546FFF790FA58B12B78FF2B7B
:1085800006D09DF800301BB969462046FFF751FB25
:1085900007B030BD684600F022F8694618B12046A1
:1085A000FFF79DFFF4E72046FFF730FCF0E7FFF709
:1085B000D8BF10B5047A082C08D80A7AA24205D18F
:1085C00001F09FFAB0FA80F0400910BD0020FCE7EE
:1085D000082902D80172F6F759B907207047407888
:1085E000013803288CBF002001207047037823B98D
:1085F0004078831E58425841704700207047F7B5B5
:1086000005460C46002117461E46F9F702F9284692
:108610000021F9F727F90021042229820DEB02003D
:1086200001F057FA9DF804308DF80570240103F02D
:108630000F0304F030041C43042244F0400476BAD3
:108640000DEB020128468DF80440ADF80660F9F7FD
:1086500068FA03B0F0BD0023FFF7D1BF10B50A469A
:108660000C460423018AF9F7F3F940B923789A09F3
:10867000012A05D103F00F03092B28BF062010BDE6
:108680000620FCE70A460423018AF9F72DBA07B54C
:1086900001A9FFF7E3FF30B9BDF8060040BA80B288
:1086A00003B05DF804FB0020FAE737B50C4601A9DA
:1086B0000546FFF7D3FF30B964BA01A92846ADF8E3
:1086C0000640FFF7DFFF03B030BD0C2901D8C8B268
:1086D0007047B1F5867F136806D80D391970136895
:1086E000013313600D2070476FF486700144C1F3AD
:1086F0000720187059701368023313600E207047FA
:10870000008A4FF6FB73984228BF1846043080B2A7
:10871000704713B50C4601A9FFF7A0FF20B99DF8DB
:10872000043003F00F03237002B010BD37B50C46C0
:108730000DF107010546FFF7ECFF024660B9284638
:10874000FFF7DEFF9DF8073003449BB24FF6FF7141
:10875000984288BF0B462380104603B030BD70B5E9
:108760000C7804F00F0414720546FFF7C9FF234686
:1087700001462846BDE87040F9F76AB937B50D469D
:1087800001A90446FFF76AFF20B92A4601A920463D
:10879000FFF7E5FF03B030BD37B50C4605460021B5
:1087A0000E22204601F095F901A92846FFF756FF51
:1087B00080B99DF80430C3F3011323709DF8053090
:1087C0006370BDF806305BBA6380221D01A928469C
:1087D000FFF7C5FF03B030BDF7B50B7A082B044691
:1087E0000D4603D90726304603B0F0BDFFF788FFDA
:1087F00001A907462046FFF731FF06460028F2D1BF
:108800006389297ABB4218D12046F9F717F8D8B9FD
:108810009DF804302A7A23F00F0302F00F0213436D
:1088200001A920468DF80430FFF72CFF2B7A2A4649
:1088300039462046F9F758F9D5E79DF8043003F09A
:108840000F038B42F2D0CDE70646CCE71FB50446B6
:1088500001A8FFF7BDFE18B901A92046FFF7BCFF2C
:1088600004B010BD1FB50446084601A9FFF786FFF6
:1088700018B901A92046FFF7AFFF04B010BDF8B545
:10888000044618460E4617461D46FFF700FF3A46B7
:10889000034631462046FFF7B2FE28B92946204656
:1088A000BDE8F840FFF7DEBFF8BD10B586B00C4656
:1088B0006946FFF763FF10B1002006B010BD03A9A1
:1088C0002046FFF75BFF0028F6D103A96846FFF7B3
:1088D00070FEF2E710B50446E2F720F808B1238AEB
:1088E000038210BDC289FFF7F5BF4189FFF7FABFC8
:1088F0000B68036003B1DB69436070470068704731
:1089000010B5C3880A464FF6FF718B4207D0048921
:108910000068E41AA1B2F9F777F8002010BD17201B
:10892000FCE738B504460D460B4601890068F9F7A7
:108930008FF810B923891D44258138BD13B50B88E4
:108940000C2B0C460BD90D2B0CD10DF1060201217D
:10895000FFF7E7FF20B99DF806300D332380002094
:1089600002B010BD0E2B0CD10DF106020221FFF753
:10897000D8FF0028F4D1BDF806305BBA03F20D131E
:10898000ECE70620ECE737B50D4604460DF106018D
:108990002846FFF7CBFE58B9BDF806306A899A42DF
:1089A0000BD3C4E9005023812046E9F7EBF810B15E
:1089B0004FF6FF73E38003B030BD0620F8E72DE9E2
:1089C000F04186B004460D460023014603A8174631
:1089D000ADF81030FFF7D7FF40BBBDF8106003467D
:1089E0004FF6FF78BDF81220424522D16EBBAB4254
:1089F0002DD8ED1A0DF105020092A9B26A46204663
:108A0000FFF763FE00018DF8040039462046FFF7AA
:108A10005CFE9DF80430009A01AE1843921B8DF85D
:108A2000040092B231462046F9F77BF806B0BDE863
:108A3000F08103A8ADF81060E9F7A4F8BDF81020A4
:108A400033460028F2D11646CCE70620EEE7072091
:108A5000ECE770B5044616461D46FFF7B0FF30B987
:108A6000324629462046BDE87040F9F75AB870BD35
:108A700070B50546104614460E46B7F7BDFB2346B3
:108A800082B231462846BDE87040FFF7E2BF70B5BC
:108A900006460C462F212046F9F70FFA054630B955
:108AA000224630460B21BDE87040FFF7E1BF2A1B8C
:108AB000234692B20B213046FFF7CBFF08B96C1C5E
:108AC000E8E770BD38B504461D46FFF7C4FD68B938
:108AD00002212046FFF7BAFE40B92846E8F73AFFE0
:108AE00001462046BDE83840FFF7D1BF38BD7FB50D
:108AF000FF230146054601A88DF80330FFF743FF29
:108B00000446A0B94FF6FF76BDF80A30B34211D142
:108B1000BDF808305BB901220DF103012846F9F7D1
:108B200000F8044618B969892846F8F79BFE2046E4
:108B300004B070BD01A8E9F725F80028E4D0044688
:108B4000F5E770B50446154671B1FFF71CFF4FF607
:108B5000FF7660B9E388B34209D0A388AB4206D060
:108B60002046E9F70FF8F4E7E9F70CF8EFE770BDF6
:108B70002DE9FF410D460B22014601A8FFF7E1FF59
:108B8000044650B92E464FF6FF774FF02F08BDF838
:108B90000A30BB4205D100233370204604B0BDE843
:108BA000F081AE4216BF3146294601F8018BCE183E
:108BB00005F121039E420BD201A8FFF7A1FE0B2273
:108BC000002101A8FFF7BDFF0028E0D00446E4E73C
:108BD0000624E2E72DE9F84F0A9D804689461646AD
:108BE0009A464FF0000BB34503D300273846BDE843
:108BF000F88F0BEB0604671007FB0A9739464046CF
:108C0000A8470028C4F34F04F0D0C2BF01341FFAB4
:108C100084FB34462646E6E70023F0B50139441EBE
:108C200018462AB91BB1024492B2904211D1F0BD4C
:108C300014F8017F11F8016F082A154628BF08258E
:108C4000B74287EA0603EDD12844521B80B292B2A4
:108C5000E7E71906EBD45B000130DBB280B2E4E752
:108C6000F8B504460E4615461F4623B10544AC42EE
:108C700007D1012004E000F044FFB0FA80F0400981
:108C8000F8BD16F8011B14F8010BB8470028EED107
:108C9000F6E7002301608380C280704770B5838847
:108CA0000446C0889E188642154608D82068184495
:108CB00000F0E8FEA3881D44A580002070BD0320BD
:108CC000FCE707B501228DF807100DF10701FFF74A
:108CD000E5FF03B05DF804FB07B549BAADF806102F
:108CE00002220DF10601FFF7D9FF03B05DF804FB86
:108CF00007B50222ADF806100DF10601FFF7CEFF11
:108D000003B05DF804FB10B50A7A012A044603D0CB
:108D1000022A06D0002010BDBDE810400988FFF7E8
:108D2000E7BF8388E28803F10800904208D82068F2
:108D300001221844FAF735FBA3880833A380E9E73A
:108D40000320E8E7F8B5044608461146A288E688FD
:108D50009F18B7421D4608D826683244F8F778FEB7
:108D600010B9A3881D44A580F8BD0320FCE78288C4
:108D70000346C088114481429DBF186899808018BD
:108D80000020704710B400680C462044114610BC07
:108D90001A4600F077BEF8B5174682880E461D4683
:108DA000D118C3889942044611D8036870199919DB
:108DB0001844921B00F074FE20682A46394630445D
:108DC00000F060FEA3881D44A5800020F8BD0320AC
:108DD000FCE7838802685B1A0A440260838070475C
:108DE00038B504461546A3889342084608D321683F
:108DF00000F048FE20462946FFF7EBFF002038BD73
:108E00000620FCE70122FFF7EBBF10B502220C465B
:108E1000FFF7E6FF10B923885BBA238010BD0180FD
:108E2000C94389B2914228BF11464180704791429F
:108E30002CBFC1EB0103C1EB02030180C9439BB20C
:108E400089B28B4228BF0B46438070474A89898983
:108E5000FFF7EDBF4B8943800022028070474388B3
:108E60000288994228BF194612FA81F25B1A0280E1
:108E70004380704743888B4228BF0B46438070472E
:108E800031B16FF00043994208BF01210160704782
:108E90000121FBE7026848F24E33A2FB032301469F
:108EA00013EB520044BF20F00043581C0860704789
:108EB00038B505460C46E8F7CFFE611BB0FBF1F371
:108EC00003FB1100284438BD38B50D46044648B1AF
:108ED000814288BF85B2690001310020FFF7E8FFB9
:108EE0000444641B204638BD10B5012303FA01F188
:108EF000036804460B4344F8043BC3689C420AD110
:108F000040F2E9310020FFF7D3FF01462046BDE8DB
:108F10001040F9F7D9B810BD01238B40016821EA50
:108F20000301016011B90430E1F7BCBD704743781B
:108F3000FF2B01BF408840BA80B2043018BF981C94
:108F400070474378FF2B14BF022304231844704753
:108F5000FFF7F7BF38B50546FFF7E9FF0C4682B2C9
:108F600029462046BDE83840F8F7DBBD2DE9F3413E
:108F70000E461746044602236A4639463046F8F73D
:108F800072FD054698B99DF8003023709DF80130B8
:108F9000FF2B10D0607002334FF002083A68C4F81B
:108FA0000220A288934204F1020016D90625284621
:108FB00002B0BDE8F08104230DEB030239463046D0
:108FC000F8F751FDE0B901236370BDF806305BBAD4
:108FD0009BB204334FF00408E0E799B2FFF74AFF71
:108FE000A2886388134472899BB29A42DED3D4F874
:108FF0000230C4F806304146A01DFFF730FFD6E727
:109000000546D4E773B5044601A80D461646FFF79A
:109010001DFF01AA29462046FFF7A8FF38B923788B
:10902000B34205D0A18801A8FFF719FFF1E7172087
:1090300002B070BDF0B585B0054617460A46014638
:1090400001A81E46FFF7DEFF044670B939460DF150
:109050000600FFF70FFF32460DF106012846F8F72C
:10906000F3FC0A9BBDF806201A80204605B0F0BD2F
:109070001FB50DF10E040094FFF7DCFF04B010BD26
:109080001FB514460A46014601A8FFF7BBFF10B9F9
:10909000DDF80A30236004B010BD70B506461D46E9
:1090A0003489944228BF144608462346F1882A464C
:1090B000F8F7CEFC00B9285570BD10B40446012362
:1090C0000846A11D10BCF8F7CEBC38B505460223F2
:1090D0000846A91D1446F8F7C6FC10B923885BBAE8
:1090E000238038BD38B5044604230846A11D154623
:1090F000F8F7B9FC044618B92868FAF76EFE28603C
:10910000204638BD7FB5044615460A46014601A8EB
:109110001E46FFF777FF38B933462A46214601A895
:10912000FFF7BBFF04B070BD1720FBE730B585B07B
:10913000044615460A46014601A8FFF763FF30B909
:109140002A46214601A8FFF7B8FF05B030BD172019
:10915000FBE730B585B0044615460A46014601A82E
:10916000FFF750FF30B92A46214601A8FFF7ADFFAF
:1091700005B030BD1720FBE730B585B00446154675
:109180000A46014601A8FFF73DFF30B92A462146AD
:1091900001A8FFF7A7FF05B030BD1720FBE773B5A7
:1091A000154601AA04461E46FFF76AFF38B9334642
:1091B0002A4601A92046F8F756FC02B070BD1720D8
:1091C000FBE7FE2B73B5054616461C4614D9FF2354
:1091D00004228DF804108DF805300DEB020163BAFE
:1091E000ADF80630F8F79DFC20B9224631462846F6
:1091F000F8F797FC02B070BD8DF8001002226946A6
:109200008DF80130F8F78DFC0028F3D1002CF1D057
:10921000EBE770B505460E461C46114618460BB1E5
:10922000F8F73FFEC3B2224631462846BDE87040FB
:10923000FFF7C7BF07B501238DF807200DF107021F
:10924000FFF7BFFF03B05DF804FB07B552BAADF8F6
:10925000062002230DF10602FFF7B3FF03B05DF80D
:1092600004FB37B5044610460D46FAF7B6FD042355
:1092700001900DEB030229462046FFF7A2FF03B041
:1092800030BD07B500238DF8053043898DF80410F3
:10929000138001A90222F8F744FC03B05DF804FB37
:1092A0002DE9FF419046022302AA05460E46F8F733
:1092B000CFFB074648B96C899DF80930A41BFF2BEA
:1092C000A4B206D1B8F1000F2ED1384604B0BDE8E3
:1092D000F081023CA4B2FE2C37D902212846F8F7CF
:1092E000ADFA80BBB31C311D9BB22A4689B2284619
:1092F0000094F8F765FCFF238DF8093002AA0223D9
:1093000031462846F8F7F0FBB8F1000FDDD09DF8A4
:109310000930FF2B0AD08DF80940022302AA3146FA
:109320002846F8F7E1FBD0E7043CA4B29DF80830EA
:109330008DF80C3064BAFF238DF80D30ADF80E4077
:10934000042303AAEBE70746BFE7B8F1000FE2D119
:10935000BBE70022FFF7A4BF0122FFF7A1BF10B5B2
:10936000014404468C4202D30024204610BDA31CB5
:109370009942F9D36378FF2B02D1231D9942F3D38D
:109380002046FFF7D4FD20448142EDD32378934259
:10939000EBD00446E6E7C38B4FF6FF7293421CBF47
:1093A0000133C383704710B590F8243004464BB1A5
:1093B000012B01D143698361A1692046BDE81040BA
:1093C000F8F782BE4169B1EB510F4FEA510001D964
:1093D000FFF76EFD0023A061E38384F82530EBE7FF
:1093E00010B504461046BDF8082084F82410C4E9DE
:1093F0000303A283591CFFF75BFD60612046BDE8B3
:109400001040FFF7D0BF10B590F8243004467BB170
:10941000012B08D10169C0680131FFF749FD606186
:109420002046FFF7C0FF236A2046BDE810401847DA
:1094300090F8253073B1012BF5D1426922B103694F
:10944000991A8A4298BF530063612046BDE81040D4
:10945000FFF7A9BF012380F82530D0E90513C91A09
:10946000F8F732FEE28BA38B9A42DCD310BDFFF7F4
:10947000CABF1FB50446084601A9F9F7C0FF01A9F4
:10948000204600F0A7F904B010BD2DE9F84FDDF833
:109490002890044698460E46174613460020421C64
:1094A000002B64D19DF82CA0C0B2022838BF022046
:1094B000BAF10D0F28BF4FF00D0ACAF10F03984201
:1094C000B8BFD8B2C0F10F039A45C8BF5FFA83FA9C
:1094D000331E18BF0123A8F10202013852109B016C
:1094E000C5B243EAC2032B4323745246494604F1F2
:1094F000110000F0C7FA04F120013A460F239A4503
:1095000038D304F110021146204600F065F9002E10
:109510004CD0B6F57F4F227C637CC6F30720F1B2B6
:109520002ED242404B40227463744FF0020B5246DD
:10953000494684F8205004F1210000F0A3FA0AF112
:109540002100CAF10F020021204400F0C2FA0023DA
:10955000C4E91137E364102384F854A02664A4F806
:1095600050B0A4F8523084F85580BDE8F88F1B0A3B
:10957000104694E7013B01F8012DDBB2120ABEE769
:1095800083F0FE036374A37C83EA1663A374E37C15
:1095900083EA1643E374237D5840637D2075D243EC
:1095A0005940227461754FF0060BC0E7B346BEE721
:1095B0002DE9F041044615460E4601EB020800F184
:1095C0001007464513D1636C1D44236C65649D42AE
:1095D0000BD1B4F850302BB104F1100211462046E3
:1095E00000F0FAF80023A4F85030BDE8F081B4F898
:1095F0005030102B05D13A463946204600F0ECF8A1
:1096000000235A1C2344A4F8502016F8010B1A7C9E
:1096100050401874D5E72DE9F04F85B01E469DF8EF
:10962000383002938B1901936FF020031B1A044604
:10963000884691460F46934600F1300A0393019BFA
:109640009F421BD1E36C1E44A36CE6649E4267D329
:10965000B4F850302BB104F110021146204600F04E
:10966000BBF894F8542002F121000021C2F10F024E
:10967000204405B0BDE8F04F00F02BBAB4F85220FA
:10968000102A16D194F854005146039B5A18904260
:1096900006DA11F8012D0132D2B20A70002AF4D094
:1096A000524604F12001204600F096F80022A4F86A
:1096B0005220029B23BB3D78B9F1000F0AD0B4F8C9
:1096C0005220511C2244A4F8521092F830206A40D3
:1096D0008BF80020B4F85020102A06D104F11002B3
:1096E0001146204600F078F80022511C2244A4F8CC
:1096F0005010117C4D40157401370BF1010B9EE7A2
:10970000B4F852209BF80050511C2244A4F8521087
:1097100092F830205540B8F1000FDBD03D70D9E70A
:1097200005B0BDE8F08F70B588B00C46054611460F
:10973000ADF80E300DF10E0205AB20469DF83060FD
:10974000F8F718F9BDF818300BB908B070BD059AD4
:10975000009611462846FFF75EFF05AA0DF10E019F
:109760002046F8F73DF9EDE738B500F13002044640
:109770000D4600F1200100F02FF804F10F02002344
:1097800094F85510994200DC38BD12F8011F92F888
:1097900020004140E9540133F2E770B51C460D4604
:1097A000164601460822184600F06CF92B0E23726B
:1097B0002B0C63722B0AA372E572267370BD10B571
:1097C00000F108030360082304468380F5F73FF89F
:1097D000204610BDF5F747B8DCF734BD10B5044698
:1097E000F5F750F8204610BD10B500F108030360EE
:1097F000C02304468380F4F7E5FF204610BD10B572
:109800000446F4F7EEFF204610BDDCF705BDF4F783
:10981000F7BF2022F5F706B870470B78FF2B08BF7B
:109820000A230133DBB2DAB21A2A0A7001D91720EF
:1098300070470268DA4012F0010F03F10103F2D021
:109840000020704737B5FF2305468DF80730002408
:109850000DF107012846FFF7E0FF234601340028F9
:10986000F6D0D8B203B030BD8378028803B90902BC
:10987000114489B28A4284BF013189B283F0010365
:1098800001808370704710B50C46090AFFF7ECFFA2
:10989000E1B2BDE81040FFF7E7BF38B50C468D18C0
:1098A000AC4200D138BD14F8011BFFF7DDFFF7E72C
:1098B00007B5034610461B884FF6FF7293421CBF44
:1098C000DB439BB25BBAADF806300DF10602022312
:1098D000F8F70AF903B05DF804FB2DE9F04385B011
:1098E00004460C9D28461F4690468946F7F7C0FF60
:1098F00010220646ADF8020049462046FFF7CDFF8C
:1099000010224146FFF7C9FF3146FFF7BCFF394639
:10991000FFF7B9FFA98901AB0DF102022846F8F75C
:1099200029F8BDF8082012B905B0BDE8F083019907
:109930002046FFF7B2FF01AA0DF102012846F8F711
:109940004FF8EEE71FB51346002400900A4603A81F
:109950001031ADF80C408DF80E40FFF7BEFFBDF89A
:109960000C004FF6FF73C01A18BF0120400004B06E
:1099700010BD2DE9FF411E46112E4FF00003044695
:109980000F469046ADF80C308DF80E3021D03A2EAF
:1099900021D0062E1AD11025A18900232944ADF823
:1099A0000A300DF10A02022389B22046F8F79CF82A
:1099B00033464246394603A80094FFF78EFFA38939
:1099C000E918224689B203A8FFF772FF04B0BDE888
:1099D000F0810625E0E70225DEE700220260012291
:1099E00082800322827170478379013B032B03D865
:1099F000DFE803F00409130F002070470878FF38F0
:109A000018BF012070470878A0F1FF035842584161
:109A1000704701F10800FAF70CBF012070472DE9EB
:109A2000F3410D4606468989904608236A46284632
:109A3000F8F70EF8044680B93A2241462846FFF767
:109A400081FF044648B99DF80030802B09D00821D9
:109A50002846F7F7FCFE366866B9204602B0BDE836
:109A6000F081424629463046E8F7B2F90028EED0A8
:109A70000446F2E7376870686B4642462946B847A5
:109A8000B668E9E70A44914200F1FF3300D170471C
:109A900010B511F8014B03F8014F9142F9D110BDF7
:109AA000884210B501EB020402D98442234607D84C
:109AB000431EA14207D011F8012B03F8012FF8E74C
:109AC0000244824200D110BD13F8011D02F8011DAD
:109AD000F7E702440346934200D1704703F8011BA5
:109AE000F9E71F2804D9A0F17F0358425841704775
:109AF00001207047044608B5E8F7ECFC2046BBF7A8
:109B000079FA10B501390244904201D1002005E0F4
:109B1000037811F8014FA34201D0181B10BD01308A
:109B2000F2E7C9B20346184613F8012B12B18A4274
:109B3000F9D17047002918BF0020704710B56AB1ED
:109B40000139841810F8012B11F8013F9A4203D112
:109B5000A04201D0002AF5D1D01A10BD1046FCE772
:109B600010B5024601448A42134603D01C780132E4
:109B7000002CF8D1181A10BD38B511F0FF040346B7
:109B80000ED12146BDE83840FFF7CBBF431C054648
:109B900021461846FFF7C5FF0028F7D1284638BDF3
:109BA0000025F5E7F0B5C3F137070446FFB203F02F
:109BB0001F031046082BE6B233D0102B3ED06508A9
:109BC000A40844EA817445EAC1752D194FEA91024F
:109BD00042EB5102290941EA02716D1842EB12125F
:109BE000290A41EA02616D1842EB1222290C41EA6E
:109BF00002416D1842EB1242AD1842F10002EC082E
:109C000044EA4274D10804EB8402A6EB4205EDB2AB
:109C1000092D0CD90134A5F10A0541F10001EDB27D
:109C200012E0E40844EA417406F00705C90830353B
:109C300054EA010200F8015BBCD1F0BD240944EAFA
:109C4000017406F00F050909092D84BFED19EDB265
:109C5000EDE7D1E9043293421EBF5A1C0A61187025
:049C60007047000049
:089C6400A465FB7F0100000074
:109C6C002D55000000000000000000006C9D040059
:109C7C00556702000000000000000000A49D0400D5
:109C8C0000000000889D040000000000DC9D040022
:109C9C0000000000F89D040000000000C09D0400BE
:109CAC0005DE010000000000290202000000000097
:109CBC00C1340000000000002D5000000000000026
:109CCC00FD54020000000000000000004C9E040047
:109CDC0000000000689E040000000000149E0400B8
:109CEC0000000000849E040000000000309E040070
:109CFC00697000000000000000000000BC9E040021
:109D0C0000000000A09E040000000000F49E04006F
:109D1C0000000000D89E04008562000000000000D6
:109D2C00BF6E030000000000B5050200000000003B
:109D3C004D55000000000000CD7100000000000037
:109D4C007927000000000000613F000000000000C7
:109D5C0045BD010000000000DBC003000000000056
:109D6C00DDEE0400DCAD04002CA004006C0E002021
:109D7C00EC9F002035DB0100000000000AF104001C
:109D8C0050AE0400BC9F0400740E0020DCA0002028
:109D9C0019EA01000000000018F1040064AE040090
:109DAC00BC9F0400760E0020E8A0002019EA0100F8
:109DBC000000000062D6040070A5040048A0040056
:109DCC00640E002030000020416F000000000000F5
:109DDC0006EF040000000000849F04006E0E0020BB
:109DEC0048A0002019E001000000000087F30400E7
:109DFC00ECAE040094A004007E0E0020580B002052
:109E0C00F1F80100000000002CA90400FCAB0400D8
:109E1C0020A00400660E0020B8880020000000007E
:109E2C0000000000B6EC0400B8AD040074AD0400F2
:109E3C00680E0020A40A0020DDC50100000000000F
:109E4C00C1EE040000000000789F04006A0E0020A0
:109E5C0000000000EDD401000000000070EF0400D1
:109E6C00000000008C9F0400700E00200000000019
:109E7C0039E10100000000005FF5040038AF040078
:109E8C0018A00400800E00207C0B0020E1F90100DA
:109E9C0000000000F5F00400FCAD0400A49F0400D9
:109EAC00720E0020BCA0002045E50100000000005F
:109EBC0083F20400B0AE040078AE0400780E0020EB
:109ECC00C824002049ED0100000000009EF20400AF
:109EDC0000000000E09F04007A0E002028A1002062
:109EEC00F1F40100000000005AF30400C0AE0400BD
:109EFC00FC9F04007C0E0020682B002085F60100DE
:049F0C000000000051
:049F1000956702004F
:049F1400E16C0200FA
:109F18001015002058BB002000080000511D00004B
:109F28000000000000000000000000000700000022
:109F3800000000003BC50400000000000000000015
:109F48009815002058C3002000020000D11C000012
:109F58000000000000000000000000000A000000EF
:109F68000000000048C504000000000000000000D8
:109F780011D90100C1D6010058020000C5DF010057
:109F880015DF0100B7CA03008DE30100C9E2010033
:109F98000DE1010083CA0300FDE001005FCD03006D
:109FA80099CC030039E4010031E4010029CB030016
:109FB8001DCB030049E8010043CE030051CE030046
:109FC80069CE030075CE030081CE030055EA010077
:109FD8009BCE03000000000000000000000000000D
:109FE8000000000079F4010035F4010000000000D1
:109FF8000000000000000000000000000000000059
:10A0080021F6010031F50100000000000000000009
:10A01800E9FB0100AFD303004DF000005DEF000045
:10A0280071EE00008DDB010035C9030099C90300FA
:10A0380000000000D1C8030000000000000000007C
:10A04800114C0300C96E0000000000003B4C0300E7
:10A05800FD4B0300C9510300534D03006D4B030032
:10A06800FF510300494D030000000000854B030029
:10A0780000000000000000008D4B03008551030024
:10A088009F4B03005D4E0300A74B030085D00300E0
:10A0980039F8010077D0030093D20300ABD0030056
:10A0A800D3D0030009D103001DD103004BD1030015
:10A0B8005FD103001DD103003BD1030073D103001E
:10A0C80081D103008FD1030000000000C1D103003B
:08A0D800000000000000000080
:10A0E0000000000000000000DB6703006175010054
:10A0F00005000000F9A20000060000005DC7000096
:08A100000400000061B300003F
:10A10800B9190000391B0000000000000000000021
:08A1180000000000000000003F
:10A12000D0A70400080000008CA404000700000071
:08A1300078A304000400000004
:10A13800CEEE04000300000023E104000300000049
:10A1480002E8040003000000BED60400030000007B
:10A15800E0E30400030000001CAB0400030000005F
:10A168006CAA04000300000040A9040003000000DA
:10A1780008AB040003000000C5D60400030000007B
:10A188007BE904000300000044DF04000300000032
:10A19800CAE00400030000006AE5040003000000B0
:10A1A800A8E9040003000000C4C60400030000007E
:10A1B8003ECA040003000000F8EE0400030000009B
:10A1C8007BCA0400030000008AEF040003000000BB
:10A1D8004AC80400030000008EF2040003000000D7
:10A1E80059C80400030000005DC804000300000013
:10A1F80062C9040003000000A9CE040003000000A7
:10A208000DCF04000300000015CF04000300000078
:10A2180079F5040003000000CCEC04000300000002
:10A22800D0F6040003000000D6C5040003000000B7
:10A23800E5E904000300000072CA040003000000FE
:10A2480024CF04000300000002F104000300000012
:10A258006CF5040003000000FEC6040003000000C3
:10A26800ACF204000300000095F3040003000000B2
:10A2780045EB040003000000C4EC040003000000E8
:10A2880006D504000300000012D2040003000000F9
:10A29800A9D5040003000000EDD20400030000006B
:10A2A80002D0040003000000F9CF040003000000FE
:10A2B80051D604000300000002D604000300000089
:10A2C800A1D304000300000059D6040003000000D5
:10A2D80060F304000300000057C5040003000000F9
:10A2E8002CA404004803002051C904000100000008
:10A3000058A3040050A3040048A30400000106025F
:10A310000100000000010201040404040000000028
:10A32000000000000000000000000000000000002D
:10A3300000000000505341004B4559000000000050
:10A340000338FDD870470000A49D04000F000100F1
:10A35000A49D04000E000100A49D04000D00010056
:10A36000090B000093BD040001010000800C0020D7
:10A3700007100000700C002000BC04005B630300A9
:10A3800000000000B3F8040000000100FCBB040062
:10A390007765030000000000380300200000010082
:10A3A000A2F80400091C00000000000000000000EA
:10A3B00000000100F8BB04002D63030025BB000072
:10A3C0002003002000000300A81600200001000068
:10A3D000CD3B03006F3B0300020000007D3D030006
:10A3E000000000000000000000000000000000006D
:10A3F00031C9040039C90400000000000000000059
:10A400000000000041C9040045C9040049C9040016
:10A410004DC904001CA40400D47A0020B13E000001
:10A42000F47A00209BA90020000100003D3E0300BB
:10A43000333E0300013E0300F53D03000000000031
:10A44000E93D0300000000000400000000000000DF
:10A450000000000000C00000689E04000100000031
:10A4600000C0000000600700689E040002000000B9
:10A470000020080000600700689E04000300000040
:10A4800000800F0000800000689E04002EBC0400C5
:10A490005B630300000000002ABC04000000010010
:10A4A00026BC04007765030000000000F0030020D4
:10A4B000000001001EBC0400FB3E03000000000081
:10A4C00000000000000001001ABC040077650300D2
:10A4D00000000000E80300200000010012BC04009E
:10A4E000C73E030000000000000000000000010063
:10A4F0000EBC04007765030000000000E0030020AC
:10A500000000010006BC0400AD4000000000000097
:10A5100000000000000001001543000000000000E2
:10A5200000000000000000009B3F0300000000004E
:10A530007F3F0300000000200000000000000B0629
:10A540000200000048A5040000000000F9CE04004D
:10A55000260002020000002001CF040022000B119F
:10A56000F8030020615100000000000007420300D2
:10A57000D4040020000000009C0C0020E80400200F
:10A580000000000064A5040094A50400470000003A
:10A59000000000007C0F012064A50400A8A50400B1
:10A5A0002E000000000000002014012064A504001B
:10A5B000BCA504000201000000000000F41401200A
:10A5C0002BDE040030DE040034DE040038DE04003C
:10A5D0003CDE040040DE040044DE040048DE0400EB
:10A5E0004CDE040050DE040054DE040058DE04009B
:10A5F0005CDE040060DE040064DE040068DE04004B
:10A600006CDE040070DE040074DE040092DE0400E0
:10A61000ADDE0400BDDE0400CADE0400D3DE0400AB
:10A62000DADE0400E1DE0400E8DE0400F0DE04000F
:10A63000CADE0400F8DE04000ADF04001FDF0400A5
:10A6400032DF04000E0300004D8800000F040000FC
:10A65000198800001A010000B5710000050400000F
:10A66000FD71000013010000FD7300003E010000B9
:10A670006D76000001120000A95403000A1E0000BC
:10A68000B7540300FF010000E17700003E01000025
:10A69000C1770000050400004972000010010000AD
:10A6A000C172000001120000158100000A1E0000A6
:10A6B00061550300030900007D790000040B0000D0
:10A6C000A9730000060A0000558700000C05000071
:10A6D0008D72000064A50400E4A604004700000099
:10A6E00000000000101601205FE304006CE304008A
:10A6F0008CE3040080E3040097E30400AEE304006D
:10A70000BEE30400B9BC0400D2E3040064A5040065
:10A710001CA704000000000000000000D01601206B
:10A7200064A5040030A70400200000000000000021
:10A73000F816012075580300C758030000000000F8
:10A740000000000000000000F5A50000000000006F
:10A7500000000000000000000000000002020100F4
:10A76000F95D03000404010021B0000006060100A9
:10A7700061AF0000080401004DAE00000A020100B4
:10A78000E15D03000C040100C95D03000E0401003B
:10A7900029AD00002004010095AC00001004010068
:10A7A000A5AB0000120201004B5D03001E00040077
:10A7B0004F61030052020000715D030064A50400B4
:10A7C000CCA704002200000000000000D0170120E8
:10A7D0005EBC04005B630300000000005ABC040080
:10A7E0000000010056BC0400776503000000000073
:10A7F000D0050020000001004EBC04000000000055
:10A800000000000000000000000000004ABC04003E
:10A810002D63030025BB0000D805002000000300C5
:10A8200046BC04007765030000000000C805002056
:10A83000000001003EBC040093630300E1BB000084
:10A8400000000000000003003ABC0400776503002C
:10A8500000000000C00500200000010032BC040020
:10A8600051BF0000000000000000000000000100D7
:10A8700000000000000000000000000000000000D8
:10A88000000000006F6703000000000000000000EF
:10A890000000000000000000456D707479204843FE
:10A8A00049207061636B6574000000004661696C4B
:10A8B000656420746F2073656E64206576656E74C0
:10A8C0003A2025640000000062745F726563765F61
:10A8D0006661696C65643A2025640000556E6B6E94
:10A8E0006F776E2048434920747970652025750084
:10A8F0004C4C20696E697469616C697A6174696F26
:10A900006E206661696C65643A2025640000000071
:10A9100042542043544C5220525820707269000017
:10A9200042542043544C52205258000062745F68D5
:10A9300063695F636F6E74726F6C6C6572000000A8
:10A9400062745F63746C725F6863695F6472697676
:10A95000657200005A6570687972204F5320763412
:10A960002E342E39390000004E6F204843492043D1
:10A970006F6D6D616E6420686561646572000000D2
:10A98000496E76616C69642048434920434D4420F8
:10A990007061636B6574206C656E6774680000009D
:10A9A0004E6F204843492041434C206865616465EF
:10A9B00072000000496E76616C696420484349204A
:10A9C00041434C207061636B6574206C656E6774E5
:10A9D00068000000496E76616C6964204843492034
:10A9E00041434C2044617461206C656E677468005B
:10A9F000547820427566666572204F766572666C83
:10AA00006F770000496E76616C6964205478204548
:10AA10006E7175657565000068616E646C653A20DD
:10AA20003078253034782C207374617475733A2033
:10AA300025782C2074783A2025782C2072783A20BA
:10AA400025782E00747970653A2030782530327878
:10AA50000000000072656A656374206F70636F6444
:10AA6000653A2030782530327800000062745F63E8
:10AA7000746C725F68636900574553545F544F505C
:10AA80004449522F7A65706879722F7375627379B1
:10AA9000732F626C7565746F6F74682F636F6E745B
:10AAA000726F6C6C65722F6C6C5F73772F756C6C4A
:10AAB0005F636F6E6E2E6300657272203D3D2030C5
:10AAC000207C7C20657272203D3D202D313230008B
:10AAD000415353455254494F4E204641494C205B07
:10AAE00025735D20402025733A25640A000000008C
:10AAF00009706172616D313A202575207061726153
:10AB00006D323A2025750A0062745F63746C725F5F
:10AB1000756C6C5F636F6E6E0000000062745F6343
:10AB2000746C725F63727970746F00005745535490
:10AB30005F544F504449522F7A65706879722F7371
:10AB400075627379732F626C7565746F6F74682F9B
:10AB5000636F6E74726F6C6C65722F6C6C5F737761
:10AB60002F6E6F726469632F6C6C6C2F6C6C6C5FF2
:10AB70006164762E63000000300000000925733AFE
:10AB80002041637475616C204556454E545F4F56A5
:10AB90004552484541445F53544152545F555320F8
:10ABA0003D2025750A000000574553545F544F500F
:10ABB0004449522F7A65706879722F737562737980
:10ABC000732F626C7565746F6F74682F636F6E742A
:10ABD000726F6C6C65722F6C6C5F73772F6E6F7217
:10ABE0006469632F6C6C6C2F6C6C6C5F7065726940
:10ABF00070686572616C2E63000000000200000046
:10AC00005522010065220100752201008522010004
:10AC10000000000000000000952201002D2301002B
:10AC2000A5220100000000005D23010000000000DB
:10AC3000B52201003D23010000000000C5220100F3
:10AC40009D230100D52201006D2301007D23010019
:10AC5000000000008D230100AD230100BD23010091
:10AC6000E5220100000000000000000000000000DC
:10AC700000000000000000004D23010008020B024C
:10AC80000A030502000000000000000002020000AC
:10AC90000602000004030000000009030000000099
:10ACA0000103000000000000070300000000000096
:10ACB00000000000F401FA00960064004B0032002E
:10ACC0001E001400707265706172655F636200003F
:10ACD000707265706172655F636200000103040554
:10ACE0007F6B0300756A03005D6A03003D77010016
:10ACF000616A0300656A0300696A03006D6A030004
:10AD0000776B0300716A03007B6B0300956B030094
:10AD1000996B0300396B0300916B03009D6B03007B
:10AD2000A16B030000000000000000000000000014
:10AD30000000000064A5040044AD04008000000091
:10AD4000000000001019012064A5040058AD0400A3
:10AD50008000000000000000D02201203BBE030064
:10AD600057BE0300C4AD040018100020000000000E
:10AD7000000000000000000065C7010095C501004B
:10AD800095C3010091C70100000000002DC3010020
:10AD9000B5C70100B9D1010075C501000000000070
:10ADA00031D20100D9CB01008DC401006DC4010076
:10ADB00079C8030071C80300000000000100000012
:10ADC000EDC40100A1C803000000000089C8030011
:10ADD000F9DA0100D1DA01000000000045DC0100D1
:10ADE000C5DB0100ECEE0400BDC90300B9C90300D6
:10ADF000F2EE04000400000000FF0000849E040046
:10AE000000B4C40400010000A49D0400110001006E
:10AE100000000000010000000000000000004000F1
:10AE20004000000000000100C220160000000000E9
:10AE3000A49D040016000100A49D04001700010059
:10AE4000010000000100C2000100000000FF00003E
:10AE5000FFFF0000000300501C0400200000000061
:10AE600001000000FFFFFFFF000000501C04002055
:10AE7000000000000000000075CF030059EB010046
:10AE8000F9CF030039CF0300BBCF030065EB01000E
:10AE900005EE010001F0010025D00300C5EB010023
:10AEA00075EB010025CF030021CF0300A9EB0100C2
:10AEB0005BCF03000B001A00B4AE040001000000D9
:10AEC0004C9E040003000000000000000000000091
:10AED0000000000090572C00200B20000000000014
:10AEE000000000006400000000000000002000409E
:10AEF00001000000000000000CAF04000000D601BB
:10AF000000000000BBAB0020BAAB002000200040D6
:10AF100018AF04000200000030AF0400020000007F
:10AF200028AF040002010000068000000880000134
:10AF30000600000008000001000000FF00FF000004
:10AF400000000000000000010100000029D3030000
:10AF50005CAF040000000000FFFFFFFF0030024074
:10AF600068AF04000200000084AF0400030000008A
:10AF700078AF040003010000138000041480000572
:10AF800015800006130000041400000515000006DB
:10AF9000A49D0400110001008DD70300E11A0200F6
:10AFA000010000004411004000000000000000000B
:10AFB00000000000010900000000000000800040C7
:10AFC0000000000028000000050000000000000054
:10AFD0000000000000800040000000002800000089
:10AFE000050000000000000059DB03005DDB0300EA
:10AFF00063DB03005FDB03000800000003000000C8
:10B000000044400409008003090700060901000804
:10B0100081F604008FF60400A3F60400B2F60400E3
:10B02000BEF604006C9C0400749C0400B49C0400F4
:10B03000BC9C04004C9D04006C9D0400D3F60400ED
:10B040000001000000000000D39A040050B1040089
:10B05000F0B0040020B104000200000048B1040078
:10B060000300000040B104000400000038B10400F7
:10B070000E00000018B104000F00000010B1040021
:10B080001000000008B1040020000000E8B0040037
:10B0900021000000E0B0040022000000D8B004004D
:10B0A00023000000D0B0040024000000C8B0040059
:10B0B00025000000C0B004000000000000000000F7
:10B0C000DCF6040070942505F0F604007093240566
:10B0D00004F704007092230518F704007084220519
:10B0E00024F704007083210530F7040070822005E6
:10B0F0000200000000000000190804001908040004
:10B1000003080400F10704003CF704007064100910
:10B1100048F7040070630F0954F7040070620E09C9
:10B120000200000000000000E7070400E707040039
:10B13000CF070400BD07040060F7040010140400EA
:10B140006CF704001013030078F7040010120200DB
:10B150000200000055080400510804004D080400D6
:10B160003508040023080400982F8A42914437715F
:10B17000CFFBC0B5A5DBB5E95BC25639F111F1597A
:10B18000A4823F92D55E1CAB98AA07D8015B8312BC
:10B19000BE853124C37D0C55745DBE72FEB1DE8068
:10B1A000A706DC9B74F19BC1C1699BE48647BEEF97
:10B1B000C69DC10FCCA10C246F2CE92DAA84744A22
:10B1C000DCA9B05CDA88F97652513E986DC631A898
:10B1D000C82703B0C77F59BFF30BE0C64791A7D577
:10B1E0005163CA0667292914850AB72738211B2EFF
:10B1F000FC6D2C4D130D385354730A65BB0A6A76E7
:10B200002EC9C281852C7292A1E8BFA24B661AA8F2
:10B21000708B4BC2A3516CC719E892D1240699D602
:10B2200085350EF470A06A1016C1A419086C371E7B
:10B230004C774827B5BCB034B30C1C394AAAD84E59
:10B240004FCA9C5BF36F2E68EE828F746F63A57894
:10B250001478C8840802C78CFAFFBE90EB6C50A427
:10B26000F7A3F9BEF27871C60100000002000000E9
:10B270000400000008000000100000002000000092
:10B2800040000000800000001B00000036000000AD
:10B2900051F4A7507E4165531A17A4C33A275E960E
:10B2A0003BAB6BCB1F9D45F1ACFA58AB4BE3039323
:10B2B0002030FA55AD766DF688CC7691F5024C25A6
:10B2C0004FE5D7FCC52ACBD726354480B562A38F7E
:10B2D000DEB15A4925BA1B6745EA0E985DFEC0E10A
:10B2E000C32F7502814CF0128D4697A36BD3F9C61C
:10B2F000038F5FE715929C95BF6D7AEB955259DAF3
:10B30000D4BE832D587421D349E069298EC9C8441D
:10B3100075C2896AF48E797899583E6B27B971DDC8
:10B32000BEE14FB6F088AD17C920AC667DCE3AB409
:10B3300063DF4A18E51A31829751336062537F45C3
:10B34000B16477E0BB6BAE84FE81A01CF9082B943E
:10B35000704868588F45FD1994DE6C87527BF8B7AA
:10B36000AB73D323724B02E2E31F8F576655AB2AB0
:10B37000B2EB28072FB5C20386C57B9AD33708A541
:10B38000302887F223BFA5B202036ABAED16825CA9
:10B390008ACF1C2BA779B492F307F2F04E69E2A191
:10B3A00065DAF4CD0605BED5D134621FC4A6FE8A87
:10B3B000342E539DA2F355A0058AE132A4F6EB7515
:10B3C0000B83EC394060EFAA5E719F06BD6E105191
:10B3D0003E218AF996DD063DDD3E05AE4DE6BD46D1
:10B3E00091548DB571C45D050406D46F605015FF8E
:10B3F0001998FB24D6BDE997894043CC67D99E773D
:10B40000B0E842BD07898B88E7195B3879C8EEDB65
:10B41000A17C0A477C420FE9F8841EC900000000A5
:10B4200009808683322BED481E1170AC6C5A724E27
:10B43000FD0EFFFB0F8538563DAED51E362D392744
:10B440000A0FD964685CA6219B5B54D124362E3A3E
:10B450000C0A67B19357E70FB4EE96D21B9B919EEF
:10B4600080C0C54F61DC20A25A774B691C121A16A6
:10B47000E293BA0AC0A02AE53C22E043121B171D42
:10B480000E090D0BF28BC7AD2DB6A8B9141EA9C8B5
:10B4900057F11985AF75074CEE99DDBBA37F60FDB1
:10B4A000F701269F5C72F5BC44663BC55BFB7E34AE
:10B4B0008B432976CB23C6DCB6EDFC68B8E4F16398
:10B4C000D731DCCA426385101397224084C611200D
:10B4D000854A247DD2BB3DF8AEF93211C729A16D52
:10B4E0001D9E2F4BDCB230F30D8652EC77C1E3D0BA
:10B4F0002BB3166CA970B999119448FA47E96422E4
:10B50000A8FC8CC4A0F03F1A567D2CD8223390EFB3
:10B5100087494EC7D938D1C18CCAA2FE98D40B3600
:10B52000A6F581CFA57ADE28DAB78E263FADBFA477
:10B530002C3A9DE45078920D6A5FCC9B547E466213
:10B54000F68D13C290D8B8E82E39F75E82C3AFF5F6
:10B550009F5D80BE69D0937C6FD52DA9CF2512B396
:10B56000C8AC993B10187DA7E89C636EDB3BBB7BA6
:10B57000CD2678096E5918F4EC9AB701834F9AA832
:10B58000E6956E65AAFFE67E21BCCF08EF15E8E6DA
:10B59000BAE79BD94A6F36CEEA9F09D429B07CD648
:10B5A00031A4B2AF2A3F2331C6A5943035A266C07C
:10B5B000744EBC37FC82CAA6E090D0B033A7D81531
:10B5C000F104984A41ECDAF77FCD500E1791F62F2F
:10B5D000764DD68D43EFB04DCCAA4D54E49604DFA2
:10B5E0009ED1B5E34C6A881BC12C1FB84665517FBC
:10B5F0009D5EEA04018C355DFA877473FB0B412E66
:10B60000B3671D5A92DBD252E91056336DD64713F9
:10B610009AD7618C37A10C7A59F8148EEB133C89B8
:10B62000CEA927EEB761C935E11CE5ED7A47B13CFB
:10B630009CD2DF5955F2733F1814CE7973C737BFC8
:10B6400053F7CDEA5FFDAA5BDF3D6F147844DB86DC
:10B65000CAAFF381B968C43E3824342CC2A3405F1A
:10B66000161DC372BCE2250C283C498BFF0D954189
:10B6700039A80171080CB3DED8B4E49C6456C190BB
:10B680007BCB8461D532B670486C5C74D0B85742BD
:10B69000C66363A5F87C7C84EE777799F67B7B8D17
:10B6A000FFF2F20DD66B6BBDDE6F6FB191C5C55465
:10B6B0006030305002010103CE6767A9562B2B7D05
:10B6C000E7FEFE19B5D7D7624DABABE6EC76769ABE
:10B6D0008FCACA451F82829D89C9C940FA7D7D876C
:10B6E000EFFAFA15B25959EB8E4747C9FBF0F00B48
:10B6F00041ADADECB3D4D4675FA2A2FD45AFAFEAD4
:10B70000239C9CBF53A4A4F7E47272969BC0C05BB9
:10B7100075B7B7C2E1FDFD1C3D9393AE4C26266A7A
:10B720006C36365A7E3F3F41F5F7F70283CCCC4F5B
:10B730006834345C51A5A5F4D1E5E534F9F1F1089C
:10B74000E2717193ABD8D873623131532A15153F2A
:10B750000804040C95C7C752462323659DC3C35EE6
:10B7600030181828379696A10A05050F2F9A9AB512
:10B770000E070709241212361B80809BDFE2E23D90
:10B78000CDEBEB264E2727697FB2B2CDEA75759FC8
:10B790001209091B1D83839E582C2C74341A1A2EEF
:10B7A000361B1B2DDC6E6EB2B45A5AEE5BA0A0FBAA
:10B7B000A45252F6763B3B4DB7D6D6617DB3B3CE9D
:10B7C0005229297BDDE3E33E5E2F2F71138484979A
:10B7D000A65353F5B9D1D16800000000C1EDED2C9E
:10B7E00040202060E3FCFC1F79B1B1C8B65B5BED83
:10B7F000D46A6ABE8DCBCB4667BEBED97239394B8F
:10B80000944A4ADE984C4CD4B05858E885CFCF4A79
:10B81000BBD0D06BC5EFEF2A4FAAAAE5EDFBFB1614
:10B82000864343C59A4D4DD766333355118585946C
:10B830008A4545CFE9F9F91004020206FE7F7F81AF
:10B84000A05050F0783C3C44259F9FBA4BA8A8E3F9
:10B85000A25151F35DA3A3FE804040C0058F8F8AA3
:10B860003F9292AD219D9DBC70383848F1F5F504AA
:10B8700063BCBCDF77B6B6C1AFDADA7542212163AB
:10B8800020101030E5FFFF1AFDF3F30EBFD2D26D8A
:10B8900081CDCD4C180C0C1426131335C3ECEC2FB2
:10B8A000BE5F5FE1359797A2884444CC2E171739C5
:10B8B00093C4C45755A7A7F2FC7E7E827A3D3D47CC
:10B8C000C86464ACBA5D5DE73219192BE6737395F1
:10B8D000C06060A0198181989E4F4FD1A3DCDC7FAE
:10B8E00044222266542A2A7E3B9090AB0B888883A0
:10B8F0008C4646CAC7EEEE296BB8B8D32814143C60
:10B90000A7DEDE79BC5E5EE2160B0B1DADDBDB76DF
:10B91000DBE0E03B64323256743A3A4E140A0A1EB7
:10B92000924949DB0C06060A4824246CB85C5CE4A6
:10B930009FC2C25DBDD3D36E43ACACEFC46262A6FE
:10B94000399191A8319595A4D3E4E437F279798BB4
:10B95000D5E7E7328BC8C8436E373759DA6D6DB714
:10B96000018D8D8CB1D5D5649C4E4ED249A9A9E0EC
:10B97000D86C6CB4AC5656FAF3F4F407CFEAEA2567
:10B98000CA6565AFF47A7A8E47AEAEE9100808183A
:10B990006FBABAD5F07878884A25256F5C2E2E725A
:10B9A000381C1C2457A6A6F173B4B4C797C6C65159
:10B9B000CBE8E823A1DDDD7CE874749C3E1F1F21E9
:10B9C000964B4BDD61BDBDDC0D8B8B860F8A8A8566
:10B9D000E07070907C3E3E4271B5B5C4CC6666AAFC
:10B9E000904848D806030305F7F6F6011C0E0E1220
:10B9F000C26161A36A35355FAE5757F969B9B9D0ED
:10BA00001786869199C1C1583A1D1D27279E9EB958
:10BA1000D9E1E138EBF8F8132B9898B322111133E0
:10BA2000D26969BBA9D9D970078E8E89339494A73E
:10BA30002D9B9BB63C1E1E2215878792C9E9E920E3
:10BA400087CECE49AA5555FF50282878A5DFDF7A42
:10BA5000038C8C8F59A1A1F8098989801A0D0D17C3
:10BA600065BFBFDAD7E6E631844242C6D06868B81F
:10BA7000824141C3299999B05A2D2D771E0F0F117C
:10BA80007BB0B0CBA85454FC6DBBBBD62C16163A79
:10BA90000158020055580200DD570200FF02000065
:10BAA000000000000000000000000002B4BA040022
:10BAB00000000000FF030000000000000000000084
:10BAC00000000002CCBA040000000000FF020000E9
:10BAD000000000000000000000000001E4BA0400C3
:10BAE00000000000FF030000000000000000000054
:10BAF00000000001FCBA040000000000FF03000089
:10BB00000000000000000000000000FC0000000039
:10BB100000000000F1EA04008CF7040095F704002F
:10BB20009BF70400A2F70400A9F70400AEF7040095
:10BB3000B3F70400B8F70400BDF70400C2F704002F
:10BB4000C7F70400CCF70400D1F70400D7F70400CE
:10BB5000DCF70400E1F70400E6F70400EBF704006B
:10BB6000F0F70400F5F70400FAF70400FFF704000B
:10BB700004F8040009F804000EF8040013F80400A7
:10BB800018F804001DF8040022F8040027F8040047
:10BB90002CF8040031F8040036F804003BF80400E7
:10BBA00040F8040045F804004AF804004FF8040087
:10BBB00054F8040059F804005EF8040063F8040027
:10BBC00068F804006DF8040072F8040077F80400C7
:10BBD0007CF8040081F8040086F804008BF8040067
:10BBE00090F8040095F80400D00700000302040058
:10BBF000000400000080000000000229000003286B
:10BC00000000002809040000042A0000042A0000A3
:10BC100003280000012A0000012A00000328000078
:10BC2000002A0000002A000003280000001800007D
:10BC3000002800002A2B00002A2B00000328000007
:10BC4000292B0000292B00000328000002290000F6
:10BC5000052A0000052A0000032800000118000042
:10BC60000028011000240011127100120000201C95
:10BC7000403860248070A06CC048E05400E120FD92
:10BC800040D960C58091A08DC0A9E0B50100020037
:10BC90000B00436F6E6E656374696F6E2066616939
:10BCA0006C656420286572722030782530327829DE
:10BCB0000043656E7472616C20636F6E6E656374B1
:10BCC00065640054687265616420726F6C652063FE
:10BCD00068616E6765643A20257300546872656117
:10BCE00064206E6574776F726B206A6F696E2F6166
:10BCF000747461636820737563636565646564204B
:10BD000028726F6C653D25732C20706172746974A4
:10BD1000696F6E3D30782530387829005468726537
:10BD20006164206E6574776F726B20646574616303
:10BD30006865643B207374696C6C20617474656D14
:10BD40007074696E6720746F20287265296A6F6944
:10BD50006E004164766572746973696E672066610E
:10BD6000696C656420746F20737461727420286537
:10BD70007272202564290041647665727469736962
:10BD80006E6720737461727465642061732022256C
:10BD900073220058656E6F6E53656E736F72004349
:10BDA000656E7472616C20646973636F6E6E656337
:10BDB0007465642028726561736F6E203078253059
:10BDC00032782900737562736372696265642074E6
:10BDD0006F00756E73756273637269626564206665
:10BDE000726F6D0043656E7472616C2025732074F0
:10BDF000656C656D65747279206E6F7469666963D0
:10BE00006174696F6E7300537461747573204C456F
:10BE100044202575204750494F206E6F742072656D
:10BE2000616479004661696C656420746F20636F9A
:10BE30006E66696775726520737461747573204CE2
:10BE40004544202575202865727220256429004DFF
:10BE50006F6465203220285468726561642900533C
:10BE60004141444320646576696365206E6F7420A8
:10BE700072656164790056444420414443206368FC
:10BE8000616E6E656C20696E6974206661696C65AF
:10BE9000642028657272202564293B207664645FE3
:10BEA0006D762077696C6C206265207374616C65B7
:10BEB0000053616D706C696E6720746872656164AF
:10BEC00020737461727465642028706572696F6490
:10BED0003D2564732C206D6F64653D2573290044F6
:10BEE00069652074656D7065726174757265207323
:10BEF000656E736F72206E6F742072656164790075
:10BF000074656D703A2073656E736F725F73616DE7
:10BF1000706C655F6665746368206661696C6564F2
:10BF20002028657272202564290074656D703A209E
:10BF300073656E736F725F6368616E6E656C5F6769
:10BF40006574206661696C656420286572722025BD
:10BF50006429007664643A206164635F7265616499
:10BF6000206661696C6564202865727220256429E9
:10BF70000009636F6E76657273696F6E2072657308
:10BF8000756C74206973206F7574206F6620726100
:10BF90006E67650A007664643A207261772D746F6B
:10BFA0002D6D696C6C69766F6C747320636F6E763F
:10BFB000657273696F6E206661696C6564202865BF
:10BFC0007272202564290073616D706C65202325D1
:10BFD000753A2074656D703D25642E2530327520CC
:10BFE0004320207664643D2575206D56004E6F20F9
:10BFF000737562736372696265723B20736B6970FB
:10C0000070696E67206E6F7469667920666F722042
:10C0100073616D706C6520232575004E6F746966C1
:10C0200079206661696C656420666F722073616D4A
:10C03000706C65202325752028657272202564297F
:10C04000004E6F746966696564207375627363720C
:10C05000696265723A206E6F64653D3078253032D2
:10C0600078207365713D25752074656D703D25647C
:10C07000207664643D257500554450206D756C74C0
:10C0800069636173742073656E64206661696C65B1
:10C090006420666F722073616D706C652023257556
:10C0A00020286572726E6F20256429005544502047
:10C0B0006D756C7469636173742073656E743A2076
:10C0C0006E6F64653D307825303278207365713D40
:10C0D00025752074656D703D2564207664643D256A
:10C0E00075202D3E205B25735D3A25640066663021
:10C0F000333A3A61626364004D4F4445206275747F
:10C10000746F6E204750494F206E6F7420726561C6
:10C1100064793B2077696C6C20617373756D652061
:10C120006E657665722068656C64004661696C6551
:10C130006420746F20636F6E666967757265204D49
:10C140004F444520627574746F6E2070696E3B2099
:10C1500077696C6C20617373756D65206E657665AB
:10C16000722068656C64006877696E666F5F6765EA
:10C17000745F6465766963655F6964206661696C94
:10C1800065642028657272202564293B206E6F64E7
:10C19000655F69642077696C6C20726561642061F9
:10C1A000732030004E6F64652049443A2030782572
:10C1B0003032782028666F6C6465642066726F6D1B
:10C1C0002025642D627974652068617264776172DC
:10C1D0006520646576696365204944290053746F5E
:10C1E0007261676520706172746974696F6E206630
:10C1F0006C61736820646576696365206E6F742076
:10C20000726561647900556E61626C6520746F209F
:10C210007265616420666C61736820706167652077
:10C22000696E666F20666F722073746F72616765E6
:10C2300020706172746974696F6E20286572722053
:10C24000256429004D6F64652073746F72616765A2
:10C2500020696E6974206661696C65642028657266
:10C2600072202564293B2064656661756C74696E73
:10C270006720746F204D6F646520312028424C4543
:10C280002920666F72207468697320626F6F742052
:10C290006F6E6C79004E6F2076616C6964207065FA
:10C2A00072736973746564206D6F646520666F7561
:10C2B0006E643B2064656661756C74696E6720749A
:10C2C0006F204D6F646520312028424C4529004D78
:10C2D0004F444520627574746F6E2068656C6420ED
:10C2E000617420626F6F743A207072657669657749
:10C2F000696E67202573202D3E20257300466169F5
:10C300006C656420746F2070657273697374206E3D
:10C310006577206D6F646520286572722025642919
:10C320003B2073746179696E6720696E2025730004
:10C33000436F6E6669726D6564202D207265626F51
:10C340006F74696E6720746F206170706C7920253E
:10C35000732E2E2E0052656C6561736564206475C2
:10C3600072696E672070726576696577202D20731B
:10C37000746179696E6720696E20257300426F6F62
:10C3800074696E6720696E20257300426C75657450
:10C390006F6F746820696E6974206661696C65648A
:10C3A00020286572722025642900426C7565746FBF
:10C3B0006F746820696E697469616C697A6564007C
:10C3C0005374617274696E67205468726561642089
:10C3D000737461636B3A2050414E20494420307899
:10C3E000253034782C206368616E6E656C2025647E
:10C3F0002C206E6574776F726B2022257322005893
:10C40000656E6F6E4D657368005468726561642077
:10C410006E6574776F726B206A6F696E2F617474CA
:10C4200061636820617474656D7074206661696C05
:10C43000656420746F207374617274202865727251
:10C440002025642900546872656164206E657477E4
:10C450006F726B206A6F696E2F61747461636820FC
:10C46000617474656D7074207374617274656400B6
:10C470004661696C656420746F20637265617465E0
:10C480002055445020736F636B6574202865727269
:10C490006E6F20256429004661696C656420746FA5
:10C4A000207261697365206D756C74696361737462
:10C4B00020686F70206C696D697420286572726ED7
:10C4C0006F202564293B207573696E67206465665B
:10C4D00061756C74004661696C656420746F2070CE
:10C4E00061727365206D756C74696361737420612A
:10C4F00064647265737320222573220055445020B2
:10C5000074656C656D6574727920746172676574A9
:10C51000205B25735D3A256420726561647900466D
:10C5200061696C656420746F207374617274202576
:10C53000732028657272202564290073616D706C08
:10C54000696E675F746964007374617475735F6C9E
:10C5500065645F7469640078656E6F6E5F73656EA5
:10C56000736F72006865617020636F7272757074AA
:10C57000696F6E20286E6F7420696E207573653F39
:10C5800029206174202570006865617020636F72D6
:10C5900072757074696F6E202862756666657220A8
:10C5A0006F766572666C6F773F2920617420257005
:10C5B000006865617020636F7272757074696F6E68
:10C5C0002028646F75626C6520667265653F29205E
:10C5D0006174202570006F735F68656170002A2A9E
:10C5E0002A20426F6F74696E67205A65706879728D
:10C5F000204F53206275696C642076342E342E30BF
:10C600002D31303335352D676632623565636438D8
:10C6100036366630202A2A2A0A00286E756C6C2964
:10C620000028756E7369676E65642920636861729E
:10C63000202A207573656420666F7220252570207E
:10C64000617267756D656E742E2049742773207250
:10C6500065636F6D6D656E64656420746F206361E2
:10C66000737420697420746F20766F6964202A20A7
:10C6700062656361757365206974206D61792063FB
:10C6800061757365206D69736265686176696F7243
:10C6900020696E206365727461696E20636F6E66D7
:10C6A000696775726174696F6E732E205374726955
:10C6B0006E673A2225732220617267756D656E740C
:10C6C0003A25640063627072696E74665F706163BC
:10C6D0006B616765004661696C656420746F2072E8
:10C6E00065626F6F743A207370696E6E696E672051
:10C6F000656E646C6573736C792E2E2E0A007379E7
:10C70000735F6765746F7074004E5653206E6F745C
:10C7100020696E697469616C697A656400436F753C
:10C720006C64206E6F74206F627461696E20666C39
:10C7300061736820706172616D6574657273005514
:10C740006E737570706F727465642077726974654A
:10C7500020626C6F636B2073697A65005365637444
:10C760006F722073697A6520257520746F6F206C55
:10C77000617267652C206D6178696D756D206973D4
:10C7800020257A7500556E61626C6520746F206794
:10C790006574207061676520696E666F00496E760A
:10C7A000616C696420736563746F722073697A6564
:10C7B00000436F6E66696775726174696F6E20659C
:10C7C00072726F72202D20736563746F7220636FB5
:10C7D000756E7400256420536563746F7273206FE7
:10C7E0006620256420627974657300616C6C6F63E8
:10C7F000207772613A2025642C20257800646174CA
:10C8000061207772613A2025642C20257800474307
:10C8100020446F6E65206D61726B657220666F7566
:10C820006E64004E6F20474320446F6E65206D613B
:10C83000726B657220666F756E643A2072657374F0
:10C84000617274696E672067630066735F6E7673EA
:10C85000006C6F6767696E67006C6F67006C6F676D
:10C860005F6D676D74004D65737361676520282285
:10C87000257322292064726F70706564206265637D
:10C8800061757365206974206578636565647320DC
:10C8900073697A65206C696D69746174696F6E2063
:10C8A00028257529004D6573736167652064726F73
:10C8B00070706564206265636175736520697420BA
:10C8C000657863656564732073697A65206C696D4A
:10C8D00069746174696F6E2028257529000D0A003E
:10C8E0001B5B306D0025732E0025733A20002573E5
:10C8F00020005B253031306C755D20005B253032C7
:10C90000753A253032753A253032752E253033751B
:10C910002C253033755D20003C25733E20002573A7
:10C920002F00253032782000202020007C00256355
:10C93000001B5B313B33316D001B5B313B33336D8F
:10C94000006572720077726E00696E6600646267DD
:10C95000006C6F675F6261636B656E645F756172C7
:10C9600074006C6F675F75617274004661696C6515
:10C970006420746F20696E697469616C697A6520DE
:10C9800025732028256429006C616E6775616765D1
:10C990002064657363726970746F72006D616E7587
:10C9A0006661637475726572206465736372697021
:10C9B000746F720070726F64756374206465736362
:10C9C000726970746F7200534E206465736372698C
:10C9D00070746F72004661696C656420746F2061C9
:10C9E000646420636F6E66696775726174696F6EE7
:10C9F000006364635F61636D5F30004661696C650D
:10CA00006420746F20726567697374657220636C4B
:10CA1000617373657300646576696365207375700F
:10CA2000706F7274004661696C656420746F206574
:10CA30006E61626C6520257320282564290063647B
:10CA4000635F61636D5F73657269616C00736574C8
:10CA50002D76616C7565206661696C7572652E2036
:10CA60006B65793A202573206572726F7228256490
:10CA7000290073657474696E677300666C6173680E
:10CA80000072302F61313A202030782530387820FC
:10CA90002072312F61323A202030782530387820CA
:10CAA0002072322F61333A202030782530387800D8
:10CAB00072332F61343A2020307825303878207254
:10CAC00031322F69703A2020307825303878207242
:10CAD00031342F6C723A202030782530387800209D
:10CAE000787073723A2020307825303878004661AB
:10CAF000756C74696E6720696E737472756374699E
:10CB00006F6E206164647265737320287231352FF3
:10CB10007063293A2030782530387800556E686186
:10CB20006E646C6564204952516E3A202564002A77
:10CB30002A2A2A2A205553414745204641554C541C
:10CB4000202A2A2A2A2A0020204469766973696FDC
:10CB50006E206279207A65726F002020556E616CBC
:10CB600069676E6564206D656D6F727920616363BE
:10CB70006573730020204E6F20636F70726F636562
:10CB800073736F7220696E737472756374696F6EFC
:10CB900073002020496C6C6567616C206C6F616468
:10CBA000206F66204558435F52455455524E2069C8
:10CBB0006E746F205043002020496C6C6567616C77
:10CBC00020757365206F6620746865204550535248
:10CBD000002020417474656D707420746F20657836
:10CBE000656375746520756E646566696E6564203D
:10CBF000696E737472756374696F6E002A2A2A2ACB
:10CC00002A204D5055204641554C54202A2A2A2A84
:10CC10002A002020537461636B696E67206572720D
:10CC20006F722028636F6E7465787420617265611D
:10CC3000206D69676874206265206E6F742076616C
:10CC40006C696429002020556E737461636B696E92
:10CC500067206572726F7200202044617461204108
:10CC600063636573732056696F6C6174696F6E00DE
:10CC700020204D4D46415220416464726573733AE1
:10CC80002030782578002020496E737472756374A3
:10CC9000696F6E204163636573732056696F6C61C1
:10CCA00074696F6E002020466C6F6174696E672D29
:10CCB000706F696E74206C617A7920737461746529
:10CCC00020707265736572766174696F6E2065722B
:10CCD000726F72002A2A2A2A2A204255532046417E
:10CCE000554C54202A2A2A2A2A0020205374616392
:10CCF0006B696E67206572726F72002020507265DA
:10CD00006369736520646174612062757320657264
:10CD1000726F720020204246415220416464726565
:10CD200073733A2030782578002020496D70726541
:10CD30006369736520646174612062757320657234
:10CD4000726F72002020496E737472756374696F1C
:10CD50006E20627573206572726F72005265736522
:10CD60007276656420457863657074696F6E2028FB
:10CD70000053707572696F757320696E7465727295
:10CD800075707420284952512000535053454C204F
:10CD9000696E20746872656164206D6F64652064DB
:10CDA0006F6573206E6F7420696E6469636174656A
:10CDB000205053500045534620636F756C64206EBD
:10CDC0006F7420626520726574726965766564208F
:10CDD0007375636365737366756C6C792E20536825
:10CDE000616C6C206E65766572206F636375722E60
:10CDF000002A2A2A2A2A2048415244204641554CDA
:10CE000054202A2A2A2A2A0020204275732066618B
:10CE1000756C74206F6E20766563746F7220746118
:10CE2000626C6520726561640020204465627567EC
:10CE3000206576656E740020204661756C742065EF
:10CE40007363616C6174696F6E202873656520621D
:10CE5000656C6F772900415243485F455843455000
:10CE600054207769746820726561736F6E2025782D
:10CE70000A002A2A2A2A2A204465627567206D6FD3
:10CE80006E69746F7220657863657074696F6E2067
:10CE90002A2A2A2A2A002A2A2A2A2A2025732025F1
:10CEA0006429202A2A2A2A2A006D707500466169A1
:10CEB0006C656420746F20616C6C6F6361746520B5
:10CEC0006E6577204D505520726567696F6E20251D
:10CED000750A00506172746974696F6E2025753A25
:10CEE00020636F686572656E636520636865636B58
:10CEF000206661696C65642E00464C4153485F3082
:10CF0000005352414D5F300065786974006E65745E
:10CF10005F627566006E65745F6275665F73696DEA
:10CF2000706C6500736F63005553422064657669C9
:10CF3000636520737570706F727420697320616C03
:10CF4000726561647920696E697469616C697A657A
:10CF500064005553422064657669636520636F6E93
:10CF600074726F6C6C6572206973206E6F742072BE
:10CF70006561647900555342206465766963652074
:10CF8000737570706F7274206973206E6F7420698E
:10CF90006E697469616C697A6564005553422064F6
:10CFA000657669636520737570706F72742069733C
:10CFB00020616C726561647920656E61626C656484
:10CFC000004661696C656420746F20656E61626CF7
:10CFD0006520636F6E74726F6C6C6572004275666B
:10CFE00066657220707265616C6C6F636174696FE5
:10CFF0006E206661696C656400757362645F646568
:10D000007600757362645F64657363004661696C82
:10D01000656420746F20656E717565756520537445
:10D020006174757320494E206275666665720046AC
:10D0300061696C656420746F20656E7175657565D6
:10D0400020534554555020627566666572004361F1
:10D050006E206F6E6C792068616E646C6520636F02
:10D060006E74726F6C207265717565737473004DA8
:10D07000616C666F726D6564207365747570207085
:10D0800061636B657400556E657870656374656483
:10D0900020627566666572206C696E6B65642074CB
:10D0A0006F207365747570004661696C65642074E7
:10D0B0006F207365742064657669636520616464BC
:10D0C000726573732030782578004661696C6564F9
:10D0D00020746F2073657420636F6E666967757264
:10D0E0006174696F6E2025752C20256400496E746B
:10D0F000657266616365206F7220616C7465726E23
:10D1000061746520646F6573206E6F742065786943
:10D11000737400436F6E66696775726174696F6ED0
:10D120002064657363726970746F72202575206E58
:10D130006F7420666F756E64004857494E464F20E5
:10D140006E6F7420696D706C656D656E74656420BA
:10D150006F7220656E61626C656400536B697070FC
:10D160006564202564206D6573736167657300498C
:10D170006E6469636174696E67206572726F722094
:10D18000766961206572726E6F20697320646570C4
:10D19000726563617465640070726F746F636F6C45
:10D1A000206572726F723A0073657475703A006E22
:10D1B0006F74207065726D697474656420696E2087
:10D1C00064657669636520737461746520257500F4
:10D1D0004661696C656420746F20656E7175657554
:10D1E0006520537461747573204F555420627566C1
:10D1F000666572004661696C656420746F20656EB7
:10D2000061626C6520544553545F4D4F4445202561
:10D210007500757362645F636839007573626400DA
:10D220004661696C656420746F206765742063666D
:10D23000675F6E642C206465737069746520636F2A
:10D240006E66696775726564207374617465004603
:10D2500061696C656420746F207365742064656611
:10D2600061756C74206164647265737320616674A7
:10D27000657220627573207265736574004661691A
:10D280006C656420746F20736574206465666175D5
:10D290006C742073746174652061667465722062B9
:10D2A00075732072657365740041637475616C20D9
:10D2B0006465766963652073706565642025750013
:10D2C000554443206572726F72206576656E7400F6
:10D2D0004661696C656420746F20696E69742064AE
:10D2E000657669636520647269766572007573623C
:10D2F000645F636F726500456E64706F696E67206E
:10D30000307825303278206E6F74206173736967CE
:10D310006E6564004661696C656420746F2061739A
:10D320007369676E20656E64706F696E74206164E6
:10D3300064726573736573004661696C656420741B
:10D340006F20696E697469616C697A6520636C61CC
:10D35000737320696E7374616E636500624E756DE0
:10D36000496E746572666163657320257520775414
:10D370006F74616C4C656E6774682025750046613A
:10D38000696C656420746F20696E6974204653204F
:10D39000636F6E66696775726174696F6E2025755B
:10D3A00000757362645F696E6974004E6F20636F0D
:10D3B0006E66696775726174696F6E20736574203B
:10D3C00028416464726573732073746174653F29C6
:10D3D000004661696C656420746F207265736574C2
:10D3E00020636F6E66696775726174696F6E00465F
:10D3F000656174757265206E6F7420737570706FDF
:10D400007274656420627920636F6E74726F6C6CE5
:10D41000657200436F6E66696775726174696F6EDD
:10D42000202575206E6F7420666F756E64005553ED
:10D43000422064657669636520737570706F7274DD
:10D4400020697320696E697469616C697A6564002A
:10D45000537461636B2077617320636F6D70696CC7
:10D46000656420776974686F757420486967682DF2
:10D47000537065656420737570706F7274004653E5
:10D4800020636F6E66696720616C726561647920E4
:10D490006F6E204853206C69737400556E737570FD
:10D4A000706F7274656420636F6E66696775726110
:10D4B00074696F6E20737065656400436F6E666992
:10D4C0006775726174696F6E2025752072652D69AC
:10D4D0006E736572746564004661696C656420747E
:10D4E0006F2061646420636F6E6669677572617432
:10D4F000696F6E20737472696E67206465736372FE
:10D500006970746F7200757362645F63666700555B
:10D5100053422064657669636520636C6173732090
:10D520002573206E6F7420666F756E64004E6F20D9
:10D53000636F6E66696775726174696F6E2073657B
:10D540007420284164647265737320737461746518
:10D550002900436C61737320696E7374616E636537
:10D5600020616C72656164792072656769737465A6
:10D5700072656400436C61737320726567697374CC
:10D580006572656420746F206F7468657220636FC4
:10D590006E7465787420617420646966666572656E
:10D5A0006E7420737065656400757362645F636C8C
:10D5B000617373004E6F20656E64706F696E747373
:10D5C0002C20736B697020696E7465726661636587
:10D5D000004661696C656420746F2068616E646CDC
:10D5E00065206F702025642C2065702030782530F0
:10D5F00032782C20626D203078253038782C202528
:10D600006400757362645F69666163650064657672
:10D610006963652069732073757370656E646564F2
:10D62000005365742068616C74203078253032783E
:10D63000206661696C656400436C65617220686195
:10D640006C7420307825303278206661696C6564AE
:10D6500000757362645F657000757362645F6D73FB
:10D6600067006364635F61636D5F7561727430004E
:10D670007075626C69630072616E646F6D007075C5
:10D68000626C69632D69640072616E646F6D2D69EF
:10D690006400253032583A253032583A2530325815
:10D6A0003A253032583A253032583A25303258200F
:10D6B00028257329004254204C572057510062748A
:10D6C0005F6275660062745F6461746100446174D6
:10D6D0006120627566666572206F766572666C6F32
:10D6E0007720286C696E6B207479706520307825FE
:10D6F0003032782900556E61626C6520746F206C41
:10D700006F6F6B20757020636F6E6E207769746821
:10D710002068616E646C6520257500556E61626CD1
:10D720006520746F206C6F6F6B757020636F6E6E09
:10D7300020666F722068616E646C652025750048F4
:10D7400061726477617265206572726F722C2068F5
:10D750006172647761726520636F64653A20256445
:10D7600000436F756C64206E6F74207375626D6911
:10D77000742072785F776F726B3A20256400556E63
:10D7800061626C6520746F20616C6C6F636174659D
:10D790002062756666657200556E68616E646C65C0
:10D7A00064206576656E7420307825303278206C80
:10D7B000656E2025753A20257300657674206E7598
:10D7C0006D5F68616E646C657320283D2575292046
:10D7D000746F6F206C617267652028257A75203E12
:10D7E00020257529004E6F20636F6E6E6563746926
:10D7F0006F6E20666F722068616E646C652025759F
:10D80000007061636B65747320636F756E74206D57
:10D8100069736D6174636800546F6F20736D616C20
:10D820006C202825752062797465732920657665DA
:10D830006E742030782530327800496E76616C69DC
:10D840006420484349206576656E742073697A6563
:10D85000202825752900496E76616C6964204C4545
:10D86000206D657461206576656E742073697A65D4
:10D87000202825752900574553545F544F5044497B
:10D88000522F7A65706879722F7375627379732F6E
:10D89000626C7565746F6F74682F686F73742F682E
:10D8A00063695F636F72652E63006576745F666C93
:10D8B0006167732026202831554C203C3C202830BD
:10D8C000292900415353455254494F4E204641495E
:10D8D0004C205B25735D20402025733A25640A00A7
:10D8E000496E76616C696420627566207479706532
:10D8F00020257500496E76616C6964204843492093
:10D9000041434C207061636B65742073697A6520B4
:10D91000282575290041434C2064617461206C65A1
:10D920006E677468206D69736D6174636820282563
:10D930007520213D2025752900556E61626C65209A
:10D94000746F2066696E6420636F6E6E20666F72FE
:10D950002068616E646C652025750062745F686381
:10D96000695F6576745F6765745F666C616773286D
:10D970006864722D3E657674292026202831554C26
:10D98000203C3C202831292900556E6B6E6F776E44
:10D9900020627566207479706520257500556E6863
:10D9A000616E646C65642076656E646F722D737051
:10D9B000656369666963206576656E7420307825D5
:10D9C000303278206C656E2025753A202573004E24
:10D9D0006F20636F6D6D616E642073656E74206679
:10D9E0006F7220636D6420636F6D706C6574652069
:10D9F000307825303478004F70436F64652030787C
:10DA00002530347820636F6D706C657465642069AF
:10DA10006E7374656164206F6620657870656374E9
:10DA200065642030782530347800696E74657276CC
:10DA3000616C206578636565647320746865207621
:10DA4000616C69642072616E67652025752075734D
:10DA5000006C6174656E63792065786365656473D5
:10DA6000207468652076616C69642072616E6765F8
:10DA70002030782530347800737570765F74696D66
:10DA8000656F757420657863656564732074686577
:10DA90002076616C69642072616E6765203078253C
:10DAA000303478004E6F2070656E64696E67207048
:10DAB00065726970686572616C20636F6E6E656314
:10DAC00074696F6E00556E65787065637465642067
:10DAD0007374617475732030782530327820257323
:10DAE00000756E6B6E6F776E005B305D004843496A
:10DAF000207472616E73706F72743A2025730043E4
:10DB00006F6E74726F6C6C6572004964656E7469D7
:10DB1000747925733A202573004964656E746974BD
:10DB2000795B25645D3A202573004843493A2076A5
:10DB3000657273696F6E2025732028307825303226
:10DB40007829207265766973696F6E203078253088
:10DB500034782C206D616E756661637475726572C0
:10DB600020307825303478004C4D503A207665725C
:10DB700073696F6E2025732028307825303278291C
:10DB800020737562766572203078253034780055C0
:10DB90006E61626C6520746F2073656E6420746FB3
:10DBA0002064726976657220286572722025642966
:10DBB00000657272203D3D20300009436F6E747223
:10DBC0006F6C6C657220756E726573706F6E7369C1
:10DBD00076652C20636F6D6D616E64206F70636F6E
:10DBE0006465203078253034782074696D656F75F0
:10DBF000742077697468206572722025640A006F4A
:10DC000070636F64652030782530347820737461D8
:10DC100074757320307825303278202573004E6F6C
:10DC20002070656E64696E6720636F6E6E20666F2C
:10DC3000722070656572202573004E6F6E2D4C4505
:10DC40002063617061626C6520636F6E74726F6CCB
:10DC50006C657220646574656374656421004E753B
:10DC60006D206F6620436F6E74726F6C6C657227E7
:10DC7000732041434C207061636B65747320213DB8
:10DC80002041434C2062745F636F6E6E5F74782036
:10DC9000636F6E74657874732028257520213D208C
:10DCA0002575290041434C2042522F4544522062A1
:10DCB000756666657273206E6F7420696E6974692B
:10DCC000616C697A65640056656E646F72204843C2
:10DCD0004920657874656E73696F6E73206E6F741A
:10DCE00020617661696C61626C6500485720506CF8
:10DCF0006174666F726D3A20257320283078253064
:10DD00003478290048572056617269616E743A2050
:10DD10002573202830782530347829004669726DC3
:10DD2000776172653A202573202830782530327863
:10DD3000292056657273696F6E2025752E25752012
:10DD40004275696C64202575004661696C656420C4
:10DD5000746F207265616420737570706F72746582
:10DD6000642076656E646F7220636F6D6D616E64A2
:10DD700073004661696C656420746F20726561642C
:10DD800020737570706F727465642076656E646F51
:10DD9000722066656174757265730048434920643A
:10DDA0007269766572206973206E6F742072656186
:10DDB000647900425420525820575100484349206A
:10DDC000647269766572206F70656E206661696C39
:10DDD0006564202825642900556E65787065637434
:10DDE000656420484F53545F4E554D5F434F4D502F
:10DDF0004C455445445F5041434B4554532C20738C
:10DE00007461747573203078253032782025730062
:10DE1000556E636C65617265642070656E64696ED1
:10DE2000672073656E745F636D6400312E3062002D
:10DE3000312E3100312E3200322E3000322E3100A0
:10DE4000332E3000342E3000342E3100342E320088
:10DE5000352E3000352E3100352E3200352E330070
:10DE6000352E3400362E3000362E3100362E32005C
:10DE7000362E33005374616E6461726420426C7597
:10DE800065746F6F746820636F6E74726F6C6C650D
:10DE9000720056656E646F7220737065636966699F
:10DEA0006320636F6E74726F6C6C6572004669728A
:10DEB0006D77617265206C6F616465720052657385
:10DEC00063756520696D616765007265736572765B
:10DED0006564006E5246353178006E5246353278B0
:10DEE000006E5246353378006E524635344878001D
:10DEF0006E524635344C7800496E74656C20436F21
:10DF000072706F726174696F6E004E6F72646963D4
:10DF10002053656D69636F6E647563746F72004E34
:10DF200058502053656D69636F6E647563746F72CA
:10DF300073004573707265737369662053797374E7
:10DF4000656D730062745F6863695F636F7265001B
:10DF5000574553545F544F504449522F7A65706867
:10DF600079722F7375627379732F626C7565746F34
:10DF70006F74682F686F73742F6863695F636F6D68
:10DF80006D6F6E2E6300636D6420646973616C6CE9
:10DF90006F776564004F6E6C792072616E646F6D8F
:10DFA00020737461746963206964656E746974793F
:10DFB000206164647265737320737570706F72741E
:10DFC000656400496E76616C696420696E70757471
:10DFD00020706172616D6574657273004661696C71
:10DFE000656420746F2072656164207075626C696D
:10DFF00063206164647265737300526561642053C9
:10E00000746174696320416464726573736573201D
:10E01000636F6D6D616E64206E6F742061766169EF
:10E020006C61626C65004661696C656420746F2088
:10E0300072656164207374617469632061646472E1
:10E040006573736573004E6F207374617469632028
:10E050006164647265737365732073746F72656451
:10E0600020696E20636F6E74726F6C6C6572004312
:10E07000616E27742073657420626F746820494450
:10E08000454E544954592026204E52504100556E59
:10E0900061626C6520746F20736574206964656EBD
:10E0A00074697479206164647265737300556E617C
:10E0B000626C6520746F207365742072616E646F8A
:10E0C0006D20616464726573730062745F696400DB
:10E0D000546F6F206269672061647665727469733A
:10E0E000696E672064617461004661696C656420D3
:10E0F000746F2073746172742061647665727469E0
:10E10000736572004661696C656420746F20737476
:10E110006F70206164766572746973696E673A2006
:10E1200025640062745F616476004661696C6564B1
:10E1300020726561642072656D6F7465206665612B
:10E140007475726573202825642900504859203061
:10E150007825303278206E6F7420737570706F720E
:10E1600074656400556E65787065637465642066D7
:10E1700069727374204C32434150206672616D6540
:10E1800000556E6578706563746564204C32434158
:10E190005020636F6E74696E756174696F6E004EA6
:10E1A0006F7420656E6F756768206275666665724C
:10E1B00020737061636520666F72204C324341505A
:10E1C000206461746100556E657870656374656480
:10E1D0002041434C20666C616773202830782530DD
:10E1E0003278290041434C206C656E206D69736D57
:10E1F0006174636820282575203E20257529002834
:10E20000756E6B6E6F776E29006E6F207472616E23
:10E21000736974696F6E20257300496E76616C694D
:10E22000642028257529206F6C64207374617465DF
:10E2300000636F6E6E202570206661696C656420D6
:10E24000746F2065737461626C6973682E20524626
:10E25000206E6F6973653F006E6F2076616C696434
:10E2600020282575292073746174652077617320D7
:10E2700073657400696E636F6D70617469626C655B
:10E280002068616E646C652025750054696D656F4A
:10E290007574206469736361726465642E204E6FC7
:10E2A00020626C6F636B696E6720696E207379738F
:10E2B00077712E00466174616C206572726F7220F6
:10E2C000282564292E20446973636F6E6E6563741C
:10E2D000696E6720257000466F756E642076616CEC
:10E2E000696420636F6E6E656374696F6E202825A4
:10E2F0007029207769746820616464726573732083
:10E30000257320696E202573207374617465200065
:10E3100053656E64204C4520706172616D2075708C
:10E3200064617465206661696C6564202865727239
:10E33000202564290053656E64206175746F204C3C
:10E340004520706172616D2075706461746520662E
:10E3500061696C65642028657272202564290064F7
:10E360006973636F6E6E656374656400646973637B
:10E370006F6E6E6563742D636F6D706C6574650090
:10E380007363616E2D6265666F72652D696E697467
:10E39000696174696E6700696E6974696174696E38
:10E3A000672D66696C7465722D6C697374006164A5
:10E3B000762D636F6E6E65637461626C6500616477
:10E3C000762D6469722D636F6E6E65637461626C25
:10E3D0006500646973636F6E6E656374696E670070
:10E3E00062745F636F6E6E00556E61626C6520745F
:10E3F0006F20616C6C6F6361746520627566666521
:10E400007220666F72206F7020307825303278006D
:10E410004E6F20617661696C61626C65204C32439D
:10E42000415020636F6E7465787420666F7220634C
:10E430006F6E6E20257000457870656374696E6735
:10E440002031207265662C20676F7420256400617E
:10E450006C7265616479206861766520766965779C
:10E46000206F6E202570004C32434150206C656E49
:10E47000677468206D69736D617463682028257501
:10E4800020213D2025752900496E76616C69642044
:10E490006964656E742076616C756520696E204CC8
:10E4A000324341502050445500496E76616C696496
:10E4B000204C4520636F6E6E20706172616D20721A
:10E4C00073702073697A652028257520213D2025E9
:10E4D0007A75290052656A656374696E6720756E86
:10E4E0006B6E6F776E204C32434150205044552064
:10E4F000636F64652030782530327800546F6F2068
:10E50000736D616C6C204C32434150207369676EAF
:10E51000616C696E672050445500546F6F20736DB5
:10E52000616C6C204C324341502050445520726540
:10E530006365697665640049676E6F72696E67200E
:10E540006461746120666F7220756E6B6E6F776E9A
:10E55000206368616E6E656C2049442030782530F8
:10E56000347800636F6E6669670062745F6C326353
:10E57000617000415454206368616E6E656C206E5A
:10E580006F7420636F6E6E656374656400457272AC
:10E590006F72207369676E696E67206461746100D1
:10E5A00052616E206F7574206F662054582062751A
:10E5B0006666657273206F7220636F6E746578741F
:10E5C000732E004661696C656420746F20737562F8
:10E5D0006D6974206174745F74785F6465737472BC
:10E5E0006F795F776F726B3A20256400556E6162B8
:10E5F0006C6520746F20637265617465206572724A
:10E60000207273702050445500415454204D54558D
:10E610002065786365656465642C206D61782025CC
:10E62000752C2077616E74656420257A7500556EAF
:10E6300061626C6520746F2063726561746520721D
:10E6400073702050445500546F6F20736D616C6C73
:10E6500020415454205044552072656365697665A5
:10E660006400556E68616E646C656420415454208A
:10E67000636F64652030782530327800496E7661AA
:10E680006C6964206C656E20257520666F7220634E
:10E690006F64652030782530327800556E61626C89
:10E6A0006520746F20637265617465205555494417
:10E6B0003A2073697A6520257500556E61626C6534
:10E6C00020746F2063726561746520555549443A22
:10E6D0002073697A65202564004E6F206176616938
:10E6E0006C61626C652041545420636F6E74657870
:10E6F0007420666F7220636F6E6E202570004E6FFF
:10E7000020617661696C61626C65204154542063BC
:10E7100068616E6E656C20666F7220636F6E6E202E
:10E720002570004E6F7420636F6E6E656374656450
:10E7300000556E61626C6520746F2066696E64209E
:10E74000415454206368616E6E656C00476F74209D
:10E750006572722025642C206E6F742063616C6C6E
:10E76000696E6720415454206362004661696C659C
:10E770006420746F2072652D7375626D6974202535
:10E78000733A202564004E6F204154542063686121
:10E790006E6E656C20666F72204D545520257A751B
:10E7A000004E6F2070656E64696E6720415454207E
:10E7B0007265717565737400446973636F6E6E651D
:10E7C0006374696E67206661696C65642028657290
:10E7D0007220256429004154542054696D656F7579
:10E7E0007420666F72206465766963652025732ED8
:10E7F00020446973636F6E6E656374696E672E2E55
:10E800002E0062745F61747400756E61626C6520C5
:10E81000746F20736176652053433A206E6F2063D6
:10E820006667206C65667400434D414320757064D3
:10E83000617465206661696C6564202564004E6FB3
:10E8400020737061636520746F2073746F7265202C
:10E8500043434320636667004E6F207370616365B6
:10E8600020746F2073746F726520436C69656E74D9
:10E8700020537570706F727465642046656174759D
:10E8800072657300556E61626C6520746F20696DEE
:10E89000706F727420746865206B657920666F7282
:10E8A0002041455320434D414320256400434D41C1
:10E8B00043206F7065726174696F6E20696E697450
:10E8C000206661696C6564202564006B657920644D
:10E8D000657374726F79206661696C656420256464
:10E8E00000434D41432066696E6973682066616923
:10E8F0006C65642025640052656164206D657468F0
:10E900006F64206E6F7420736574004661696C6576
:10E910006420746F2072656164206174747269622E
:10E92000757465202570202865727220257A642907
:10E9300000496E76616C69642072656164206C6563
:10E940006E6774683A20257A64004343432025703B
:10E95000206E6F74207772697461626C6500534336
:10E9600020726573746F726520696E646963617487
:10E97000696F6E206661696C65640062745F6761CF
:10E980007474004E6F20617661696C61626C652001
:10E99000534D5020636F6E7465787420666F7220DB
:10E9A000636F6E6E2025700062745F736D7000740B
:10E9B00068726561642564006E65742564004E4567
:10E9C000545F4F4B004E45545F434F4E54494E5594
:10E9D00045004E45545F44524F50003C756E6B6E7F
:10E9E0006F776E3E007365637572655F73746F72E7
:10E9F000616765004661696C656420746F202573EA
:10EA000020646174612025732073746F726167657F
:10EA10002E20282564290072657472696576650068
:10EA20007472616E73666F726D00666F72007772DA
:10EA30006974650072656D6F7665005573696E6700
:10EA4000206120706F74656E7469616C6C792069E7
:10EA50006E7365637572652050534120495453208D
:10EA6000656E6372797074696F6E206B6579207062
:10EA7000726F76696465722E005741524E494E4757
:10EA80003A2025730A006974732F25782F256C7836
:10EA90000053707572696F757320257320657665F4
:10EAA0006E740065702030782530327820616C7289
:10EAB0006561647920656E61626C656400456E64B1
:10EAC000706F696E74203078253032782076616CF2
:10EAD00069646174696F6E206661696C6564006564
:10EAE000702030782530327820616C7265616479ED
:10EAF0002064697361626C656400657020307825FC
:10EB0000303278206973206E6F742068616C746590
:10EB1000647C64697361626C6564004661696C65FC
:10EB20006420746F20616C6C6F63617465206E6526
:10EB3000745F62756620257A642C206570203078B9
:10EB400025303278007564630073687574646F777C
:10EB50006E00496E697469616C697A656400556E0E
:10EB60006B6E6F776E20706F776572206576656E5D
:10EB70007420256400507265696E69740075646361
:10EB80005F6E726678004661696C656420746F2000
:10EB9000726567697374657220656E64706F696E03
:10EBA000740053555350454E44207374617465206E
:10EBB000646574656374656400524553554D494EF0
:10EBC000472066726F6D2073757370656E640052B6
:10EBD000656D6F74652077616B65757020696E690E
:10EBE000746961746564006570203078253032780E
:10EBF00020717565756520697320656D7074790085
:10EC0000657020307825303278206F6B2C2071753C
:10EC100065756520697320656D707479004661695A
:10EC20006C656420746F2064697361626C65206335
:10EC30006F6E74726F6C20656E64706F696E7400B5
:10EC40004661696C656420746F2073746F7020482E
:10EC500046584F20256400526573657400627566DE
:10EC600066657220746F6F20736D616C6C3A2072F0
:10EC70003A2025752C206C3A202575004661696C78
:10EC8000656420746F20656E61626C6520636F6ED1
:10EC900074726F6C20656E64706F696E740046618B
:10ECA000696C656420746F207374617274204846C7
:10ECB000584F202564007573626440343030323719
:10ECC000303030007564635F6E7266006E72665F2E
:10ECD000757362645F636F6D6D6F6E0043616E6E1E
:10ECE0006F742073746172742073616D706C696EDF
:10ECF000673A202564004661696C656420746F2062
:10ED0000696E697469616C697A65206465766963A6
:10ED1000653A202573004661696C656420746F2034
:10ED2000736574206275666665723A2025640049D1
:10ED30006E76616C69642073656C656374696F6E6F
:10ED4000206F66206368616E6E656C730043686156
:10ED50006E6E656C202575206E6F7420636F6E6615
:10ED6000696775726564004E6F206368616E6E65D9
:10ED70006C20636F6E666967757265640041444319
:10ED8000207265736F6C7574696F6E2076616C7537
:10ED900065202564206973206E6F742076616C692C
:10EDA00064004F76657273616D706C696E6720697F
:10EDB0007320737570706F7274656420666F722053
:10EDC00073696E676C65206368616E6E656C206F39
:10EDD0006E6C79004F76657273616D706C696E67E9
:10EDE0002076616C7565202564206973206E6F74D0
:10EDF0002076616C69640050726F76696465642086
:10EE000062756666657220697320746F6F20736D1A
:10EE1000616C6C202825752F25752900496E766157
:10EE20006C6964206368616E6E656C2049443A20A9
:10EE300025640053656C6563746564204144432018
:10EE40006761696E206973206E6F742076616C69EA
:10EE5000640053656C6563746564204144432072AB
:10EE600065666572656E6365206973206E6F7420D8
:10EE700076616C69640053656C65637465642041F8
:10EE80004443206163717569736974696F6E20749E
:10EE9000696D65206973206E6F742076616C69649A
:10EEA0000043616E6E6F7420636F6E666967757282
:10EEB00065206368616E6E656C2025643A20256468
:10EEC000006164634034303030373030300061648A
:10EED000635F6E7266785F736161646300636C6F19
:10EEE000636B403430303030303030006866636CF3
:10EEF0006B006C66636C6B00636C6F636B5F636F5E
:10EF00006E74726F6C0072616E646F6D403430307D
:10EF1000306430303000696E76616C696420616401
:10EF200064726573733A2030782530386C783A25EE
:10EF30007A7500756E616C69676E656420616464E2
:10EF4000726573733A2030782530386C783A257AB8
:10EF500075006E6F7420776F72642D616C69676ED7
:10EF600065643A2030782530386C783A257A750017
:10EF7000666C6173682D636F6E74726F6C6C657212
:10EF800040343030316530303000666C6173685F1A
:10EF90006E72660057726974652D70726F74656366
:10EFA000742070696E206E6F7420726561647900E0
:10EFB00057726974652D70726F746563742070691F
:10EFC0006E206661696C656420746F2073657420BF
:10EFD00061637469766500486F6C642070696E20A7
:10EFE0006E6F7420726561647900486F6C64207084
:10EFF000696E206661696C656420746F2073657446
:10F0000020696E616374697665004661696C656448
:10F0100020746F206578697420445044202825644A
:10F02000290057616974696E6720756E74696C2078
:10F03000666C61736820697320726561647900464B
:10F0400061696C656420746F207761697420756EE6
:10F0500074696C20666C61736820697320726561E5
:10F0600064792028256429004A45444543204944C1
:10F070002072656164206661696C65643A2025646C
:10F080000044657669636520696420253032782004
:10F0900025303278202530327820646F6573206EF9
:10F0A0006F74206D6174636820636F6E666967209A
:10F0B00025303278202530327820253032780042D1
:10F0C0005020636C656172206661696C65643A20EA
:10F0D00025640A00556E61626C6520746F20656E50
:10F0E00074657220342D62797465206D6F64653AA1
:10F0F0002025640A006D7832356C33323333664034
:10F1000030007370695F6E6F72006770696F4035B1
:10F1100030303030333030006770696F4035303018
:10F120003030303030009BB8EA006E7266355F7266
:10F1300078006E52463520383032313534207261D5
:10F1400064696F20696E697469616C697A656400CD
:10F150005061796C6F616420746F6F206C617267AD
:10F16000653A202564005458206D6F64652025643D
:10F17000206E6F7420737570706F727465640043D5
:10F18000616E6E6F742073656E64206672616D656A
:10F19000004E6F2066726565207061636B65742038
:10F1A000617661696C61626C652E004661696C65AF
:10F1B0006420746F20777269746520746F206120F9
:10F1C0007061636B65742E0041434B207061636B0B
:10F1D0006574206E6F742068616E646C6564202DA8
:10F1E0002072656C656173696E672E004661696C9B
:10F1F000656420746F20656E746572207265636546
:10F20000697665207374617465004572726F72204F
:10F210007768696C652073746F7070696E672072AF
:10F220006164696F00526563656976656420612079
:10F230006672616D6520657863656564696E6720D7
:10F24000746865206275666665722073697A6520E8
:10F25000282575293A20257500526563656976650C
:10F26000642050534455005061636B657420647290
:10F270006F70706564206279204E4554207374610C
:10F28000636B006965656538303231353400696516
:10F2900065653830323135345F6E726635007465BD
:10F2A0006D704034303030633030300074656D70D4
:10F2B0005F6E726635007261775F746F5F75763A64
:10F2C000202564006164635F7365747570206661F6
:10F2D000696C65643A202564006164635F726561EE
:10F2E000643A20256400257320646576696365208F
:10F2F0006E6F742072656164790073657475703A1D
:10F300002025640073657175656E636520696E699B
:10F31000743A202564006661696C656420746F200E
:10F32000636F6E666967757265204750494F206646
:10F330006F7220504D206F6E006661696C656420AD
:10F34000746F20736574204750494F20666F722098
:10F35000504D20726573756D65007662617474003E
:10F36000766F6C74616765004661696C65642074D2
:10F370006F20616C6C6F636174652050504920434D
:10F3800068616E6E656C0075617274403430303047
:10F390003230303000756172745F6E7266785F75FE
:10F3A00061727465004661696C656420746F2061E8
:10F3B0006C6C6F63617465204750494F54452063FE
:10F3C00068616E6E656C20666F722057414B450018
:10F3D0004661696C656420746F20636F6E6669674F
:10F3E0007572652057414B452070696E004353206C
:10F3F0004750494F20706F72742025732070696EDA
:10F40000202564206973206E6F74207265616479B1
:10F410000055706461746520657863656564732068
:10F4200063757272656E74206275666665720048F7
:10F43000616C662D6475706C6578206E6F742073D6
:10F440007570706F7274656400536C617665206DC1
:10F450006F6465206973206E6F7420737570706FB0
:10F4600072746564206F6E202573004C6F6F70623C
:10F4700061636B206D6F6465206973206E6F74200B
:10F48000737570706F7274656400576F7264207367
:10F49000697A6573206F74686572207468616E2084
:10F4A00038206269747320617265206E6F742073F6
:10F4B0007570706F72746564004672657175656E03
:10F4C00063696573206C6F776572207468616E2064
:10F4D000313235206B487A20617265206E6F74205E
:10F4E000737570706F72746564004661696C6564F1
:10F4F00020746F20696E697469616C697A65206E29
:10F50000726678206472697665723A2025640057C5
:10F51000616974696E6720666F722057414B4520A0
:10F5200061636B6E6F776C6564676D656E74207474
:10F53000696D6564206F75740054696D656F7574CD
:10F540002077616974696E6720666F7220747261DA
:10F550006E7366657220636F6D706C6574650073A1
:10F560007069403430303233303030007370695F4E
:10F570006E7266785F737069006E72665F383032E3
:10F580003135345F74656D706572617475726500D4
:10F590006F70656E7468726561640035383A343531
:10F5A0003A34653A34663A34653A30303A30303A73
:10F5B00030310064653A61643A62653A65663A637F
:10F5C000613A66653A66303A30643A31333A3337F5
:10F5D0003A63303A64653A30303A30313A30323A50
:10F5E0003033006F745F726164696F5F776F726B45
:10F5F00071006F740025732F2578002573257325FE
:10F60000730048616C74696E672073797374656DFB
:10F610000A00556E6B6E6F776E206572726F7200A6
:10F620003E3E3E205A455048595220464154414C96
:10F63000204552524F522025643A202573206F6E88
:10F6400020435055202564004661756C7420647514
:10F6500072696E6720696E74657272757074206865
:10F66000616E646C696E670A0043757272656E74D0
:10F67000207468726561643A2025702028257329FA
:10F680000043505520657863657074696F6E00554E
:10F690006E68616E646C656420696E746572727503
:10F6A000707400537461636B206F766572666C6F63
:10F6B00077004B65726E656C206F6F7073004B65E1
:10F6C000726E656C2070616E6963006D61696E00B9
:10F6D0006F7300737973776F726B71004145532DAF
:10F6E0003235362D43434D2A2D4E4F2D5441470080
:10F6F0004145532D3139322D43434D2A2D4E4F2D47
:10F70000544147004145532D3132382D43434D2A52
:10F710002D4E4F2D544147004145532D3235362D46
:10F7200043434D004145532D3139322D43434D0064
:10F730004145532D3132382D43434D004145532D22
:10F740003235362D47434D004145532D3139322D49
:10F7500047434D004145532D3132382D47434D002D
:10F760004145532D3235362D454342004145532DF9
:10F770003139322D454342004145532D3132382D28
:10F7800045434200696E76616C696400646574612A
:10F7900063686564006368696C6400726F757465A2
:10F7A00072006C656164657200612F616500612F94
:10F7B000616E00612F617100612F617200612F61C4
:10F7C0007300612F736400612F796C00622F626196
:10F7D00000622F626D7200622F627100632F61629E
:10F7E00000632F616700632F617200632F617300F4
:10F7F000632F636100632F636700632F637000638F
:10F800002F637300632F646300632F657200632F9F
:10F81000657300632F6A6500632F6A6600632F6C4F
:10F820006100632F6C7000632F6E6A00632F6E6B34
:10F8300000632F6E6C00632F6E7200632F6E730077
:10F84000632F706300632F706700632F7071006314
:10F850002F707300632F727800632F746500632F1D
:10F86000747800632F757200632F757400642F64C1
:10F870006100642F646700642F647100642F6472F8
:10F8800000682F616E00682F7179006E2F646E0022
:10F890006E2F6472006E2F6D72002A666C6F617439
:10F8A0002A0002409D1A5F2B8E3D9C7F4A1E6BD121
:10F8B000C2F8A302409D1A5F2B8E3D9C7F4A1E6BAF
:10F8C000D0C2F8A3206D657373616765732064729D
:10F8D0006F70706564202D2D2D0D0A1B5B306D003F
:10F8E0001B5B313B33316D2D2D2D200000000000BE
:10F8F00001465320436F6E66696775726174696F64
:10F900006E0058656E6F6E2053656E736F72204384
:10F910006F6E736F6C65005A6570687972205072F3
:10F920006F6A6563740030313233343536373839B5
:10F930004142434445460000FFFFFFFFFFFF000038
:10F940000000000000FFFFFFFFFFFF0000000000BD
:10F9500000303132333435363738396162636465AB
:10F9600066000000000000001000800000805F9B27
:10F9700034FB01040002000000020000000000004F
:10F980000005000000000000000000000000000072
:10F9900000056174745F74785F64657374726F7965
:10F9A0005F776F726B5F68616E646C6572000007F1
:10F9B0000E091C1B1215383F363124232A2D000056
:10F9C0000000000000000601050104010702030118
:10F9D0000502020103020504010101020103010401
:10F9E00001060108010C01100118012001400180ED
:10F9F000D810200C000000000001020304050607D7
:10FA00000000010000000000000000FFFFFFFFFFFA
:10FA1000FFFF02FFFFFF08D8D8ECECF0F0F4F4F899
:10FA2000F8FCFC00000202030304040505060607B7
:10FA3000070808002030303030303030303030307F
:10FA40003030300001090000000D010203040506FA
:10FA5000070810141400001C2030401C2000001C5B
:10FA600020304010141400001C2030401C200000E6
:10FA70001C2030404040400000404080808080009A
:10FA8000009088684810141400001C2030401C208E
:10FA900000001C20304052096AD53036A538BF40DE
:10FAA000A39E81F3D7FB7CE339829B2FFF87348EA3
:10FAB0004344C4DEE9CB547B9432A6C2233DEE4CD2
:10FAC000950B42FAC34E082EA16628D924B2765B64
:10FAD000A2496D8BD12572F8F66486689816D4A475
:10FAE0005CCC5D65B6926C704850FDEDB9DA5E1580
:10FAF0004657A78D9D8490D8AB008CBCD30AF7E401
:10FB00005805B8B34506D02C1E8FCA3F0F02C1AFAF
:10FB1000BD0301138A6B3A9111414F67DCEA97F2FA
:10FB2000CFCEF0B4E67396AC7422E7AD3585E2F93A
:10FB300037E81C75DF6E47F11A711D29C5896FB74B
:10FB4000620EAA18BE1BFC563E4BC6D279209ADB29
:10FB5000C0FE78CD5AF41FDDA8338807C731B11233
:10FB600010592780EC5F60517FA919B54A0D2DE52A
:10FB70007A9F93C99CEFA0E03B4DAE2AF5B0C8EB4D
:10FB8000BB3C83539961172B047EBA77D626E16973
:10FB9000146355210C7D637C777BF26B6FC530015C
:10FBA000672BFED7AB76CA82C97DFA5947F0ADD430
:10FBB000A2AF9CA472C0B7FD9326363FF7CC34A504
:10FBC000E5F171D8311504C723C31896059A0712B9
:10FBD00080E2EB27B27509832C1A1B6E5AA0523BA8
:10FBE000D6B329E32F8453D100ED20FCB15B6ACB5F
:10FBF000BE394A4C58CFD0EFAAFB434D338545F967
:10FC0000027F503C9FA851A3408F929D38F5BCB60F
:10FC1000DA2110FFF3D2CD0C13EC5F974417C4A781
:10FC20007E3D645D197360814FDC222A908846EE28
:10FC3000B814DE5E0BDBE0323A0A4906245CC2D31C
:10FC4000AC629195E479E7C8376D8DD54EA96C56B5
:10FC5000F4EA657AAE08BA78252E1CA6B4C6E8DDAB
:10FC6000741F4BBD8B8A703EB5664803F60E613536
:10FC700057B986C11D9EE1F8981169D98E949B1ED3
:10FC800087E9CE5528DF8CA1890DBFE642684199EE
:10FC90002D0FB054BB164F50454E54485245414469
:10FCA0002F6534643937363831633B205A657068C4
:10FCB00079723B2053657020203520323032362057
:10FCC00031353A34363A343600010178581686FD1B
:10FCD000B4580FB092546AECBD15663506FEB823D1
:10FCE000D4871205030201000503050404064F70C2
:10FCF000656E54687265616400DEAD00BEEF00CAD7
:10FD0000FE010203048081005468726561640C0C7A
:10FD10000A0402020A0C090C09FDDEAD00BEEF0068
:10FD200000005A65706879722D4F542D76312E304F
:10FD3000005A65706879722D4F70656E54687265EF
:10FD40006164005A657068797200000100FF00006C
:10FD500000000000D56D0000000000000001000060
:10FD60000000000000000000000000000000000093
:10FD70000000000000000000000000000000000083
:10FD8000C09D040000C20100000008000000000047
:10FD90000000000000000000000000000000000063
:10FDA0000000000000000000000000000000000053
:10FDB0000000000000000000C0040020000000005F
:10FDC000AC04002000000000000000000000000063
:10FDD0000000000000000000000000000000000023
:10FDE0000000000000000000000000000000000013
:10FDF0000000000000000000000000000000000003
:10FE0000000000000000000000000000BC00002016
:10FE1000BC0000200000000001000000CC00002019
:10FE2000CC000020000000000000000000000000E6
:10FE300000000000000000000000000000000000C2
:10FE400000000000000000000000000000000000B2
:10FE500000000000000000000000000000000000A2
:10FE60000000000000000000000000000000000092
:10FE70000000000000000000000000000000000082
:10FE80000000000000000000000000000000000072
:10FE90000000000000000000000000000000000062
:10FEA0000000000000000000000000000000000052
:10FEB0000000000000000000000000000000000042
:10FEC0000000000000000000000000000000000032
:10FED0000000000000000000000000000000000022
:10FEE0000000000000000000000000000000000012
:10FEF0004D8600000000000000000000000000002F
:10FF000000000000000000000000000000000000F1
:10FF100000000000000000000000000000000000E1
:10FF200000000000000000000000000000000000D1
:10FF300000000000000000000000000000000000C1
:10FF400000000000000000000000000000000000B1
:10FF500000000000000000000000000000000000A1
:10FF60000000000000000000000000000000000091
:10FF70000000000000000000000000000000000081
:10FF80000000000000000000000000000000000071
:10FF90000000000000000000149E040000000000AB
:10FFA0001F00000000000000FFFFFFFFFF1F000018
:10FFB0000000000064020020640200200000000035
:10FFC0000100000074020020740200207C02002066
:10FFD0007C02002000000000010000008C020020D4
:10FFE0008C02002000000000000000000000000063
:10FFF0000000000000000000000000000000000001
:020000025000AC
:1000000000000000000000000000000000000000F0
:1000100000000000000000000000000000000000E0
:1000200000000000000000000000000000000000D0
:1000300000000000000000000000000000000000C0
:1000400000000000000000000000000000000000B0
:1000500000000000000000000000000000000000A0
:10006000372503000000000000000000FFFFFFFF35
:100070000000000000000000000000007D1B0000E8
:100080000000000000000000A2F8040000001200C0
:100090009D2C03008F3B030014A40400000000000B
:1000A0004CA4040000000000810C00206803002024
:1000B0000000000000000000000000000000000040
:1000C0000004010000000000F1F804002203000019
:1000D000000000000000000000030300000000001A
:1000E000000000000003000000000000000000000D
:1000F000000201000000000002F904002A030000D1
:1001000000000000000000000001010000000000ED
:1001100017F904001E0300000000000000000000AA
:10012000000000000000000004BC04000403000004
:100130000ABC04000000020016BC0400000002001B
:1001400022BC04000000020000000000FD4103008A
:100150000000000000000000080400200804002047
:1001600000000000000000000E00000000600040E1
:10017000000000000000000000000000000000007F
:10018000000000000000000000000000000000006F
:10019000000000000000000000000000000000005F
:1001A000000000000000000000000000000000004F
:1001B000000000000000000000000000000000003F
:1001C000000000000000000000000000000000002F
:1001D000000000000000000000000000000000001F
:1001E000000000000000000000000000000000000F
:1001F0000000000000000000000000007035012039
:1002000000000000000000000000000000040000EA
:100210007039012000000000000000000000000014
:1002200000040000F1C904000000000014050020D3
:1002300000000000C09D04009C0C0020A40C0020C5
:10024000AD0C0020B20C0020B70C0020BB0C00202D
:10025000C00C0020C70C0020D00C0020D70C0020C0
:10026000DE0C002000000000174B03009B4C030035
:10027000F94C03004B4F0300DD4B0300774D0300A7
:1002800000000000495203005D4D0300654C03006F
:1002900000000000194B030000000000C9880000A6
:1002A0000000000000000000000000008D7600004B
:1002B000000000000000000000000000A9990000FC
:1002C0000000000000000000000000006194000039
:1002D0000000000000000000C1A80000E5B7000019
:1002E0000000000000000000000000007DAA0000E7
:1002F0003F600300096103007DA8000000000000CA
:1003000000000000D5B40000000000000000000064
:1003100036BC04000000020042BC040000000A00D9
:1003200052BC04000000200000000000000000009B
:100330000000000000000000036403000000000053
:1003400000000000F07F00200000000021EE00000F
:1003500000000000F87F00200000000069E20000BB
:10036000000000000080002000000000A1540100F7
:10037000000000000880002000000000A1540100DF
:1003800000000000108000200000000091DF00004D
:1003900000000000F488002000000000ED5D010076
:1003A00000000000FC88002000000000A1540100B3
:1003B0000000000004890020000000003903010053
:1003C000000000007889002000000000650A01009C
:1003D000000000008089002000000000A1540100FE
:1003E000000000008889002000000000F10B0100DF
:1003F000000000009089002000000000811301002F
:1004000000000000B48A002000000000048B0020DF
:1004100000000000A48B002000000000548C00208D
:1004200000000000F5670100000000007C8C002047
:100430000000000071510100000000009C8C0020B1
:1004400000000000A154010000000000B490002052
:1004500000000000E9D2000000000000AC90002085
:1004600000000000E9D2000000000000A49000207D
:100470000000000015CF0000000000009C9000204C
:1004800000000000E9D2000000000000949000206D
:100490000000000015CF0000000000008C9000203C
:1004A00000000000E9D200006407002023A9030037
:1004B0000800000000FF58000000000000000000DD
:1004C0002BA8030000000000000000000000000056
:1004D000000000000000000000000000000000001C
:1004E000000000000000000000000000000000000C
:1004F00000000000000000000000000000000000FC
:1005000000000000000000000000000000000000EB
:1005100000000000000000000000000000FF580084
:1005200000000000000000002BA8030000000000F5
:1005300000000000000000000000000000000000BB
:1005400000000000000000000000000000000000AB
:10055000000000000000000000000000000000009B
:10056000000000000000000000000000000000008B
:10057000000000000000000000000000000000007B
:100580000000000000FF5800000000000000000014
:100590002BA8030000000000000000000000000085
:1005A000000000000000000000000000000000004B
:1005B000000000000000000000000000000000003B
:1005C000000000000000000000000000000000002B
:1005D000000000000000000000000000000000001B
:1005E00000000000000000000000000000FF5800B4
:1005F00000000000000000002BA803000000000025
:1006000000000000000000000000000000000000EA
:1006100000000000000000000000000000000000DA
:1006200000000000000000000000000000000000CA
:1006300000000000000000000000000000000000BA
:1006400000000000000000000000000000000000AA
:100650000000000000FF5800000000000000000043
:100660002BA80300000000000000000000000000B4
:10067000000000000000000000000000000000007A
:10068000000000000000000000000000000000006A
:10069000000000000000000000000000000000005A
:1006A000000000000000000000000000000000004A
:1006B00000000000000000000000000000FF5800E3
:1006C00000000000000000002BA803000000000054
:1006D000000000000000000000000000000000001A
:1006E000000000000000000000000000000000000A
:1006F00000000000000000000000000000000000FA
:1007000000000000000000000000000000000000E9
:1007100000000000000000000000000000000000D9
:100720000000000000FF5800000000000000000072
:100730002BA80300000000000000000000000000E3
:1007400000000000000000000000000000000000A9
:100750000000000000000000000000000000000099
:100760000000000000000000000000000000000089
:100770000000000000000000000000000000000079
:1007800000000000000000000000000000FF580012
:1007900000000000000000002BA803000000000083
:1007A0000000000000000000000000000000000049
:1007B0000000000000000000000000000000000039
:1007C0000000000000000000000000000000000029
:1007D0000000000000000000000000000000000019
:1007E0000000000000000000000000000000000009
:1007F00000000000000000000000000000000000F9
:1008000000000000000000000000000000000000E8
:1008100000000000000000000000000000000000D8
:1008200000000000000000000000000000000000C8
:1008300000000000000000000000000000000000B8
:1008400000000000000000000000000000000000A8
:100850000000000000000000000000000000000098
:100860000000000000000000000000000000000088
:100870000000000000000000280B0020280B0020D2
:1008800000000000000000000E000000000000005A
:100890000000000000000000000000000000000058
:1008A0000000000000000000680B002000000000B5
:1008B0000000000000000000000000000000000038
:1008C000BCAB00202000000000000000003002400F
:1008D0000000000000000000000000000000000018
:1008E0000000000000000000000000000000000008
:1008F00000000000000000000000000000000000F8
:1009000090AF040001000000B80B0020B80B0020DD
:100910000000000001000000C80B0020C80B0020F0
:10092000D00B0020D00B00200000000001000000D0
:10093000E00B0020E00B00200000000000000000A1
:1009400000000000000000000000000000000000A7
:100950000000000000000000000000000000000097
:10096000849E04000000000000000000E8AF0400C6
:10097000D20000000090D003FF0000000000000043
:100980009D55020000000000000000000000000073
:10099000A1590200000000000000000090020000C9
:1009A000500C0020500C0020FFFFFFFF5C0C0020CB
:1009B0005C0C0020F59A0400A5500000C150000016
:1009C000409D1A5F2B8E3D9C7F4A1E6BD0C2F8A3C0
:1009D0000609020000000100807D12010002EF0202
:1009E0000140E32F0400040400000000080B000293
:1009F00002020000090400000102020000052400B8
:100A0000100105240100010424020205240600014E
:100A10000705810310000A09040100020A00000012
:100A200007058202400000070501024000000000A7
:010A300014B1
:100A3400F5E30300D5DC03000000000071CF0300E0
:100A4400F89D0400EDD10300000000004D410300B7
:100A5400000000004D410300000000004D41030070
:100A64001C040020EFCE0300A9510200D5DC0300D2
:100A7400000000004D410300000000004D41030050
:100A8400000000004D410300000000004D41030040
:100A9400D89E040061F4010048A0002089E0010010
:100AA400000000004D410300000000004D41030020
:100AB400000000004D41030000000000E5020200B8
:100AC400000000004D410300000000004D41030000
:100AD400000000004D410300000000004D410300F0
:100AE400000000004D410300000000004D410300E0
:100AF400000000004D410300000000004D410300D0
:100B0400000000004D410300000000004D410300BF
:100B1400000000004D410300000000004D410300AF
:100B2400000000004D410300000000004D4103009F
:100B3400000000004D410300000000004D4103008F
:100B4400000000004D4103007C0B002063E603001D
:100B5400000000004D410300000000004D4103006F
:100B6400000000004D41030019CD0100D5DC030055
:100B7400000000004D410300000000004D4103004F
:100B8400000000004D410300000000004D4103003F
:100B9400000000004D410300000000004D4103002F
:100BA400000000004D410300000000004D4103001F
:100BB4000000000000000000000000000000000031
:100BC4000000000000000000000000000000000021
:100BD4000000000000000000000000000000000011
:100BE4000000000000000000000000000000000001
:100BF40000000000000000000000000000000000F1
:100C040000000000000000000000000000000000E0
:040C140000000000DC
:040C180000000000D8
:100C200000000000000000000000000000000000C4
:100C3000397F020000000000E80E0020E80E0020CE
:100C4000B957020000000000000000000000000092
:100C50000000000000000000000000000000000094
:100C60000000000000000000397F020000000000CA
:100C7000200F0020200F0020A7DC03000000000050
:100C80000000000000000000000000000000000064
:100C9000400F0020400F002000000000B01801208D
:100CA0000000000001000000300000000000000013
:100CB000600F0020600F00200000000020DA0020FC
:100CC0000000000001000000B8000000000000006B
:100CD000800F0020800F002000000000E01801209D
:100CE00000000000030000001000000000000000F1
:100CF000A00F0020A00F002000000000E02D012028
:100D0000000000000400000054000000000000008B
:100D1000C00F0020C00F002000000000902C012018
:100D2000000000000400000054000000000000006B
:100D3000E00F0020E00F002000000000FC0E01206A
:100D4000000000000800000010000000000000008B
:100D500000000000380D01204C01000000000000E0
:100D6000000000000000000000000000302F012003
:100D7000000400000000000000000000000000006F
:100D800030100020301000200000000000000000A3
:100D90000E0000004410002044100020000000005D
:100DA000000000000E000000581000205810002025
:100DB00000000000000000000E0000006C10002089
:100DC0006C10002000000000000000000E00000079
:100DD00080100020801000200000000000000000B3
:100DE0000E0000009410002094100020000000006D
:100DF000000000000E000000A8100020A810002035
:100E000000000000000000000E000000BC100020E8
:100E1000BC10002000000000000000000E000000D8
:100E2000D0100020D01000200000000000000000C2
:040E30000E000000B0
:100E3400E4100020E4100020000000000C0000007A
:100E44000A000000840E0120FC0E0120840E012003
:100E5400840E0120000000000C1100200C11002061
:040E6400000000008A
:100E6800181100201811002001000000FFFFFFFFEB
:100E780028110020281100203011002030110020F6
:100E88000100000001000000401100204011002076
:100E98004811002048110020000000000100000057
:100EA8005811002058110020601100206011002006
:100EB80000000000FFFFFFFF7011002070110020EC
:100EC80078110020781100200000000001000000C7
:100ED8008811002088110020901100209011002016
:100EE8000000000001000000A0110020A011002057
:100EF800A8110020A8110020000000000000000038
:100F0800000000000000000000000000C4110020E4
:100F1800C4110020CC110020CC11002000000000DA
:100F28000000000000000000E0110020E011002097
:100F3800E8110020E8110020000000000000000077
:100F480000000000FC110020FC1100200412002009
:040F5800041200205F
:080F5C000C1200200C12002011
:100F6400000000000000000000000000201200202B
:100F74002012002028120020281200200000030064
:100F8400030010000000000020A7040058170120EF
:100F940000000000000000000000000050120020CB
:100FA40050120020581200205812002000000300A4
:100FB4000300100019A80000BCA704003818012081
:100FC400000000000000000000000000801200206B
:100FD40080120020881200208812002000000300E4
:100FE400030000000000000098A50400AC140120D8
:100FF400000000000000000000000000B01200200B
:10100400B0120020B8120020B81200200000010025
:1010140001001000159400000CA70400D016012054
:10102400000000000000000000000000E0120020AA
:10103400E0120020E8120020E81200200000020064
:101044000200000000000000D4A60400A016012045
:101054000000000000000000000000001013002049
:1010640010130020181300201813002000000C0097
:101074000C0004001571000084A50400D0120120A6
:1010840000000000000000000000000040130020E9
:1010940040130020481300204813002000001000D3
:1010A400100004000000000048AD0400D02A012014
:1010B4000000000000000000000000007013002089
:1010C4007013002078130020781300200000010022
:1010D4000100000000000000ACA50400F815012088
:1010E400000000000000000000000000A013002029
:1010F400A0130020A8130020A81300200000100053
:10110400100004000000000034AD04001021012090
:10111400000000000000000000000000D0130020C8
:10112400D0130020D8130020D81300200000100092
:1011340010000A0033C1030064AD04003033012001
:10114400381400200000000000000000000000002F
:10115400000000000000000000000000000000008B
:10116400000000000000000000000000000000007B
:10117400000000000000000000000000000000006B
:10118800BC9E040060140020F4A0002000020000AF
:101198000000000000000000000000050000000042
:0811A80000000000000000003F
:1011B000076C0300376C0300FD6B0300A56B030095
:0411C000000000002B
:1011C4003ECA04000000000000000000000000000F
:1011D4000000000000000000309E04000000000039
:1011E40000000000000000000000000000000000FB
:1011F40000000000000000000000000000000000EB
:1012040000000000000000000000000000000000DA
:1012140000000000000000000000000000000000CA
:1012240000000000000000000000000000000000BA
:10123400000000008A0C00200000000000000000F4
:1012440000000000D40400200000000000000000A2
:08125400000000000000000092
:04125C0015E015E0A4
:0400000300004A4D62
:00000001FF
